excluded_id,source_kind,sample_id,platform_source,unit_text,exclusion_reason,recoverable,notes
BILI_0002_U01,bili_rule_based_proposal_uncertain,BILI_0002,Bili,up主感觉有点抽象啊，后续的叠角龙刷出来用不到不拿就行了，就污染卡池多大点事，整一局下来也不见有多少人能有羁绊的，卡池就是长这样，不污染能有几个好东西,规则基线提案 include_as_evidence=uncertain（默认不计入正式分析分子，单独标记）,yes,保留在 provisional 但 analysis_inclusion_status=included_flagged_uncertain
AP_0003,bili_rule_based_proposal,BILI_0002,Bili,再说羁绊也能加强升级狂妄效果，我的理解是只要这英雄适合开局出狂妄的，开局来必拿，但是本人也很反感有些人选个adc开局没亮剑硬出狂妄的（男枪除外）,规则基线提案 include_as_evidence=no（过短/上下文依赖/无机制指向）,yes,无明确机制指向且依赖上下文，暂不作为独立证据
AP_0004,bili_rule_based_proposal,BILI_0002,Bili,一开始海斗出的时候，还没羁绊，我也没仔细看，一直以为神级狂妄是陷阱，后面才发现加移速,规则基线提案 include_as_evidence=no（过短/上下文依赖/无机制指向）,yes,无明确机制指向且依赖上下文，暂不作为独立证据
BILI_0002_U02,bili_rule_based_proposal_uncertain,BILI_0002,Bili,我才意识到这是神中神，很多刺客英雄多点移速手感都不一样了,规则基线提案 include_as_evidence=uncertain（默认不计入正式分析分子，单独标记）,yes,保留在 provisional 但 analysis_inclusion_status=included_flagged_uncertain
BILI_0005_U01,bili_rule_based_proposal_uncertain,BILI_0005,Bili,之前有一把，我跟朋友双排，匹配队友是三排，我朋友肉我女枪，前期我顺风打的对面还不了手，三排开始疯狂浪，各种冲塔送，追到人家门牙送，技能打团不交留着各种k残血头，最后对面海克斯也糊了，我们被暴打，这三个崽种想投降了，我跟我朋友就是反对，几次之后他们三个直接全退，最后全体打字我朋友跟对面互刚，对面不打我我清兵线，一直打了一个多小时，中途三排以为输了，重连了好几次，最后对面爽完了让我推了赢了，没别的，就想制裁一下这种浪13队友,规则基线提案 include_as_evidence=uncertain（默认不计入正式分析分子，单独标记）,yes,保留在 provisional 但 analysis_inclusion_status=included_flagged_uncertain
AP_0010,bili_rule_based_proposal,BILI_0007,Bili,确实，千万别一个人玩LOL，昨晚一把队友四个adc被人叼起来锤，然后开始发信号标记我装备，说我躲在后面干嘛，问题是，我是星妈啊,规则基线提案 include_as_evidence=no（过短/上下文依赖/无机制指向）,yes,无明确机制指向且依赖上下文，暂不作为独立证据
BILI_0007_U01,bili_rule_based_proposal_uncertain,BILI_0007,Bili,我要是一个人冲上去全解决了还要他们干嘛,规则基线提案 include_as_evidence=uncertain（默认不计入正式分析分子，单独标记）,yes,保留在 provisional 但 analysis_inclusion_status=included_flagged_uncertain
BILI_0007_U02,bili_rule_based_proposal_uncertain,BILI_0007,Bili,说我不选前排要玩个屁用没有的星妈,规则基线提案 include_as_evidence=uncertain（默认不计入正式分析分子，单独标记）,yes,保留在 provisional 但 analysis_inclusion_status=included_flagged_uncertain
BILI_0008_U01,bili_rule_based_proposal_uncertain,BILI_0008,Bili,狂妄就是大乱斗刺客的底层代码，而移速更是刺客很重要的一个属性我不知道有什么理由不选升级狂妄，而且还给钱出门多一个散件,规则基线提案 include_as_evidence=uncertain（默认不计入正式分析分子，单独标记）,yes,保留在 provisional 但 analysis_inclusion_status=included_flagged_uncertain
BILI_0010_U02,bili_rule_based_proposal_uncertain,BILI_0010,Bili,最超模的当属凡性,规则基线提案 include_as_evidence=uncertain（默认不计入正式分析分子，单独标记）,yes,保留在 provisional 但 analysis_inclusion_status=included_flagged_uncertain
AP_0022,bili_rule_based_proposal,BILI_0012,Bili,一开始我也不信邪，认为ap女枪是邪教，先后试过了暴击攻速流，上去点两枪，人快被aoe干死了，又试了穿甲大招流，大招被打断就有点查无此人了，要么开大原地等着被人切,规则基线提案 include_as_evidence=no（过短/上下文依赖/无机制指向）,yes,无明确机制指向且依赖上下文，暂不作为独立证据
AP_0023,bili_rule_based_proposal,BILI_0012,Bili,最后，还得是ap女枪，把对面丢残血了，队友就嗷嗷冲上去了,规则基线提案 include_as_evidence=no（过短/上下文依赖/无机制指向）,yes,无明确机制指向且依赖上下文，暂不作为独立证据
AP_0025,bili_rule_based_proposal,BILI_0013,Bili,反甲，属性和价格还算不错,规则基线提案 include_as_evidence=no（过短/上下文依赖/无机制指向）,yes,无明确机制指向且依赖上下文，暂不作为独立证据
BILI_0013_U04,bili_rule_based_proposal_uncertain,BILI_0013,Bili,这不恶心人吗,规则基线提案 include_as_evidence=uncertain（默认不计入正式分析分子，单独标记）,yes,保留在 provisional 但 analysis_inclusion_status=included_flagged_uncertain
BILI_0013_U05,bili_rule_based_proposal_uncertain,BILI_0013,Bili,鬼书，看一次想骂一次的装备,规则基线提案 include_as_evidence=uncertain（默认不计入正式分析分子，单独标记）,yes,保留在 provisional 但 analysis_inclusion_status=included_flagged_uncertain
BILI_0013_U07,bili_rule_based_proposal_uncertain,BILI_0013,Bili,但鬼书2850的价格不算低了，结果要法强没法强，要cd没cd，本身也不提供蓝量,规则基线提案 include_as_evidence=uncertain（默认不计入正式分析分子，单独标记）,yes,保留在 provisional 但 analysis_inclusion_status=included_flagged_uncertain
AP_0033,bili_rule_based_proposal,BILI_0013,Bili,链锯剑，价格属性中规中矩,规则基线提案 include_as_evidence=no（过短/上下文依赖/无机制指向）,yes,无明确机制指向且依赖上下文，暂不作为独立证据
AP_0035,bili_rule_based_proposal,BILI_0013,Bili,出是能出，但也是捏着鼻子的出,规则基线提案 include_as_evidence=no（过短/上下文依赖/无机制指向）,yes,无明确机制指向且依赖上下文，暂不作为独立证据
AP_0036,bili_rule_based_proposal,BILI_0013,Bili,矛盾最尖锐的绿穿和红穿,规则基线提案 include_as_evidence=no（过短/上下文依赖/无机制指向）,yes,无明确机制指向且依赖上下文，暂不作为独立证据
BILI_0013_U10,bili_rule_based_proposal_uncertain,BILI_0013,Bili,是，暴击adc几乎都该出绿穿而不是红穿,规则基线提案 include_as_evidence=uncertain（默认不计入正式分析分子，单独标记）,yes,保留在 provisional 但 analysis_inclusion_status=included_flagged_uncertain
AP_0038,bili_rule_based_proposal,BILI_0013,Bili,红穿存在的意义在哪,规则基线提案 include_as_evidence=no（过短/上下文依赖/无机制指向）,yes,无明确机制指向且依赖上下文，暂不作为独立证据
BILI_0013_U14,bili_rule_based_proposal_uncertain,BILI_0013,Bili,最后，凭什么重伤装备就这4件,规则基线提案 include_as_evidence=uncertain（默认不计入正式分析分子，单独标记）,yes,保留在 provisional 但 analysis_inclusion_status=included_flagged_uncertain
BILI_0013_U15,bili_rule_based_proposal_uncertain,BILI_0013,Bili,你设计师不是喜欢搞镜像产物吗,规则基线提案 include_as_evidence=uncertain（默认不计入正式分析分子，单独标记）,yes,保留在 provisional 但 analysis_inclusion_status=included_flagged_uncertain
AP_0045,bili_rule_based_proposal,BILI_0013,Bili,恶心坦克玩家吗,规则基线提案 include_as_evidence=no（过短/上下文依赖/无机制指向）,yes,过短且无明确机制指向，视为语气/连接片段
BILI_0013_U17,bili_rule_based_proposal_uncertain,BILI_0013,Bili,为什么没有带穿甲的重伤装备,规则基线提案 include_as_evidence=uncertain（默认不计入正式分析分子，单独标记）,yes,保留在 provisional 但 analysis_inclusion_status=included_flagged_uncertain
BILI_0013_U18,bili_rule_based_proposal_uncertain,BILI_0013,Bili,逼刺客玩家去选择链锯剑，恶心刺客玩家吗,规则基线提案 include_as_evidence=uncertain（默认不计入正式分析分子，单独标记）,yes,保留在 provisional 但 analysis_inclusion_status=included_flagged_uncertain
BILI_0013_U20,bili_rule_based_proposal_uncertain,BILI_0013,Bili,绿穿红穿都能设计两件，给攻速流英雄设计一件很难吗,规则基线提案 include_as_evidence=uncertain（默认不计入正式分析分子，单独标记）,yes,保留在 provisional 但 analysis_inclusion_status=included_flagged_uncertain
BILI_0014_U02,bili_rule_based_proposal_uncertain,BILI_0014,Bili,我见过太多自以为自己很c的后排玩家，把把抱着个红穿不撒手，被对面战士刺客大爹两刀剁死然后无能狂怒,规则基线提案 include_as_evidence=uncertain（默认不计入正式分析分子，单独标记）,yes,保留在 provisional 但 analysis_inclusion_status=included_flagged_uncertain
BILI_0016_U01,bili_rule_based_proposal_uncertain,BILI_0016,Bili,这版本胡羁绊比上版本爽的多，四随机谁玩谁知道，20分钟四十层锻体，四叠四鞭炮也贼夸张,规则基线提案 include_as_evidence=uncertain（默认不计入正式分析分子，单独标记）,yes,保留在 provisional 但 analysis_inclusion_status=included_flagged_uncertain
BILI_0016_U02,bili_rule_based_proposal_uncertain,BILI_0016,Bili,缺点就是胡出来太强了，强到对面没有一点希望，二塔一掉就点了，爽不起来,规则基线提案 include_as_evidence=uncertain（默认不计入正式分析分子，单独标记）,yes,保留在 provisional 但 analysis_inclusion_status=included_flagged_uncertain
BILI_0016_U03,bili_rule_based_proposal_uncertain,BILI_0016,Bili,我现在一胡就在想怎么控温，偶尔死一两波,规则基线提案 include_as_evidence=uncertain（默认不计入正式分析分子，单独标记）,yes,保留在 provisional 但 analysis_inclusion_status=included_flagged_uncertain
BILI_0017_U01,bili_rule_based_proposal_uncertain,BILI_0017,Bili,更新的一坨，之前海克斯好玩是因为合理的海克斯可以更好的发挥每个英雄的特性，让很多本来不适合大乱斗的英雄也能玩起来,规则基线提案 include_as_evidence=uncertain（默认不计入正式分析分子，单独标记）,yes,保留在 provisional 但 analysis_inclusion_status=included_flagged_uncertain
BILI_0017_U02,bili_rule_based_proposal_uncertain,BILI_0017,Bili,现在则是海克斯+羁绊远大于英雄特性本身了，举个例子中东套，任何英雄拿个俯冲轰炸+大运都可以无脑雪球直接冲过去炸就完事,规则基线提案 include_as_evidence=uncertain（默认不计入正式分析分子，单独标记）,yes,保留在 provisional 但 analysis_inclusion_status=included_flagged_uncertain
AP_0059,bili_rule_based_proposal,BILI_0017,Bili,见面就是互秒，无聊的一比,规则基线提案 include_as_evidence=no（过短/上下文依赖/无机制指向）,yes,无明确机制指向且依赖上下文，暂不作为独立证据
BILI_0018_U01,bili_rule_based_proposal_uncertain,BILI_0018,Bili,其实我觉得一个游戏在大家都不会玩的时候才是最好玩的，因为当一个人自己和他人都会玩后往往都开始注重所谓提升技术，或则说执着于打出一些惊人操作，能意识到队友是猪的拉对面是小代的好而生气，以及各种因素，而海斗则是通过加入新机制，来一定程度上削弱了大部分玩家通过曾经的游戏经验带来的技术提升，并出现很多运气大于操作的游戏体验,规则基线提案 include_as_evidence=uncertain（默认不计入正式分析分子，单独标记）,yes,保留在 provisional 但 analysis_inclusion_status=included_flagged_uncertain
BILI_0018_U02,bili_rule_based_proposal_uncertain,BILI_0018,Bili,从而给了不少人不错的体验吧，不用像排位那么执着输赢和技术，回归了开游戏就是想来把爽局,规则基线提案 include_as_evidence=uncertain（默认不计入正式分析分子，单独标记）,yes,保留在 provisional 但 analysis_inclusion_status=included_flagged_uncertain
BILI_0019_U01,bili_rule_based_proposal_uncertain,BILI_0019,Bili,我遇到的几个新手，把把出狂徒心之钢当陀螺，然后把把说坐牢，没感觉他们有多爽,规则基线提案 include_as_evidence=uncertain（默认不计入正式分析分子，单独标记）,yes,保留在 provisional 但 analysis_inclusion_status=included_flagged_uncertain
BILI_0019_U02,bili_rule_based_proposal_uncertain,BILI_0019,Bili,按照阵容出装虐对面不比被虐爽吗,规则基线提案 include_as_evidence=uncertain（默认不计入正式分析分子，单独标记）,yes,保留在 provisional 但 analysis_inclusion_status=included_flagged_uncertain
BILI_0021_U01,bili_rule_based_proposal_uncertain,BILI_0021,Bili,提莫低等英雄，萨芬纯种高等英雄，w是丢子关键移速，e技能是高贵的穿兵线穿人控制，同类型的妮寇e短的离谱，光辉只能穿两，出了冰杖就是全游戏最高贵的丢子控制，cd也不算长，r在大乱斗地形也是随便放，纯纯的高等英雄，海克斯适配度也高，银色扇巴掌，家园卫士，法师通用类，金色cd，叠角龙系列全能完美消化，法师系都吃，棱彩法师系都吃，残忍裂隙这种拿到也是瞎几把乱杀，怎么玩怎么赢，队友没控制就e抽奖，队友有控制就e后放稳定控制链，总结就是高等丢子英雄,规则基线提案 include_as_evidence=uncertain（默认不计入正式分析分子，单独标记）,yes,保留在 provisional 但 analysis_inclusion_status=included_flagged_uncertain
BILI_0023_U01,bili_rule_based_proposal_uncertain,BILI_0023,Bili,之前海克斯差点还能靠操作弥补一下，现在胡了是真的挡不住，甩个技能特效满天飞，经济高你大几千，也不是说要平衡，但是至少也要给用操作战胜运气的余地吧,规则基线提案 include_as_evidence=uncertain（默认不计入正式分析分子，单独标记）,yes,保留在 provisional 但 analysis_inclusion_status=included_flagged_uncertain
BILI_0024_U01,bili_rule_based_proposal_uncertain,BILI_0024,Bili,玩了300多把海斗，印象中提莫没有正战绩过，不管对面还是己方，为什么我会记住提莫的战绩，之前有人提醒我这个英雄是吸队友血的，我就默默记住了,规则基线提案 include_as_evidence=uncertain（默认不计入正式分析分子，单独标记）,yes,保留在 provisional 但 analysis_inclusion_status=included_flagged_uncertain
BILI_0025_U01,bili_rule_based_proposal_uncertain,BILI_0025,Bili,这个通行证现在分循环任务和周常任务，周常是每周打3把无论输赢给600经验，循环是每两把给200经验,规则基线提案 include_as_evidence=uncertain（默认不计入正式分析分子，单独标记）,yes,保留在 provisional 但 analysis_inclusion_status=included_flagged_uncertain
BILI_0025_U02,bili_rule_based_proposal_uncertain,BILI_0025,Bili,通行证一共32级，150经验升一级，升满需要4800经验,规则基线提案 include_as_evidence=uncertain（默认不计入正式分析分子，单独标记）,yes,保留在 provisional 但 analysis_inclusion_status=included_flagged_uncertain
BILI_0025_U03,bili_rule_based_proposal_uncertain,BILI_0025,Bili,如果像我平时只打人机、打海斗只为了做做任务拿拿活动给的皮肤这样，每周只打三把做个周常的话，一周平均下来是900经验，就打五到六周差不多能打满的样子,规则基线提案 include_as_evidence=uncertain（默认不计入正式分析分子，单独标记）,yes,保留在 provisional 但 analysis_inclusion_status=included_flagged_uncertain
BILI_0025_U04,bili_rule_based_proposal_uncertain,BILI_0025,Bili,我只会玩硬辅和法师，实战体验下来也就那样吧，该乐乐该坐牢坐牢，就是之前做赢一把的任务被elo做局了连跪10把让我很气,规则基线提案 include_as_evidence=uncertain（默认不计入正式分析分子，单独标记）,yes,保留在 provisional 但 analysis_inclusion_status=included_flagged_uncertain
BILI_0025_U05,bili_rule_based_proposal_uncertain,BILI_0025,Bili,顺带一提今天虚空裂隙牛头让我顶爽了,规则基线提案 include_as_evidence=uncertain（默认不计入正式分析分子，单独标记）,yes,保留在 provisional 但 analysis_inclusion_status=included_flagged_uncertain
BILI_0026_U01,bili_rule_based_proposal_uncertain,BILI_0026,Bili,开局领先一个锻造器价值750金币再领先300这就领先一千经济了,规则基线提案 include_as_evidence=uncertain（默认不计入正式分析分子，单独标记）,yes,保留在 provisional 但 analysis_inclusion_status=included_flagged_uncertain
BILI_0026_U02,bili_rule_based_proposal_uncertain,BILI_0026,Bili,后面还有自选的金变彩，还不是质变的随机彩，还有三个强化合剂,规则基线提案 include_as_evidence=uncertain（默认不计入正式分析分子，单独标记）,yes,保留在 provisional 但 analysis_inclusion_status=included_flagged_uncertain
BILI_0027_U01,bili_rule_based_proposal_uncertain,BILI_0027,Bili,一、bug多 二、伤害溢出，节奏快，坦克没有生存空间 三、局外成长不平衡,规则基线提案 include_as_evidence=uncertain（默认不计入正式分析分子，单独标记）,yes,保留在 provisional 但 analysis_inclusion_status=included_flagged_uncertain
BILI_0028_U01,bili_rule_based_proposal_uncertain,BILI_0028,Bili,感觉现在伤害都太高了，不是你秒我就是我秒你，肉都扛不住，而且海克斯不胡队友死活不点，胡了不是对面点就是队友点,规则基线提案 include_as_evidence=uncertain（默认不计入正式分析分子，单独标记）,yes,保留在 provisional 但 analysis_inclusion_status=included_flagged_uncertain
BILI_0029_U01,bili_rule_based_proposal_uncertain,BILI_0029,Bili,现在版本我个人认为最大的问题就是：1,规则基线提案 include_as_evidence=uncertain（默认不计入正式分析分子，单独标记）,yes,保留在 provisional 但 analysis_inclusion_status=included_flagged_uncertain
BILI_0029_U02,bili_rule_based_proposal_uncertain,BILI_0029,Bili,局外养成影响局内游戏，这是MOBA游戏大忌,规则基线提案 include_as_evidence=uncertain（默认不计入正式分析分子，单独标记）,yes,保留在 provisional 但 analysis_inclusion_status=included_flagged_uncertain
BILI_0029_U03,bili_rule_based_proposal_uncertain,BILI_0029,Bili,羁绊系统的崩坏，其实是调整弱符文的好工具，弱符文的羁绊就应该是0,规则基线提案 include_as_evidence=uncertain（默认不计入正式分析分子，单独标记）,yes,保留在 provisional 但 analysis_inclusion_status=included_flagged_uncertain
BILI_0029_U05,bili_rule_based_proposal_uncertain,BILI_0029,Bili,这样对于单次没拿到强力符文的玩家，也是种补偿机制,规则基线提案 include_as_evidence=uncertain（默认不计入正式分析分子，单独标记）,yes,保留在 provisional 但 analysis_inclusion_status=included_flagged_uncertain
BILI_0029_U07,bili_rule_based_proposal_uncertain,BILI_0029,Bili,还是经济类符文，过于强势且适用性广，挤占了其他符文的选择空间，整局游戏大家都在找经济类符文，海克斯大乱斗变成了极地乱斗极速版,规则基线提案 include_as_evidence=uncertain（默认不计入正式分析分子，单独标记）,yes,保留在 provisional 但 analysis_inclusion_status=included_flagged_uncertain
BILI_0029_U11,bili_rule_based_proposal_uncertain,BILI_0029,Bili,up说的总体上我是认可的，原本海克斯乱斗是比较平衡的，极少有天胡打不了的对局，大部分对局都是主要看思路和操作，如果对面坦克横行或者刺客横行，那大概率是因为你们阵容构成本来有问题，符文进一步放大了这个问题，下把开局的时候，你会下意识的补,规则基线提案 include_as_evidence=uncertain（默认不计入正式分析分子，单独标记）,yes,保留在 provisional 但 analysis_inclusion_status=included_flagged_uncertain
BILI_0030_U01,bili_rule_based_proposal_uncertain,BILI_0030,Bili,我这几天见到的最多的评价就是这把运气差了点/对面海克斯太糊了，你还知道我运气差呀,规则基线提案 include_as_evidence=uncertain（默认不计入正式分析分子，单独标记）,yes,保留在 provisional 但 analysis_inclusion_status=included_flagged_uncertain
BILI_0030_U02,bili_rule_based_proposal_uncertain,BILI_0030,Bili,我发的海克斯那都是人用的吗，坦克的给射手的射手都给法师的法师的给辅助的辅助的给坦克的,规则基线提案 include_as_evidence=uncertain（默认不计入正式分析分子，单独标记）,yes,保留在 provisional 但 analysis_inclusion_status=included_flagged_uncertain
BILI_0030_U03,bili_rule_based_proposal_uncertain,BILI_0030,Bili,羁绊都凑不起来，坦克连钢化你心是什么样子都不知道，我们莎弥拉从来就没亮过剑，对面莎弥拉把把都亮剑,规则基线提案 include_as_evidence=uncertain（默认不计入正式分析分子，单独标记）,yes,保留在 provisional 但 analysis_inclusion_status=included_flagged_uncertain
BILI_0031_U01,bili_rule_based_proposal_uncertain,BILI_0031,Bili,不知道你新版玩了多少把，我一开始也是和up一样的观点，接下来我说说深度游玩后我的想法吧，和你的有区别,规则基线提案 include_as_evidence=uncertain（默认不计入正式分析分子，单独标记）,yes,保留在 provisional 但 analysis_inclusion_status=included_flagged_uncertain
BILI_0031_U02,bili_rule_based_proposal_uncertain,BILI_0031,Bili,首先，我目前通行证24级，证明我游玩的次数还是比较多的,规则基线提案 include_as_evidence=uncertain（默认不计入正式分析分子，单独标记）,yes,保留在 provisional 但 analysis_inclusion_status=included_flagged_uncertain
BILI_0031_U03,bili_rule_based_proposal_uncertain,BILI_0031,Bili,新版海克斯随着各个羁绊，其实拓展了大乱斗的玩法，原来就是打团，推塔，现在很多时候变成各路神仙打架，其实有点像之前的斗魂，就是说多重羁绊让后期也有的玩内容,规则基线提案 include_as_evidence=uncertain（默认不计入正式分析分子，单独标记）,yes,保留在 provisional 但 analysis_inclusion_status=included_flagged_uncertain
AP_0096,bili_rule_based_proposal,BILI_0031,Bili,整体给我的体验是优于更新前的,规则基线提案 include_as_evidence=no（过短/上下文依赖/无机制指向）,yes,无明确机制指向且依赖上下文，暂不作为独立证据
BILI_0031_U04,bili_rule_based_proposal_uncertain,BILI_0031,Bili,虽然我知道有各种不平衡，但是破题之法不是非要打赢的，总体来说还是可以各得其乐我只能说，战士坦克爽在后期锻体，前期坐牢，丢丢怪前期爽，后期坐牢,规则基线提案 include_as_evidence=uncertain（默认不计入正式分析分子，单独标记）,yes,保留在 provisional 但 analysis_inclusion_status=included_flagged_uncertain
BILI_0031_U05,bili_rule_based_proposal_uncertain,BILI_0031,Bili,其次讲一下局外养成，首先我表态，我也不太支持，但是也有让我惊喜的地方,规则基线提案 include_as_evidence=uncertain（默认不计入正式分析分子，单独标记）,yes,保留在 provisional 但 analysis_inclusion_status=included_flagged_uncertain
BILI_0031_U06,bili_rule_based_proposal_uncertain,BILI_0031,Bili,但是我发现游戏是根据玩家的通行证等级匹配的（当然不完全是，有这个因素），我没有初始金币，我的队友基本上也没有,规则基线提案 include_as_evidence=uncertain（默认不计入正式分析分子，单独标记）,yes,保留在 provisional 但 analysis_inclusion_status=included_flagged_uncertain
BILI_0031_U07,bili_rule_based_proposal_uncertain,BILI_0031,Bili,其次，通行证让这个游戏有了追求，肝是一方面，让你有了新的获得感和乐子，我觉得还可以，但是平衡性做的确实有待商榷,规则基线提案 include_as_evidence=uncertain（默认不计入正式分析分子，单独标记）,yes,保留在 provisional 但 analysis_inclusion_status=included_flagged_uncertain
BILI_0032_U02,bili_rule_based_proposal_uncertain,BILI_0032,Bili,上个版本即使遇到对面一两个天胡的，这边只要想赢还是可以通过沟通团队合作，抓对面失误，卡复活时间，强开打人数差等等用操作和一点运营思路翻盘,规则基线提案 include_as_evidence=uncertain（默认不计入正式分析分子，单独标记）,yes,保留在 provisional 但 analysis_inclusion_status=included_flagged_uncertain
BILI_0033_U01,bili_rule_based_proposal_uncertain,BILI_0033,Bili,海斗至少不会全是丢丢怪的天下，有时候玩普通大乱斗对面丢子多就是坐牢局，就算赢了也感觉很心累，海斗感觉至少有那一丝抽到好海克斯的希望,规则基线提案 include_as_evidence=uncertain（默认不计入正式分析分子，单独标记）,yes,保留在 provisional 但 analysis_inclusion_status=included_flagged_uncertain
BILI_0034_U01,bili_rule_based_proposal_uncertain,BILI_0034,Bili,海克斯大乱斗跟这个普通大乱斗不一样的点在于普通大乱斗英雄一抽完差不多知道结局了，海克斯大乱斗每次符文对每个英雄都可能带来质变，不确定性很多,规则基线提案 include_as_evidence=uncertain（默认不计入正式分析分子，单独标记）,yes,保留在 provisional 但 analysis_inclusion_status=included_flagged_uncertain
BILI_0035_U01,bili_rule_based_proposal_uncertain,BILI_0035,Bili,我感觉最大的问题就是 它是大乱斗 你想玩一个套路你甚至得先赌自己这一把有没有玩这个套路的资格 在此基础的恶性体验最上限是一随到自己既不会玩+不知道适用什么套路的英雄+天谴海克斯 对局十分熟练完全知道怎么玩+知道适用套路+天胡海克斯 就会导致对局完全没有任何体验 但凡依旧大乱斗地图但是改成英雄自选都比现在好 至少能保证在天谴海克斯的情况下自己至少能发挥英雄本身的实力来应对对面 而不是完全没有任何可用操作,规则基线提案 include_as_evidence=uncertain（默认不计入正式分析分子，单独标记）,yes,保留在 provisional 但 analysis_inclusion_status=included_flagged_uncertain
AP_0107,bili_rule_based_proposal,BILI_0036,Bili,确实，对面来2个2500，搞个小蛋糕，我们这边没有，就没法打，装备碾压了，昨天我一个400护甲的老黑被对面菜刀队融了就离谱，雪球进去开w死了,规则基线提案 include_as_evidence=no（过短/上下文依赖/无机制指向）,yes,无明确机制指向且依赖上下文，暂不作为独立证据
BILI_0037_U02,bili_rule_based_proposal_uncertain,BILI_0037,Bili,人家死歌也不推，就一直在家放大，我复活20秒必死,规则基线提案 include_as_evidence=uncertain（默认不计入正式分析分子，单独标记）,yes,保留在 provisional 但 analysis_inclusion_status=included_flagged_uncertain
BILI_0037_U03,bili_rule_based_proposal_uncertain,BILI_0037,Bili,给我气的使劲喷这个炼金,规则基线提案 include_as_evidence=uncertain（默认不计入正式分析分子，单独标记）,yes,保留在 provisional 但 analysis_inclusion_status=included_flagged_uncertain
BILI_0039_U01,bili_rule_based_proposal_uncertain,BILI_0039,Bili,最近我是真感觉池子被污染了，谁家剑圣、瘸子池子里有尤里卡、神射这种法师海克斯，我打了好几场的瘸子，全给法师海克斯，碎片一堆法穿法强，一点穿甲攻击不给,规则基线提案 include_as_evidence=uncertain（默认不计入正式分析分子，单独标记）,yes,保留在 provisional 但 analysis_inclusion_status=included_flagged_uncertain
BILI_0040_U02,bili_rule_based_proposal_uncertain,BILI_0040,Bili,我还是觉得海斗步子迈大了，加速暴死，之前都是什么丢子王朝，坦克王朝，只有建议不玩什么，没说不好玩不够爽，现在出现两极分化了，一边说太爽太好玩了，一边说无论输赢对局太快，没爽就结束，拿不到好的符文投，没对面好的投，二塔没了投，为了局外奖励投，人头全被K战绩不好投,规则基线提案 include_as_evidence=uncertain（默认不计入正式分析分子，单独标记）,yes,保留在 provisional 但 analysis_inclusion_status=included_flagged_uncertain
BILI_0041_U01,bili_rule_based_proposal_uncertain,BILI_0041,Bili,测试服出羁绊的时候我就说了，原本挺好玩的出了羁绊看似选择更多其实选择更少了，因为固定强度的羁绊比随机搭配符文提升更大更稳定,规则基线提案 include_as_evidence=uncertain（默认不计入正式分析分子，单独标记）,yes,保留在 provisional 但 analysis_inclusion_status=included_flagged_uncertain
BILI_0041_U02,bili_rule_based_proposal_uncertain,BILI_0041,Bili,本来就是娱乐模式，大家都是玩创新科技的，你出了一个稳定提升能力的羁绊系统，胜负欲望强的肯定就是选不需要赌命的英雄，稳定羁绊类海克斯，每把都能遇到，就跟加强版峡谷一样，海克斯的精神丢失了，娱乐不起来,规则基线提案 include_as_evidence=uncertain（默认不计入正式分析分子，单独标记）,yes,保留在 provisional 但 analysis_inclusion_status=included_flagged_uncertain
BILI_0042_U01,bili_rule_based_proposal_uncertain,BILI_0042,Bili,过于娱乐化，导致大乱斗本身的竞技性没了，从为英雄定制海克斯变成为凑羁绊拿海克斯，阵容和英雄还有手法熟练度对对局的影响力下滑太多了，玩起来反而乏味,规则基线提案 include_as_evidence=uncertain（默认不计入正式分析分子，单独标记）,yes,保留在 provisional 但 analysis_inclusion_status=included_flagged_uncertain
BILI_0042_U02,bili_rule_based_proposal_uncertain,BILI_0042,Bili,看到对面神人拿到胡牌海克斯用猪鼻操作大杀四方，感觉像吃了坨谢特，玩回普通乱斗了,规则基线提案 include_as_evidence=uncertain（默认不计入正式分析分子，单独标记）,yes,保留在 provisional 但 analysis_inclusion_status=included_flagged_uncertain
BILI_0044_U01,bili_rule_based_proposal_uncertain,BILI_0044,Bili,作为娱乐模式，最重要的不应该是用海克斯强化增加新的玩法吗,规则基线提案 include_as_evidence=uncertain（默认不计入正式分析分子，单独标记）,yes,保留在 provisional 但 analysis_inclusion_status=included_flagged_uncertain
AP_0122,bili_rule_based_proposal,BILI_0044,Bili,比如我玩盖伦，拿到一板一眼我可以考虑玩爆穿攻速流，拿到钢化你心玩肉之类的，怎么就非得做出来一堆数值羁绊数值海克斯呢,规则基线提案 include_as_evidence=no（过短/上下文依赖/无机制指向）,yes,无明确机制指向且依赖上下文，暂不作为独立证据
BILI_0044_U02,bili_rule_based_proposal_uncertain,BILI_0044,Bili,现在这一改完所有人无脑找经济羁绊和锻造器羁绊，这玩意到后面就是数值碾压你，玩起来恶心的一批,规则基线提案 include_as_evidence=uncertain（默认不计入正式分析分子，单独标记）,yes,保留在 provisional 但 analysis_inclusion_status=included_flagged_uncertain
BILI_0044_U03,bili_rule_based_proposal_uncertain,BILI_0044,Bili,那个俯冲轰炸羁绊和全自动羁绊不是设计的挺有想法吗,规则基线提案 include_as_evidence=uncertain（默认不计入正式分析分子，单独标记）,yes,保留在 provisional 但 analysis_inclusion_status=included_flagged_uncertain
AP_0125,bili_rule_based_proposal,BILI_0044,Bili,为啥非得走数值路子呢,规则基线提案 include_as_evidence=no（过短/上下文依赖/无机制指向）,yes,无明确机制指向且依赖上下文，暂不作为独立证据
BILI_0045_U01,bili_rule_based_proposal_uncertain,BILI_0045,Bili,这版本丢子太恶心了 都说娱乐模式不需要平衡 但是丢子是最影响游戏体验的 十个人互丢的局更是走位练习 毫无体验感 坦克稍微强点可以让战士射手刺客以及坦克本身都有游戏体验 丢子只能让自己获得游戏体验 丢爽了后期还是会被翻 恶心得很,规则基线提案 include_as_evidence=uncertain（默认不计入正式分析分子，单独标记）,yes,保留在 provisional 但 analysis_inclusion_status=included_flagged_uncertain
BILI_0046_U01,bili_rule_based_proposal_uncertain,BILI_0046,Bili,现在肉压根玩不了，像小丑一样，我不理解钢为啥削到百6，没刚化你心出钢跟浪费钱没啥区别了，全是丢子伤害还高的不行，玩adc想玩神龙烈焰，狠着出魔法飞弹,规则基线提案 include_as_evidence=uncertain（默认不计入正式分析分子，单独标记）,yes,保留在 provisional 但 analysis_inclusion_status=included_flagged_uncertain
BILI_0046_U02,bili_rule_based_proposal_uncertain,BILI_0046,Bili,选个大虫子玩刚化你心，第二个给我出踢踏舞,规则基线提案 include_as_evidence=uncertain（默认不计入正式分析分子，单独标记）,yes,保留在 provisional 但 analysis_inclusion_status=included_flagged_uncertain
AP_0131,bili_rule_based_proposal,BILI_0047,Bili,我玩的少天生低人一等,规则基线提案 include_as_evidence=no（过短/上下文依赖/无机制指向）,yes,无明确机制指向且依赖上下文，暂不作为独立证据
BILI_0048_U01,bili_rule_based_proposal_uncertain,BILI_0048,Bili,我的建议是直接加一个棱彩海克斯，而且只能极地地图有概率出现，叫做极寒渊狱，效果非常简单因为风暴的影响不受到450码以外任何伤害--实际上就是赵信大招,规则基线提案 include_as_evidence=uncertain（默认不计入正式分析分子，单独标记）,yes,保留在 provisional 但 analysis_inclusion_status=included_flagged_uncertain
BILI_0048_U02,bili_rule_based_proposal_uncertain,BILI_0048,Bili,直接选到就不让丢子玩了，这个海克斯甚至可以出现概率非常低，地图1/3概率，加出彩概率，加降低其本身出现概率,规则基线提案 include_as_evidence=uncertain（默认不计入正式分析分子，单独标记）,yes,保留在 provisional 但 analysis_inclusion_status=included_flagged_uncertain
BILI_0048_U03,bili_rule_based_proposal_uncertain,BILI_0048,Bili,其存在的核心意义是“威慑纪元”，你选五个丢子之前要掂量一下，对面有没有可能拿到这个海克斯直接一个打五个开爽,规则基线提案 include_as_evidence=uncertain（默认不计入正式分析分子，单独标记）,yes,保留在 provisional 但 analysis_inclusion_status=included_flagged_uncertain
BILI_0048_U04,bili_rule_based_proposal_uncertain,BILI_0048,Bili,这样既不真正削弱其它海克斯，和丢子玩家的实际游玩体验，还能减少丢子,规则基线提案 include_as_evidence=uncertain（默认不计入正式分析分子，单独标记）,yes,保留在 provisional 但 analysis_inclusion_status=included_flagged_uncertain
BILI_0049_U01,bili_rule_based_proposal_uncertain,BILI_0049,Bili,近战海克斯和远程海克斯不作区分是最蠢的设计,规则基线提案 include_as_evidence=uncertain（默认不计入正式分析分子，单独标记）,yes,保留在 provisional 但 analysis_inclusion_status=included_flagged_uncertain
BILI_0049_U03,bili_rule_based_proposal_uncertain,BILI_0049,Bili,削弱移速类海克斯或者降低前期的数值,规则基线提案 include_as_evidence=uncertain（默认不计入正式分析分子，单独标记）,yes,保留在 provisional 但 analysis_inclusion_status=included_flagged_uncertain
BILI_0049_U04,bili_rule_based_proposal_uncertain,BILI_0049,Bili,削弱当前版本人人都有的气定神闲前期强度,规则基线提案 include_as_evidence=uncertain（默认不计入正式分析分子，单独标记）,yes,保留在 provisional 但 analysis_inclusion_status=included_flagged_uncertain
BILI_0050_U02,bili_rule_based_proposal_uncertain,BILI_0050,Bili,我大乱斗十年老玩家了，一有空就高强度大乱斗，这版本玩了四五十把，很明确的结论就是不好玩，这两天更新后变得更不好玩了,规则基线提案 include_as_evidence=uncertain（默认不计入正式分析分子，单独标记）,yes,保留在 provisional 但 analysis_inclusion_status=included_flagged_uncertain
BILI_0051_U01,bili_rule_based_proposal_uncertain,BILI_0051,Bili,加点坦克的海克斯吧，目前坦克的海克斯就那么几个，强势一点的钢化你心，歌莉娅巨人，慢炖，坦克引擎等等,规则基线提案 include_as_evidence=uncertain（默认不计入正式分析分子，单独标记）,yes,保留在 provisional 但 analysis_inclusion_status=included_flagged_uncertain
BILI_0052_U01,bili_rule_based_proposal_uncertain,BILI_0052,Bili,这说的太对了 玩战士坦克纯纯坐牢 你不上队友不上 9个人在丢 你上了团开了 你送了 队友收割 你一个助攻 等级经济全场倒一,规则基线提案 include_as_evidence=uncertain（默认不计入正式分析分子，单独标记）,yes,保留在 provisional 但 analysis_inclusion_status=included_flagged_uncertain
BILI_0053_U01,bili_rule_based_proposal_uncertain,BILI_0053,Bili,为什么我不爱玩大乱斗这个模式，就是因为这模式里面的人大部分段位低，只为了自己爽,规则基线提案 include_as_evidence=uncertain（默认不计入正式分析分子，单独标记）,yes,保留在 provisional 但 analysis_inclusion_status=included_flagged_uncertain
BILI_0053_U02,bili_rule_based_proposal_uncertain,BILI_0053,Bili,谁管你厉害不厉害，能不能翻盘，人家不爽就点,规则基线提案 include_as_evidence=uncertain（默认不计入正式分析分子，单独标记）,yes,保留在 provisional 但 analysis_inclusion_status=included_flagged_uncertain
BILI_0053_U03,bili_rule_based_proposal_uncertain,BILI_0053,Bili,要么就是你玩ad坦克不探草，没人保护你,规则基线提案 include_as_evidence=uncertain（默认不计入正式分析分子，单独标记）,yes,保留在 provisional 但 analysis_inclusion_status=included_flagged_uncertain
AP_0151,bili_rule_based_proposal,BILI_0053,Bili,一个一个玩的贼自私,规则基线提案 include_as_evidence=no（过短/上下文依赖/无机制指向）,yes,无明确机制指向且依赖上下文，暂不作为独立证据
BILI_0053_U04,bili_rule_based_proposal_uncertain,BILI_0053,Bili,而排位随着段位越高那种沟通和理解能力越来越高，才让我感受到那是一个团队游戏,规则基线提案 include_as_evidence=uncertain（默认不计入正式分析分子，单独标记）,yes,保留在 provisional 但 analysis_inclusion_status=included_flagged_uncertain
BILI_0053_U05,bili_rule_based_proposal_uncertain,BILI_0053,Bili,如果一个游戏的玩家都是自私的，只为了自己爽的,规则基线提案 include_as_evidence=uncertain（默认不计入正式分析分子，单独标记）,yes,保留在 provisional 但 analysis_inclusion_status=included_flagged_uncertain
AP_0154,bili_rule_based_proposal,BILI_0053,Bili,那谁还玩ad，谁还玩辅助,规则基线提案 include_as_evidence=no（过短/上下文依赖/无机制指向）,yes,无明确机制指向且依赖上下文，暂不作为独立证据
BILI_0053_U06,bili_rule_based_proposal_uncertain,BILI_0053,Bili,谁愿意牺牲自己体验保护队友发育,规则基线提案 include_as_evidence=uncertain（默认不计入正式分析分子，单独标记）,yes,保留在 provisional 但 analysis_inclusion_status=included_flagged_uncertain
AP_0156,bili_rule_based_proposal,BILI_0053,Bili,谁会把队友当为队友,规则基线提案 include_as_evidence=no（过短/上下文依赖/无机制指向）,yes,无明确机制指向且依赖上下文，暂不作为独立证据
AP_0158,bili_rule_based_proposal,BILI_0054,Bili,这就导致匹到的神人越来越多,规则基线提案 include_as_evidence=no（过短/上下文依赖/无机制指向）,yes,无明确机制指向且依赖上下文，暂不作为独立证据
BILI_0054_U02,bili_rule_based_proposal_uncertain,BILI_0054,Bili,把把感觉家里都有起码一个负作用的人,规则基线提案 include_as_evidence=uncertain（默认不计入正式分析分子，单独标记）,yes,保留在 provisional 但 analysis_inclusion_status=included_flagged_uncertain
AP_0160,bili_rule_based_proposal,BILI_0054,Bili,反倒是海克斯之类的我意见不大,规则基线提案 include_as_evidence=no（过短/上下文依赖/无机制指向）,yes,无明确机制指向且依赖上下文，暂不作为独立证据
AP_0161,bili_rule_based_proposal,BILI_0054,Bili,因为我个人操作比较强,规则基线提案 include_as_evidence=no（过短/上下文依赖/无机制指向）,yes,无明确机制指向且依赖上下文，暂不作为独立证据
BILI_0054_U03,bili_rule_based_proposal_uncertain,BILI_0054,Bili,只要对面不是胡到那种闭着眼都能踢死人的地步，我都还能靠操作打一打,规则基线提案 include_as_evidence=uncertain（默认不计入正式分析分子，单独标记）,yes,保留在 provisional 但 analysis_inclusion_status=included_flagged_uncertain
BILI_0054_U05,bili_rule_based_proposal_uncertain,BILI_0054,Bili,海斗也是有elo的，这个东西想必只要玩的多都不会反驳我，一页绿第二天一页红是常有的事,规则基线提案 include_as_evidence=uncertain（默认不计入正式分析分子，单独标记）,yes,保留在 provisional 但 analysis_inclusion_status=included_flagged_uncertain
BILI_0055_U01,bili_rule_based_proposal_uncertain,BILI_0055,Bili,因为纯纯就是谁运气好谁赢，对于技术好的人来说自己的长处发挥不出来，看着一帮操作很菜的人拿着极致的数值碾压自己肯定不喜欢玩,规则基线提案 include_as_evidence=uncertain（默认不计入正式分析分子，单独标记）,yes,保留在 provisional 但 analysis_inclusion_status=included_flagged_uncertain
BILI_0056_U01,bili_rule_based_proposal_uncertain,BILI_0056,Bili,我个人最反感的就是羁绊，我更喜欢各种奇奇妙妙的海克斯组合给的快感而不是搁那祈祷下一个是某一个级别的某个海克斯，而且有些海克斯还不错但有羁绊就导致池子会直接被污染，给我小鱼人发升级收集者这是人吗，这个羁绊系统就应该直接给删了而不是调整,规则基线提案 include_as_evidence=uncertain（默认不计入正式分析分子，单独标记）,yes,保留在 provisional 但 analysis_inclusion_status=included_flagged_uncertain
BILI_0057_U02,bili_rule_based_proposal_uncertain,BILI_0057,Bili,连个双抗海克斯都没有,规则基线提案 include_as_evidence=uncertain（默认不计入正式分析分子，单独标记）,yes,保留在 provisional 但 analysis_inclusion_status=included_flagged_uncertain
AP_0170,bili_rule_based_proposal,BILI_0057,Bili,减伤也只有一个星界,规则基线提案 include_as_evidence=no（过短/上下文依赖/无机制指向）,yes,无明确机制指向且依赖上下文，暂不作为独立证据
AP_0171,bili_rule_based_proposal,BILI_0057,Bili,增伤海克斯30%都是烂大街的,规则基线提案 include_as_evidence=no（过短/上下文依赖/无机制指向）,yes,无明确机制指向且依赖上下文，暂不作为独立证据
BILI_0058_U02,bili_rule_based_proposal_uncertain,BILI_0058,Bili,蒙多这种肉的池子干净的呀，把把都是专武局,规则基线提案 include_as_evidence=uncertain（默认不计入正式分析分子，单独标记）,yes,保留在 provisional 但 analysis_inclusion_status=included_flagged_uncertain
BILI_0060_U01,bili_rule_based_proposal_uncertain,BILI_0060,Bili,没真金白银十年很难说出这种理解来,规则基线提案 include_as_evidence=uncertain（默认不计入正式分析分子，单独标记）,yes,保留在 provisional 但 analysis_inclusion_status=included_flagged_uncertain
BILI_0060_U02,bili_rule_based_proposal_uncertain,BILI_0060,Bili,数据不会骗人，并且你的理论有很多错误，叠角龙就算不拿又怎么样，这个海克斯单挂就很厉害了，加上你所说的一系列所谓缺点，胜率还是达到了56，不要再误导大众,规则基线提案 include_as_evidence=uncertain（默认不计入正式分析分子，单独标记）,yes,保留在 provisional 但 analysis_inclusion_status=included_flagged_uncertain
AP_0177,bili_rule_based_proposal,BILI_0060,Bili,胜率做到比我高了再来做视频,规则基线提案 include_as_evidence=no（过短/上下文依赖/无机制指向）,yes,无明确机制指向且依赖上下文，暂不作为独立证据
BILI_0061_U01,bili_rule_based_proposal_uncertain,BILI_0061,Bili,别刻板印象ap女枪弱了，现在拖女枪胜率后腿的是ad女枪，大数据都明明白白告诉你出ap好赢,规则基线提案 include_as_evidence=uncertain（默认不计入正式分析分子，单独标记）,yes,保留在 provisional 但 analysis_inclusion_status=included_flagged_uncertain
BILI_0062_U01,bili_rule_based_proposal_uncertain,BILI_0062,Bili,AP女枪还是可以玩玩，队友没AP选出来玩没问题，就是打肉确实难，要海克斯很糊,规则基线提案 include_as_evidence=uncertain（默认不计入正式分析分子，单独标记）,yes,保留在 provisional 但 analysis_inclusion_status=included_flagged_uncertain
BILI_0063_U01,bili_rule_based_proposal_uncertain,BILI_0063,Bili,成流量俘虏了，视频只有引战带节奏，娱乐性都没了，看的人头大,规则基线提案 include_as_evidence=uncertain（默认不计入正式分析分子，单独标记）,yes,保留在 provisional 但 analysis_inclusion_status=included_flagged_uncertain
BILI_0064_U01,bili_rule_based_proposal_uncertain,BILI_0064,Bili,升级狂妄就是所有战士刺客保三争二一的海克斯,规则基线提案 include_as_evidence=uncertain（默认不计入正式分析分子，单独标记）,yes,保留在 provisional 但 analysis_inclusion_status=included_flagged_uncertain
BILI_0065_U01,bili_rule_based_proposal_uncertain,BILI_0065,Bili,坦克之前还能靠自身数值玩一玩，现在丢子各个跑得飞快，还一堆打百分比的，现在玩坦克有点静水监狱那味了,规则基线提案 include_as_evidence=uncertain（默认不计入正式分析分子，单独标记）,yes,保留在 provisional 但 analysis_inclusion_status=included_flagged_uncertain
AP_0184,bili_rule_based_proposal,BILI_0067,Bili,为什么说升级狂妄是陷阱,规则基线提案 include_as_evidence=no（过短/上下文依赖/无机制指向）,yes,无明确机制指向且依赖上下文，暂不作为独立证据
BILI_0068_U01,bili_rule_based_proposal_uncertain,BILI_0068,Bili,死标题党，我还以为干嘛了，你是害怕没控制的选了会多出几个叠角龙的羁绊污染你海克斯池，我还以为干嘛不能选[疑惑],规则基线提案 include_as_evidence=uncertain（默认不计入正式分析分子，单独标记）,yes,保留在 provisional 但 analysis_inclusion_status=included_flagged_uncertain
BILI_0069_U01,bili_rule_based_proposal_uncertain,BILI_0069,Bili,自己放个神人虚空裂隙和属性叠属性出来，问坦克为什么玩不爽，坦克扛不住虚空裂隙，开团死了又捡不到锻造器，巫妖王玩法全在鼓励当丢子，你说为什么丢子多,规则基线提案 include_as_evidence=uncertain（默认不计入正式分析分子，单独标记）,yes,保留在 provisional 但 analysis_inclusion_status=included_flagged_uncertain
BILI_0070_U01,bili_rule_based_proposal_uncertain,BILI_0070,Bili,个人经历，单排是真的牢中牢，英雄牢、海克斯牢、队友牢，连败不停,规则基线提案 include_as_evidence=uncertain（默认不计入正式分析分子，单独标记）,yes,保留在 provisional 但 analysis_inclusion_status=included_flagged_uncertain
BILI_0070_U02,bili_rule_based_proposal_uncertain,BILI_0070,Bili,组队的话队友都是自己熟悉的能互相兜底，海克斯也非常胡,规则基线提案 include_as_evidence=uncertain（默认不计入正式分析分子，单独标记）,yes,保留在 provisional 但 analysis_inclusion_status=included_flagged_uncertain
AP_0189,bili_rule_based_proposal,BILI_0071,Bili,千万不要单排海克斯,规则基线提案 include_as_evidence=no（过短/上下文依赖/无机制指向）,yes,无明确机制指向且依赖上下文，暂不作为独立证据
BILI_0071_U01,bili_rule_based_proposal_uncertain,BILI_0071,Bili,如果你还在单排海克斯可以看评论区置顶小群一起玩,规则基线提案 include_as_evidence=uncertain（默认不计入正式分析分子，单独标记）,yes,保留在 provisional 但 analysis_inclusion_status=included_flagged_uncertain
AP_0191,bili_rule_based_proposal,BILI_0071,Bili,千万不要单排大乱斗,规则基线提案 include_as_evidence=no（过短/上下文依赖/无机制指向）,yes,无明确机制指向且依赖上下文，暂不作为独立证据
BILI_0071_U02,bili_rule_based_proposal_uncertain,BILI_0071,Bili,可怜主播的朋友们可以关注三连一下哦~,规则基线提案 include_as_evidence=uncertain（默认不计入正式分析分子，单独标记）,yes,保留在 provisional 但 analysis_inclusion_status=included_flagged_uncertain
BILI_0072_U01,bili_rule_based_proposal_uncertain,BILI_0072,Bili,其实没必要在意那些羁绊，毕竟提升都不太大，尽量选这适配英雄的海克斯，骰子羁绊除外,规则基线提案 include_as_evidence=uncertain（默认不计入正式分析分子，单独标记）,yes,保留在 provisional 但 analysis_inclusion_status=included_flagged_uncertain
BILI_0073_U01,bili_rule_based_proposal_uncertain,BILI_0073,Bili,小火龙，塞纳，提莫，猫咪，炸弹人，今天遇到一把ap巨魔扔柱子加猫咪的，一点不想打,规则基线提案 include_as_evidence=uncertain（默认不计入正式分析分子，单独标记）,yes,保留在 provisional 但 analysis_inclusion_status=included_flagged_uncertain
BILI_0073_U02,bili_rule_based_proposal_uncertain,BILI_0073,Bili,想投降也不投，他们四个人开黑的,规则基线提案 include_as_evidence=uncertain（默认不计入正式分析分子，单独标记）,yes,保留在 provisional 但 analysis_inclusion_status=included_flagged_uncertain
BILI_0075_U01,bili_rule_based_proposal_uncertain,BILI_0075,Bili,看到池子里有提莫豹女巴德这种我都是秒选的，卡到最后一秒再选别的，我宁愿抢不到我想玩的英雄我也不冒队友玩这些死冯英雄的风险,规则基线提案 include_as_evidence=uncertain（默认不计入正式分析分子，单独标记）,yes,保留在 provisional 但 analysis_inclusion_status=included_flagged_uncertain
BILI_0076_U01,bili_rule_based_proposal_uncertain,BILI_0076,Bili,普通乱斗用阵容限制胜率，海克斯用阵容加海克斯限制胜率，现在又多个通行证，死都不让你赢了说是，50％控制的死死地，你家永远是炸弹人泽拉斯轮子妈,规则基线提案 include_as_evidence=uncertain（默认不计入正式分析分子，单独标记）,yes,保留在 provisional 但 analysis_inclusion_status=included_flagged_uncertain
BILI_0076_U02,bili_rule_based_proposal_uncertain,BILI_0076,Bili,对面开局回归基本功船长瑞兹，小丑瑞文,规则基线提案 include_as_evidence=uncertain（默认不计入正式分析分子，单独标记）,yes,保留在 provisional 但 analysis_inclusion_status=included_flagged_uncertain
BILI_0077_U01,bili_rule_based_proposal_uncertain,BILI_0077,Bili,受着，喜欢乱出装当怯战蜥蜴恶心队友，队友点你就受着,规则基线提案 include_as_evidence=uncertain（默认不计入正式分析分子，单独标记）,yes,保留在 provisional 但 analysis_inclusion_status=included_flagged_uncertain
BILI_0078_U01,bili_rule_based_proposal_uncertain,BILI_0078,Bili,出装还是小事，最离谱的有些人左右脑胡博，玩ap卡莎，海克斯拿双刀流,规则基线提案 include_as_evidence=uncertain（默认不计入正式分析分子，单独标记）,yes,保留在 provisional 但 analysis_inclusion_status=included_flagged_uncertain
BILI_0078_U02,bili_rule_based_proposal_uncertain,BILI_0078,Bili,拿个量子计算不敢雪球突脸，拿了坦克引擎又拿自爆海克斯,规则基线提案 include_as_evidence=uncertain（默认不计入正式分析分子，单独标记）,yes,保留在 provisional 但 analysis_inclusion_status=included_flagged_uncertain
AP_0203,bili_rule_based_proposal,BILI_0078,Bili,只能说还是太有理解了[笑哭],规则基线提案 include_as_evidence=no（过短/上下文依赖/无机制指向）,yes,无明确机制指向且依赖上下文，暂不作为独立证据
AP_0205,bili_rule_based_proposal,BILI_0080,Bili,即时游戏，就要有随机性,规则基线提案 include_as_evidence=no（过短/上下文依赖/无机制指向）,yes,无明确机制指向且依赖上下文，暂不作为独立证据
BILI_0080_U01,bili_rule_based_proposal_uncertain,BILI_0080,Bili,我操作差，反应慢，就一定赢不了，那我还玩个毛，玩游戏去了,规则基线提案 include_as_evidence=uncertain（默认不计入正式分析分子，单独标记）,yes,保留在 provisional 但 analysis_inclusion_status=included_flagged_uncertain
BILI_0080_U02,bili_rule_based_proposal_uncertain,BILI_0080,Bili,你强，总有比你更强，卷到最后曲高和寡,规则基线提案 include_as_evidence=uncertain（默认不计入正式分析分子，单独标记）,yes,保留在 provisional 但 analysis_inclusion_status=included_flagged_uncertain
BILI_0081_U01,bili_rule_based_proposal_uncertain,BILI_0081,Bili,核心是类似肉鸽的玩法，每局都能有不同的可能性,规则基线提案 include_as_evidence=uncertain（默认不计入正式分析分子，单独标记）,yes,保留在 provisional 但 analysis_inclusion_status=included_flagged_uncertain
BILI_0082_U01,bili_rule_based_proposal_uncertain,BILI_0082,Bili,还可以整点活儿，比如“兑子”用自己两个海克斯封印对面某人的一个海克斯，趣味性肯定拉满,规则基线提案 include_as_evidence=uncertain（默认不计入正式分析分子，单独标记）,yes,保留在 provisional 但 analysis_inclusion_status=included_flagged_uncertain
AP_0210,bili_rule_based_proposal,BILI_0083,Bili,酸辣粉还低等吗,规则基线提案 include_as_evidence=no（过短/上下文依赖/无机制指向）,yes,过短且无明确机制指向，视为语气/连接片段
BILI_0083_U01,bili_rule_based_proposal_uncertain,BILI_0083,Bili,出个冰杖，三个小技能拉克丝有什么区别，一个直线控制的，一个圆型打伤害的，一个给队友套盾的，已经是软辅里面最像法师的了,规则基线提案 include_as_evidence=uncertain（默认不计入正式分析分子，单独标记）,yes,保留在 provisional 但 analysis_inclusion_status=included_flagged_uncertain
BILI_0084_U01,bili_rule_based_proposal_uncertain,BILI_0084,Bili,去看看炉石传说，通行证人家可以4个英雄选一个，没花钱只能2选1,规则基线提案 include_as_evidence=uncertain（默认不计入正式分析分子，单独标记）,yes,保留在 provisional 但 analysis_inclusion_status=included_flagged_uncertain
BILI_0084_U02,bili_rule_based_proposal_uncertain,BILI_0084,Bili,这种逆天的破坏平衡方式都不影响游戏,规则基线提案 include_as_evidence=uncertain（默认不计入正式分析分子，单独标记）,yes,保留在 provisional 但 analysis_inclusion_status=included_flagged_uncertain
BILI_0084_U03,bili_rule_based_proposal_uncertain,BILI_0084,Bili,游戏里面拼的还是技术和运气，赢不赢和你的通行证没关系，只能说提升一下游戏体验,规则基线提案 include_as_evidence=uncertain（默认不计入正式分析分子，单独标记）,yes,保留在 provisional 但 analysis_inclusion_status=included_flagged_uncertain
BILI_0085_U01,bili_rule_based_proposal_uncertain,BILI_0085,Bili,我那把队友的男枪，第一个海克斯一板一眼，直接出了狂妄收集者大穿，后面也没拿到亮剑，神装一点攻速没有，最后还问了一句一板一眼是不是削了，这能崩住的真是人物,规则基线提案 include_as_evidence=uncertain（默认不计入正式分析分子，单独标记）,yes,保留在 provisional 但 analysis_inclusion_status=included_flagged_uncertain
BILI_0086_U01,bili_rule_based_proposal_uncertain,BILI_0086,Bili,海斗一共就三个组成部分，英雄海克斯装备，你海克斯拿对了瞎出装备，根本发挥不出海克斯的优点，然后被对面抽陀螺，队友善意提醒你你还不乐意，那我只能说这种抖m还是去应聘一下人形沙袋吧，那个劲大会更爽,规则基线提案 include_as_evidence=uncertain（默认不计入正式分析分子，单独标记）,yes,保留在 provisional 但 analysis_inclusion_status=included_flagged_uncertain
BILI_0087_U01,bili_rule_based_proposal_uncertain,BILI_0087,Bili,就怕出装警察自己不会玩还瞎点，真的没空给他打字解释,规则基线提案 include_as_evidence=uncertain（默认不计入正式分析分子，单独标记）,yes,保留在 provisional 但 analysis_inclusion_status=included_flagged_uncertain
BILI_0088_U02,bili_rule_based_proposal_uncertain,BILI_0088,Bili,我不想赢，我瞎出装，队友又点我装备,规则基线提案 include_as_evidence=uncertain（默认不计入正式分析分子，单独标记）,yes,保留在 provisional 但 analysis_inclusion_status=included_flagged_uncertain
BILI_0089_U01,bili_rule_based_proposal_uncertain,BILI_0089,Bili,贴吧热议都玩海克斯大乱斗了还惦记胜率干什么,规则基线提案 include_as_evidence=uncertain（默认不计入正式分析分子，单独标记）,yes,保留在 provisional 但 analysis_inclusion_status=included_flagged_uncertain
BILI_0090_U01,bili_rule_based_proposal_uncertain,BILI_0090,Bili,狂妄并非只有刺客能出，亚恒剑魔这种，控虽然不如个别一身控制的坦克多后续补个扇巴掌真的猛的要命,规则基线提案 include_as_evidence=uncertain（默认不计入正式分析分子，单独标记）,yes,保留在 provisional 但 analysis_inclusion_status=included_flagged_uncertain
BILI_0091_U01,bili_rule_based_proposal_uncertain,BILI_0091,Bili,不是升级狂妄恶心，是羁绊恶心，这个版本整个就恶心,规则基线提案 include_as_evidence=uncertain（默认不计入正式分析分子，单独标记）,yes,保留在 provisional 但 analysis_inclusion_status=included_flagged_uncertain
BILI_0092_U01,bili_rule_based_proposal_uncertain,BILI_0092,Bili,视频展现《英雄联盟》海克斯模式下的玩家互怼趣事,规则基线提案 include_as_evidence=uncertain（默认不计入正式分析分子，单独标记）,yes,保留在 provisional 但 analysis_inclusion_status=included_flagged_uncertain
BILI_0092_U02,bili_rule_based_proposal_uncertain,BILI_0092,Bili,主角们疯狂吐槽“毒瘤”阵容：一人狂喜AP女枪“爽飞天”却误伤队友，另人笑称“双刀流吃红烧还是香辣,规则基线提案 include_as_evidence=uncertain（默认不计入正式分析分子，单独标记）,yes,保留在 provisional 但 analysis_inclusion_status=included_flagged_uncertain
AP_0227,bili_rule_based_proposal,BILI_0092,Bili,海克斯玩家速逃,规则基线提案 include_as_evidence=no（过短/上下文依赖/无机制指向）,yes,过短且无明确机制指向，视为语气/连接片段
BILI_0092_U04,bili_rule_based_proposal_uncertain,BILI_0092,Bili,双刀流配香辣才够劲儿，本喵舔屏都能赢你两波~,规则基线提案 include_as_evidence=uncertain（默认不计入正式分析分子，单独标记）,yes,保留在 provisional 但 analysis_inclusion_status=included_flagged_uncertain
BILI_0095_U01,bili_rule_based_proposal_uncertain,BILI_0095,Bili,女枪我一般都是走AD的，除非开局给个超凡邪恶,规则基线提案 include_as_evidence=uncertain（默认不计入正式分析分子，单独标记）,yes,保留在 provisional 但 analysis_inclusion_status=included_flagged_uncertain
BILI_0098_U01,bili_rule_based_proposal_uncertain,BILI_0098,Bili,AP女枪是对面四个以上丢子无脑选的，不用看符文，这把对面五个丢子，第一个符文不管啥都直接做AP就对了,规则基线提案 include_as_evidence=uncertain（默认不计入正式分析分子，单独标记）,yes,保留在 provisional 但 analysis_inclusion_status=included_flagged_uncertain
BILI_0099_U01,bili_rule_based_proposal_uncertain,BILI_0099,Bili,那以后出个减益模式，星界躯体-1000血，暗影疾奔用技能减速，一板一眼固定攻速不加攻击力,规则基线提案 include_as_evidence=uncertain（默认不计入正式分析分子，单独标记）,yes,保留在 provisional 但 analysis_inclusion_status=included_flagged_uncertain
AP_0237,bili_rule_based_proposal,BILI_0099,Bili,打到最后成残奥会,规则基线提案 include_as_evidence=no（过短/上下文依赖/无机制指向）,yes,无明确机制指向且依赖上下文，暂不作为独立证据
BILI_0100_U01,bili_rule_based_proposal_uncertain,BILI_0100,Bili,玩酸辣粉是对的，这个英雄往上可以出法师，往下可以出辅助，还有开团大招，很好的技能组，就是需要点命中率,规则基线提案 include_as_evidence=uncertain（默认不计入正式分析分子，单独标记）,yes,保留在 provisional 但 analysis_inclusion_status=included_flagged_uncertain
AP_0239,bili_rule_based_proposal,BILI_0100,Bili,相较于那些什么风女,规则基线提案 include_as_evidence=no（过短/上下文依赖/无机制指向）,yes,无明确机制指向且依赖上下文，暂不作为独立证据
AP_0240,bili_rule_based_proposal,BILI_0100,Bili,那些软辅才是用处小的可怜,规则基线提案 include_as_evidence=no（过短/上下文依赖/无机制指向）,yes,无明确机制指向且依赖上下文，暂不作为独立证据
BILI_0100_U02,bili_rule_based_proposal_uncertain,BILI_0100,Bili,这提毛还恶人先告状，如果我的队友里有个提莫小火龙，前中期会玩的非常难受，想赢只能靠后期对面装B不拆反一波，我都不知道见了多少把了，一个个爱玩个B小火龙，跟区一样在地上蠕动,规则基线提案 include_as_evidence=uncertain（默认不计入正式分析分子，单独标记）,yes,保留在 provisional 但 analysis_inclusion_status=included_flagged_uncertain
BILI_0101_U01,bili_rule_based_proposal_uncertain,BILI_0101,Bili,普通大乱斗拍进去了队友问怎么这把选不了海克斯,规则基线提案 include_as_evidence=uncertain（默认不计入正式分析分子，单独标记）,yes,保留在 provisional 但 analysis_inclusion_status=included_flagged_uncertain
BILI_0104_U01,bili_rule_based_proposal_uncertain,BILI_0104,Bili,反正我海克斯的时候，只要队友点投降，哪怕我糊烂了我也点同意，从不点否,规则基线提案 include_as_evidence=uncertain（默认不计入正式分析分子，单独标记）,yes,保留在 provisional 但 analysis_inclusion_status=included_flagged_uncertain
BILI_0105_U01,bili_rule_based_proposal_uncertain,BILI_0105,Bili,我只希望这游戏赶紧把收集者这装备删了，我现在打大乱斗评论每局能遇到两个无脑收集者的队友，跟着坐牢太恶心了,规则基线提案 include_as_evidence=uncertain（默认不计入正式分析分子，单独标记）,yes,保留在 provisional 但 analysis_inclusion_status=included_flagged_uncertain
AP_0247,bili_rule_based_proposal,BILI_0106,Bili,羁绊随你自己,规则基线提案 include_as_evidence=no（过短/上下文依赖/无机制指向）,yes,过短且无明确机制指向，视为语气/连接片段
AP_0248,bili_rule_based_proposal,BILI_0106,Bili,你想凑就凑，不凑随意,规则基线提案 include_as_evidence=no（过短/上下文依赖/无机制指向）,yes,无明确机制指向且依赖上下文，暂不作为独立证据
BILI_0106_U01,bili_rule_based_proposal_uncertain,BILI_0106,Bili,海克斯通行证玩得多迟早全部解锁,规则基线提案 include_as_evidence=uncertain（默认不计入正式分析分子，单独标记）,yes,保留在 provisional 但 analysis_inclusion_status=included_flagged_uncertain
AP_0250,bili_rule_based_proposal,BILI_0106,Bili,本来就是靠运气天胡 4,规则基线提案 include_as_evidence=no（过短/上下文依赖/无机制指向）,yes,无明确机制指向且依赖上下文，暂不作为独立证据
AP_0251,bili_rule_based_proposal,BILI_0106,Bili,坦克英雄飞身踢不爽吗,规则基线提案 include_as_evidence=no（过短/上下文依赖/无机制指向）,yes,无明确机制指向且依赖上下文，暂不作为独立证据
AP_0252,bili_rule_based_proposal,BILI_0106,Bili,现在对面有飞身踢，绝不往后拖,规则基线提案 include_as_evidence=no（过短/上下文依赖/无机制指向）,yes,无明确机制指向且依赖上下文，暂不作为独立证据
BILI_0107_U01,bili_rule_based_proposal_uncertain,BILI_0107,Bili,云顶刷到合适不合适的海克斯还能改阵容，你大乱斗6个海克斯没一个适配的，你就是玩不了，要不你就改成坦克池海克斯，射手海克斯池,规则基线提案 include_as_evidence=uncertain（默认不计入正式分析分子，单独标记）,yes,保留在 provisional 但 analysis_inclusion_status=included_flagged_uncertain
BILI_0108_U01,bili_rule_based_proposal_uncertain,BILI_0108,Bili,原因就是丢子适配的海克斯太多了,规则基线提案 include_as_evidence=uncertain（默认不计入正式分析分子，单独标记）,yes,保留在 provisional 但 analysis_inclusion_status=included_flagged_uncertain
AP_0255,bili_rule_based_proposal,BILI_0108,Bili,坦克来来回回就那么2个,规则基线提案 include_as_evidence=no（过短/上下文依赖/无机制指向）,yes,无明确机制指向且依赖上下文，暂不作为独立证据
AP_0256,bili_rule_based_proposal,BILI_0108,Bili,遇到丢子哪怕赢了也是玩的恶心,规则基线提案 include_as_evidence=no（过短/上下文依赖/无机制指向）,yes,无明确机制指向且依赖上下文，暂不作为独立证据
BILI_0109_U01,bili_rule_based_proposal_uncertain,BILI_0109,Bili,4 个体验变差的原因，最后一个是大部分玩家的痛,规则基线提案 include_as_evidence=uncertain（默认不计入正式分析分子，单独标记）,yes,保留在 provisional 但 analysis_inclusion_status=included_flagged_uncertain
BILI_0110_U01,bili_rule_based_proposal_uncertain,BILI_0110,Bili,海克斯凑羁绊之后又全是丢子了，新加的海克斯90%都是丢子比近战适配更高,规则基线提案 include_as_evidence=uncertain（默认不计入正式分析分子，单独标记）,yes,保留在 provisional 但 analysis_inclusion_status=included_flagged_uncertain
BILI_0110_U02,bili_rule_based_proposal_uncertain,BILI_0110,Bili,羁绊海克斯新幻神 时光老头，拿到魔法师羁绊，近战可以不用玩了,规则基线提案 include_as_evidence=uncertain（默认不计入正式分析分子，单独标记）,yes,保留在 provisional 但 analysis_inclusion_status=included_flagged_uncertain
BILI_0111_U01,bili_rule_based_proposal_uncertain,BILI_0111,Bili,海克斯大乱斗上线后为什么有很多玩家又回归普通大乱斗,规则基线提案 include_as_evidence=uncertain（默认不计入正式分析分子，单独标记）,yes,保留在 provisional 但 analysis_inclusion_status=included_flagged_uncertain
BILI_0112_U01,bili_rule_based_proposal_uncertain,BILI_0112,Bili,评论区一堆神人真给我整笑了，永远是对面领先自己，那有没有可能，你的队友和你也会领先对面呢,规则基线提案 include_as_evidence=uncertain（默认不计入正式分析分子，单独标记）,yes,保留在 provisional 但 analysis_inclusion_status=included_flagged_uncertain
AP_0262,bili_rule_based_proposal,BILI_0112,Bili,那时候你会留300块不用吗,规则基线提案 include_as_evidence=no（过短/上下文依赖/无机制指向）,yes,无明确机制指向且依赖上下文，暂不作为独立证据
BILI_0112_U02,bili_rule_based_proposal_uncertain,BILI_0112,Bili,最好笑的是在高手手里这个影响很大，推荐你去看一个主播，以前blg左手的替补阿黑路西，现在叫小胡，去看看他韩服乱杀的视频，再看看他这几天玩海斗的视频,规则基线提案 include_as_evidence=uncertain（默认不计入正式分析分子，单独标记）,yes,保留在 provisional 但 analysis_inclusion_status=included_flagged_uncertain
BILI_0112_U03,bili_rule_based_proposal_uncertain,BILI_0112,Bili,至于有多影响，只能说越dinner的人影响越大,规则基线提案 include_as_evidence=uncertain（默认不计入正式分析分子，单独标记）,yes,保留在 provisional 但 analysis_inclusion_status=included_flagged_uncertain
AP_0265,bili_rule_based_proposal,BILI_0113,Bili,新版海克斯大乱斗烂完了,规则基线提案 include_as_evidence=no（过短/上下文依赖/无机制指向）,yes,无明确机制指向且依赖上下文，暂不作为独立证据
BILI_0113_U01,bili_rule_based_proposal_uncertain,BILI_0113,Bili,游戏策划锐评海斗抽象更新,规则基线提案 include_as_evidence=uncertain（默认不计入正式分析分子，单独标记）,yes,保留在 provisional 但 analysis_inclusion_status=included_flagged_uncertain
BILI_0113_U02,bili_rule_based_proposal_uncertain,BILI_0113,Bili,设计师，还我海斗,规则基线提案 include_as_evidence=uncertain（默认不计入正式分析分子，单独标记）,yes,保留在 provisional 但 analysis_inclusion_status=included_flagged_uncertain
BILI_0113_U03,bili_rule_based_proposal_uncertain,BILI_0113,Bili,上期视频说海斗好玩，结果更新完就打脸了,规则基线提案 include_as_evidence=uncertain（默认不计入正式分析分子，单独标记）,yes,保留在 provisional 但 analysis_inclusion_status=included_flagged_uncertain
AP_0269,bili_rule_based_proposal,BILI_0113,Bili,拳头直接拉了一波大的,规则基线提案 include_as_evidence=no（过短/上下文依赖/无机制指向）,yes,无明确机制指向且依赖上下文，暂不作为独立证据
BILI_0113_U04,bili_rule_based_proposal_uncertain,BILI_0113,Bili,设计师还我海斗,规则基线提案 include_as_evidence=uncertain（默认不计入正式分析分子，单独标记）,yes,保留在 provisional 但 analysis_inclusion_status=included_flagged_uncertain
BILI_0114_U01,bili_rule_based_proposal_uncertain,BILI_0114,Bili,从海克斯大乱斗出来到现在唯一一把玩的普通大乱斗是点错了,规则基线提案 include_as_evidence=uncertain（默认不计入正式分析分子，单独标记）,yes,保留在 provisional 但 analysis_inclusion_status=included_flagged_uncertain
BILI_0115_U01,bili_rule_based_proposal_uncertain,BILI_0115,Bili,海克斯大乱斗真的凉了，我今早四点多排，居然排了十几秒才排到,规则基线提案 include_as_evidence=uncertain（默认不计入正式分析分子，单独标记）,yes,保留在 provisional 但 analysis_inclusion_status=included_flagged_uncertain
AP_0274,bili_rule_based_proposal,BILI_0117,Bili,因为只是玩游戏的,规则基线提案 include_as_evidence=no（过短/上下文依赖/无机制指向）,yes,无明确机制指向且依赖上下文，暂不作为独立证据
BILI_0117_U01,bili_rule_based_proposal_uncertain,BILI_0117,Bili,没人陪你自我感动上演坐牢二十分钟逆风翻盘的对局，影响心情,规则基线提案 include_as_evidence=uncertain（默认不计入正式分析分子，单独标记）,yes,保留在 provisional 但 analysis_inclusion_status=included_flagged_uncertain
BILI_0118_U01,bili_rule_based_proposal_uncertain,BILI_0118,Bili,对面一直虐泉不推，队友还不点，这种我真是理解不了一点,规则基线提案 include_as_evidence=uncertain（默认不计入正式分析分子，单独标记）,yes,保留在 provisional 但 analysis_inclusion_status=included_flagged_uncertain
BILI_0120_U01,bili_rule_based_proposal_uncertain,BILI_0120,Bili,大乱斗玩多了就知道了，开局就能预测到结果,规则基线提案 include_as_evidence=uncertain（默认不计入正式分析分子，单独标记）,yes,保留在 provisional 但 analysis_inclusion_status=included_flagged_uncertain
BILI_0120_U02,bili_rule_based_proposal_uncertain,BILI_0120,Bili,而且有些人并不是全能的，玩某些英雄很捞，你不要以为队友能扶起来，他每一波团战都在混，你c不起来就赶紧点了,规则基线提案 include_as_evidence=uncertain（默认不计入正式分析分子，单独标记）,yes,保留在 provisional 但 analysis_inclusion_status=included_flagged_uncertain
83_u2,ambiguous_unresolved,,NGA,没啥用,多候选未定案（pending_human_resolution），不进入 provisional,yes,见 docs/review/AMBIGUOUS_EVIDENCE_DECISION_PACKET.md
96_u3,ambiguous_unresolved,,Bili|NGA|Tieba,没了,多候选未定案（pending_human_resolution），不进入 provisional,yes,见 docs/review/AMBIGUOUS_EVIDENCE_DECISION_PACKET.md
