proposal_id,queue_id,sample_id,candidate_unit_index,candidate_unit_text,include_as_evidence,surface_topic_proposed,mechanism_label_proposed,evidence_phrase_proposed,proposal_confidence,needs_human_review,proposal_reason,proposer_type,proposal_status
AP_0001,BQ_0001,BILI_0001,1,他把坦克海克斯加强了别的更厉害了，星届躯体1500生命值只掉10%输出缺可以增加大量存活时间和输出时间，叠角龙羁绊里的缩小引擎无限循环往复这些属于白搭谁都能用，人均都能挂个叠角龙，坦克只有飞身踢，随到了就是爽局，随不到折磨一整把，除非阵容克制,yes,balance,competence_frustration,生命值只掉10%输出缺可以增加大量存,medium,true,命中机制关键信号「输出」，可作候选证据（待人工复核）,rule_based_baseline,rule_based_proposed_unreviewed
AP_0002,BQ_0002,BILI_0002,1,up主感觉有点抽象啊，后续的叠角龙刷出来用不到不拿就行了，就污染卡池多大点事，整一局下来也不见有多少人能有羁绊的，卡池就是长这样，不污染能有几个好东西,uncertain,balance,uncertain,up主感觉有点抽象啊，后续的叠角龙刷出来,low,true,有内容但机制指向不明确，需人工判断,rule_based_baseline,rule_based_proposed_unreviewed
AP_0003,BQ_0003,BILI_0002,2,再说羁绊也能加强升级狂妄效果，我的理解是只要这英雄适合开局出狂妄的，开局来必拿，但是本人也很反感有些人选个adc开局没亮剑硬出狂妄的（男枪除外）,no,,,,low,true,无明确机制指向且依赖上下文，暂不作为独立证据,rule_based_baseline,rule_based_proposed_unreviewed
AP_0004,BQ_0004,BILI_0002,3,一开始海斗出的时候，还没羁绊，我也没仔细看，一直以为神级狂妄是陷阱，后面才发现加移速,no,,,,low,true,无明确机制指向且依赖上下文，暂不作为独立证据,rule_based_baseline,rule_based_proposed_unreviewed
AP_0005,BQ_0005,BILI_0002,4,我才意识到这是神中神，很多刺客英雄多点移速手感都不一样了,uncertain,balance,uncertain,我才意识到这是神中神，很多刺客英雄多点移,low,true,有内容但机制指向不明确，需人工判断,rule_based_baseline,rule_based_proposed_unreviewed
AP_0006,BQ_0006,BILI_0003,1,还有，有人说不能搞出坦克版本，因为无法反制，然而这就是个错误的命题，坦克版本从来不存在，哪怕是之前的版本，坦克绝大部分时候也只是承担一个控制加承伤的作用，依然是ad和法师在打伤害，只是因为坦克能抗更久，可玩性增强，导致玩的人变多，实际上那个版本反而是每个位置都能玩的版本,yes,balance,competence_frustration,是承担一个控制加承伤的作用，依然是a,medium,true,命中机制关键信号「承伤」，可作候选证据（待人工复核）,rule_based_baseline,rule_based_proposed_unreviewed
AP_0007,BQ_0007,BILI_0004,1,我建议是：远程英雄从海克斯获取的移速和全能吸血都减半，所有叠层类海克斯远程阵亡时掉落更多层数，比如近战-65%远程-80%,yes,rewards,competence_frustration,获取的移速和全能吸血都减半，所有叠层,medium,true,命中机制关键信号「吸血」，可作候选证据（待人工复核）,rule_based_baseline,rule_based_proposed_unreviewed
AP_0008,BQ_0008,BILI_0005,1,之前有一把，我跟朋友双排，匹配队友是三排，我朋友肉我女枪，前期我顺风打的对面还不了手，三排开始疯狂浪，各种冲塔送，追到人家门牙送，技能打团不交留着各种k残血头，最后对面海克斯也糊了，我们被暴打，这三个崽种想投降了，我跟我朋友就是反对，几次之后他们三个直接全退，最后全体打字我朋友跟对面互刚，对面不打我我清兵线，一直打了一个多小时，中途三排以为输了，重连了好几次，最后对面爽完了让我推了赢了，没别的，就想制裁一下这种浪13队友,uncertain,matchmaking,uncertain,之前有一把，我跟朋友双排，匹配队友是三排,low,true,有内容但机制指向不明确，需人工判断,rule_based_baseline,rule_based_proposed_unreviewed
AP_0009,BQ_0009,BILI_0006,1,单排匹配了一堆牛马队友，选的都是最low的英雄，打着打着就打不过了，4分钟没2塔，满血见到残血就去换，不一会人头差距就翻倍，哪怕前期玩的很顺，推爆对面，也舍不得推塔，我们这边一个adc没有，过去送了几波对面adc经济直接起飞，一下子又推回来，然后队友一个一个去送,yes,matchmaking,competence_frustration,英雄，打着打着就打不过了，4分钟没2塔,medium,true,命中机制关键信号「打不过」，可作候选证据（待人工复核）,rule_based_baseline,rule_based_proposed_unreviewed
AP_0010,BQ_0010,BILI_0007,1,确实，千万别一个人玩LOL，昨晚一把队友四个adc被人叼起来锤，然后开始发信号标记我装备，说我躲在后面干嘛，问题是，我是星妈啊,no,,,,low,true,无明确机制指向且依赖上下文，暂不作为独立证据,rule_based_baseline,rule_based_proposed_unreviewed
AP_0011,BQ_0011,BILI_0007,2,我要是一个人冲上去全解决了还要他们干嘛,uncertain,,uncertain,我要是一个人冲上去全解决了还要他们干嘛,low,true,有内容但机制指向不明确，需人工判断,rule_based_baseline,rule_based_proposed_unreviewed
AP_0012,BQ_0012,BILI_0007,3,说我不选前排要玩个屁用没有的星妈,uncertain,,uncertain,说我不选前排要玩个屁用没有的星妈,low,true,有内容但机制指向不明确，需人工判断,rule_based_baseline,rule_based_proposed_unreviewed
AP_0013,BQ_0013,BILI_0007,4,奈何我满嘴的国粹打字打不出来，气得我直接下了去玩单机游戏了，后来两个朋友上号了才一起打了三四把，可以随便互相嘴臭，心情好多了,yes,community_conflict,norm_safety_risk,奈何我满嘴的国粹打字打不出来，气,medium,true,命中机制关键信号「国粹」，可作候选证据（待人工复核）,rule_based_baseline,rule_based_proposed_unreviewed
AP_0014,BQ_0014,BILI_0008,1,狂妄就是大乱斗刺客的底层代码，而移速更是刺客很重要的一个属性我不知道有什么理由不选升级狂妄，而且还给钱出门多一个散件,uncertain,rewards,uncertain,狂妄就是大乱斗刺客的底层代码，而移速更是,low,true,有内容但机制指向不明确，需人工判断,rule_based_baseline,rule_based_proposed_unreviewed
AP_0015,BQ_0015,BILI_0009,1,海都回血吸血手段太多了，玩ad必出绿穿，玩战士刺客也照样出绿穿，因为有时候队友即使出了重伤也不一定有机会挂上,yes,matchmaking,competence_frustration,海都回血吸血手段太多了，,medium,true,命中机制关键信号「回血」，可作候选证据（待人工复核）,rule_based_baseline,rule_based_proposed_unreviewed
AP_0016,BQ_0016,BILI_0010,1,我认为法师的鬼书性价比是几个重伤里面最低的,yes,rewards,competence_frustration,我认为法师的鬼书性价比是几个重伤里面最,medium,true,命中机制关键信号「性价比」，可作候选证据（待人工复核）,rule_based_baseline,rule_based_proposed_unreviewed
AP_0017,BQ_0017,BILI_0010,2,最超模的当属凡性,uncertain,balance,competence_frustration,最超模的当属凡性,low,true,命中「超模」但文本较短，存疑,rule_based_baseline,rule_based_proposed_unreviewed
AP_0018,BQ_0018,BILI_0010,3,现在ADC打肉无非就是出轻语+破败，但如果对面同时有肉+强回复，还可以凡性+破败，既能克制回复，又有一定打肉能力，属性也不亏,yes,balance,competence_frustration,凡性+破败，既能克制回复，又有一定打,medium,true,命中机制关键信号「克制」，可作候选证据（待人工复核）,rule_based_baseline,rule_based_proposed_unreviewed
AP_0019,BQ_0019,BILI_0010,4,法师的装备大部分就是垃圾，以前辅助的炼金科技纯化器还在的时候，如果对面有回复，我压根不出鬼书，直接出这个,yes,balance,competence_frustration,的装备大部分就是垃圾，以前辅助的炼金,medium,true,命中机制关键信号「垃圾」，可作候选证据（待人工复核）,rule_based_baseline,rule_based_proposed_unreviewed
AP_0020,BQ_0020,BILI_0011,1,单纯游戏理解不够，根本不是混不混的问题，海斗普遍吸血的情况下，800块可以大量克制，根本就该每个人都出，因为挂重伤的人死了意味着你也有高风险打不死对面了，就伤害转换的角度，出个重伤多打15%-25%的伤害，只要你的英雄不存在一刀秒和一个技能秒的情况，没有装备能有这个增伤量，比赛里经常三四个人出重伤的，难道比赛里没有前排和辅助,yes,balance,competence_frustration,的问题，海斗普遍吸血的情况下，800,medium,true,命中机制关键信号「吸血」，可作候选证据（待人工复核）,rule_based_baseline,rule_based_proposed_unreviewed
AP_0021,BQ_0021,BILI_0011,2,除去对线需求，就是必须要保证覆盖率，说白了就是菜才不爱出,yes,,competence_frustration,，就是必须要保证覆盖率，说白了就是菜才,medium,true,命中机制关键信号「覆盖率」，可作候选证据（待人工复核）,rule_based_baseline,rule_based_proposed_unreviewed
AP_0022,BQ_0022,BILI_0012,1,一开始我也不信邪，认为ap女枪是邪教，先后试过了暴击攻速流，上去点两枪，人快被aoe干死了，又试了穿甲大招流，大招被打断就有点查无此人了，要么开大原地等着被人切,no,,,,low,true,无明确机制指向且依赖上下文，暂不作为独立证据,rule_based_baseline,rule_based_proposed_unreviewed
AP_0023,BQ_0023,BILI_0012,2,最后，还得是ap女枪，把对面丢残血了，队友就嗷嗷冲上去了,no,,,,low,true,无明确机制指向且依赖上下文，暂不作为独立证据,rule_based_baseline,rule_based_proposed_unreviewed
AP_0024,BQ_0024,BILI_0013,1,重伤装备现状，我感觉与其怪队友，不如狠狠骂设计师，分明就是设计师不想让大家随意去出,yes,matchmaking,norm_safety_risk,怪队友，不如狠狠骂设计师，分明就是,medium,true,命中机制关键信号「骂」，可作候选证据（待人工复核）,rule_based_baseline,rule_based_proposed_unreviewed
AP_0025,BQ_0025,BILI_0013,2,反甲，属性和价格还算不错,no,,,,low,true,无明确机制指向且依赖上下文，暂不作为独立证据,rule_based_baseline,rule_based_proposed_unreviewed
AP_0026,BQ_0026,BILI_0013,3,但覆盖率就是恶心人，被打能触发肯定是对的，毕竟坦克不容易摸到对面后排,yes,balance,fairness_threat,但覆盖率就是恶心人，被打能触发肯定,medium,true,命中机制关键信号「恶心人」，可作候选证据（待人工复核）,rule_based_baseline,rule_based_proposed_unreviewed
AP_0027,BQ_0027,BILI_0013,4,但对面都贴我脸上半天了，凭什么只要他不碰我，就不会被挂重伤,yes,balance,fairness_threat,贴我脸上半天了，凭什么只要他不碰我，就,medium,true,命中机制关键信号「凭什么」，可作候选证据（待人工复核）,rule_based_baseline,rule_based_proposed_unreviewed
AP_0028,BQ_0028,BILI_0013,5,这不恶心人吗,uncertain,,fairness_threat,这不恶心人吗,low,true,命中「恶心人」但文本较短，存疑,rule_based_baseline,rule_based_proposed_unreviewed
AP_0029,BQ_0029,BILI_0013,6,鬼书，看一次想骂一次的装备,uncertain,community_conflict,norm_safety_risk,鬼书，看一次想骂一次的装备,low,true,命中「骂」但文本较短，存疑,rule_based_baseline,rule_based_proposed_unreviewed
AP_0030,BQ_0030,BILI_0013,7,按理说法师通常是大范围aoe，是挂重伤的最佳人选,yes,balance,competence_frustration,范围aoe，是挂重伤的最佳人选,medium,true,命中机制关键信号「重伤」，可作候选证据（待人工复核）,rule_based_baseline,rule_based_proposed_unreviewed
AP_0031,BQ_0031,BILI_0013,8,但鬼书2850的价格不算低了，结果要法强没法强，要cd没cd，本身也不提供蓝量,uncertain,balance,uncertain,但鬼书2850的价格不算低了，结果要法强,low,true,有内容但机制指向不明确，需人工判断,rule_based_baseline,rule_based_proposed_unreviewed
AP_0032,BQ_0032,BILI_0013,9,除非我玩的工具人法师，不然玩正常法师，出一次鬼书就要把设计师全家问候一遍,yes,communication_transparency,trust_communication_gap,出一次鬼书就要把设计师全家问候一遍,medium,true,命中机制关键信号「设计师」，可作候选证据（待人工复核）,rule_based_baseline,rule_based_proposed_unreviewed
AP_0033,BQ_0033,BILI_0013,10,链锯剑，价格属性中规中矩,no,,,,low,true,无明确机制指向且依赖上下文，暂不作为独立证据,rule_based_baseline,rule_based_proposed_unreviewed
AP_0034,BQ_0034,BILI_0013,11,但战士对装备效果要求挺高，而重伤效果占模严重，重伤装备只有重伤效果,yes,balance,competence_frustration,效果要求挺高，而重伤效果占模严重，重,medium,true,命中机制关键信号「重伤」，可作候选证据（待人工复核）,rule_based_baseline,rule_based_proposed_unreviewed
AP_0035,BQ_0035,BILI_0013,12,出是能出，但也是捏着鼻子的出,no,,,,low,true,无明确机制指向且依赖上下文，暂不作为独立证据,rule_based_baseline,rule_based_proposed_unreviewed
AP_0036,BQ_0036,BILI_0013,13,矛盾最尖锐的绿穿和红穿,no,,,,low,true,无明确机制指向且依赖上下文，暂不作为独立证据,rule_based_baseline,rule_based_proposed_unreviewed
AP_0037,BQ_0037,BILI_0013,14,是，暴击adc几乎都该出绿穿而不是红穿,uncertain,balance,uncertain,是，暴击adc几乎都该出绿穿而不是红穿,low,true,有内容但机制指向不明确，需人工判断,rule_based_baseline,rule_based_proposed_unreviewed
AP_0038,BQ_0038,BILI_0013,15,红穿存在的意义在哪,no,,,,low,true,无明确机制指向且依赖上下文，暂不作为独立证据,rule_based_baseline,rule_based_proposed_unreviewed
AP_0039,BQ_0039,BILI_0013,16,一个主打为团队牺牲，一个主打输出特化，为什么结果会出现一边倒的情况呢,yes,,fairness_threat,为什么结果会出现一边倒的情况呢,medium,true,命中机制关键信号「一边倒」，可作候选证据（待人工复核）,rule_based_baseline,rule_based_proposed_unreviewed
AP_0040,BQ_0040,BILI_0013,17,因为重伤装备垃圾，所以暴击adc要放弃输出特化去为团队牺牲，而红穿的输出特化数值低，收益不够高,yes,balance,competence_frustration,因为重伤装备垃圾，所以暴,medium,true,命中机制关键信号「重伤」，可作候选证据（待人工复核）,rule_based_baseline,rule_based_proposed_unreviewed
AP_0041,BQ_0041,BILI_0013,18,在暴击adc通常为团队大核的情况下，这是一件极其反常识的事，是设计师恶心玩家的产物,yes,communication_transparency,trust_communication_gap,其反常识的事，是设计师恶心玩家的产物,medium,true,命中机制关键信号「设计师」，可作候选证据（待人工复核）,rule_based_baseline,rule_based_proposed_unreviewed
AP_0042,BQ_0042,BILI_0013,19,最后，凭什么重伤装备就这4件,uncertain,balance,fairness_threat,最后，凭什么重伤装备就这4件,low,true,命中「凭什么」但文本较短，存疑,rule_based_baseline,rule_based_proposed_unreviewed
AP_0043,BQ_0043,BILI_0013,20,你设计师不是喜欢搞镜像产物吗,uncertain,communication_transparency,trust_communication_gap,你设计师不是喜欢搞镜像产,low,true,命中「设计师」但文本较短，存疑,rule_based_baseline,rule_based_proposed_unreviewed
AP_0044,BQ_0044,BILI_0013,21,怎么有物理版本反甲，却没有魔抗版本反甲,yes,balance,competence_frustration,本反甲，却没有魔抗版本反甲,medium,true,命中机制关键信号「抗」，可作候选证据（待人工复核）,rule_based_baseline,rule_based_proposed_unreviewed
AP_0045,BQ_0045,BILI_0013,22,恶心坦克玩家吗,no,,,,low,true,过短且无明确机制指向，视为语气/连接片段,rule_based_baseline,rule_based_proposed_unreviewed
AP_0046,BQ_0046,BILI_0013,23,为什么没有带穿甲的重伤装备,uncertain,balance,competence_frustration,什么没有带穿甲的重伤装备,low,true,命中「重伤」但文本较短，存疑,rule_based_baseline,rule_based_proposed_unreviewed
AP_0047,BQ_0047,BILI_0013,24,逼刺客玩家去选择链锯剑，恶心刺客玩家吗,uncertain,balance,uncertain,逼刺客玩家去选择链锯剑，恶心刺客玩家吗,low,true,有内容但机制指向不明确，需人工判断,rule_based_baseline,rule_based_proposed_unreviewed
AP_0048,BQ_0048,BILI_0013,25,为什么没有攻速流adc的重伤装备,yes,balance,competence_frustration,有攻速流adc的重伤装备,medium,true,命中机制关键信号「重伤」，可作候选证据（待人工复核）,rule_based_baseline,rule_based_proposed_unreviewed
AP_0049,BQ_0049,BILI_0013,26,绿穿红穿都能设计两件，给攻速流英雄设计一件很难吗,uncertain,balance,uncertain,绿穿红穿都能设计两件，给攻速流英雄设计一,low,true,有内容但机制指向不明确，需人工判断,rule_based_baseline,rule_based_proposed_unreviewed
AP_0050,BQ_0050,BILI_0013,27,总结，队友不出重伤是设计师不想让玩家随意覆盖重伤，重伤就是设计师的跌麻，设计师看见自己跌麻被玩家把玩就急眼，仅此而已,yes,matchmaking,trust_communication_gap,，队友不出重伤是设计师不想让玩家随意覆,medium,true,命中机制关键信号「设计师」，可作候选证据（待人工复核）,rule_based_baseline,rule_based_proposed_unreviewed
AP_0051,BQ_0051,BILI_0014,1,海克斯大乱斗看情况重伤该出就出，别等队友，对面血魔多也别考虑自己挂重伤效率高不高，海斗现在这环境大家伤害都高的一，后期团战很容易出现出重伤的辅助或者aoe法师不小心先被秒了，你ad自己不出重伤难道等着输吗,yes,matchmaking,belonging_drop,不高，海斗现在这环境大家伤害都高的一,medium,true,命中机制关键信号「环境」，可作候选证据（待人工复核）,rule_based_baseline,rule_based_proposed_unreviewed
AP_0052,BQ_0052,BILI_0014,2,我见过太多自以为自己很c的后排玩家，把把抱着个红穿不撒手，被对面战士刺客大爹两刀剁死然后无能狂怒,uncertain,balance,uncertain,我见过太多自以为自己很c的后排玩家，把把,low,true,有内容但机制指向不明确，需人工判断,rule_based_baseline,rule_based_proposed_unreviewed
AP_0053,BQ_0053,BILI_0015,1,还不是那个设计师把重伤装备搞那么垃圾，鬼书抱着那b300生命值不放，炼金链锯那点属性和大面具坐一桌了，绿穿自从巨杀被改回来就失去竞争力了，反甲倒是老见坦克出，高额护甲可以无脑叠生命和魔抗了,yes,communication_transparency,trust_communication_gap,还不是那个设计师把重伤装备搞那么,medium,true,命中机制关键信号「设计师」，可作候选证据（待人工复核）,rule_based_baseline,rule_based_proposed_unreviewed
AP_0054,BQ_0054,BILI_0016,1,这版本胡羁绊比上版本爽的多，四随机谁玩谁知道，20分钟四十层锻体，四叠四鞭炮也贼夸张,uncertain,balance,uncertain,这版本胡羁绊比上版本爽的多，四随机谁玩谁,low,true,有内容但机制指向不明确，需人工判断,rule_based_baseline,rule_based_proposed_unreviewed
AP_0055,BQ_0055,BILI_0016,2,缺点就是胡出来太强了，强到对面没有一点希望，二塔一掉就点了，爽不起来,uncertain,,uncertain,缺点就是胡出来太强了，强到对面没有一点希,low,true,有内容但机制指向不明确，需人工判断,rule_based_baseline,rule_based_proposed_unreviewed
AP_0056,BQ_0056,BILI_0016,3,我现在一胡就在想怎么控温，偶尔死一两波,uncertain,,uncertain,我现在一胡就在想怎么控温，偶尔死一两波,low,true,有内容但机制指向不明确，需人工判断,rule_based_baseline,rule_based_proposed_unreviewed
AP_0057,BQ_0057,BILI_0017,1,更新的一坨，之前海克斯好玩是因为合理的海克斯可以更好的发挥每个英雄的特性，让很多本来不适合大乱斗的英雄也能玩起来,uncertain,event_design,uncertain,更新的一坨，之前海克斯好玩是因为合理的海,low,true,有内容但机制指向不明确，需人工判断,rule_based_baseline,rule_based_proposed_unreviewed
AP_0058,BQ_0058,BILI_0017,2,现在则是海克斯+羁绊远大于英雄特性本身了，举个例子中东套，任何英雄拿个俯冲轰炸+大运都可以无脑雪球直接冲过去炸就完事,uncertain,balance,uncertain,现在则是海克斯+羁绊远大于英雄特性本身了,low,true,有内容但机制指向不明确，需人工判断,rule_based_baseline,rule_based_proposed_unreviewed
AP_0059,BQ_0059,BILI_0017,3,见面就是互秒，无聊的一比,no,,,,low,true,无明确机制指向且依赖上下文，暂不作为独立证据,rule_based_baseline,rule_based_proposed_unreviewed
AP_0060,BQ_0060,BILI_0018,1,其实我觉得一个游戏在大家都不会玩的时候才是最好玩的，因为当一个人自己和他人都会玩后往往都开始注重所谓提升技术，或则说执着于打出一些惊人操作，能意识到队友是猪的拉对面是小代的好而生气，以及各种因素，而海斗则是通过加入新机制，来一定程度上削弱了大部分玩家通过曾经的游戏经验带来的技术提升，并出现很多运气大于操作的游戏体验,uncertain,matchmaking,uncertain,其实我觉得一个游戏在大家都不会玩的时候才,low,true,有内容但机制指向不明确，需人工判断,rule_based_baseline,rule_based_proposed_unreviewed
AP_0061,BQ_0061,BILI_0018,2,从而给了不少人不错的体验吧，不用像排位那么执着输赢和技术，回归了开游戏就是想来把爽局,uncertain,matchmaking,uncertain,从而给了不少人不错的体验吧，不用像排位那,low,true,有内容但机制指向不明确，需人工判断,rule_based_baseline,rule_based_proposed_unreviewed
AP_0062,BQ_0062,BILI_0019,1,我遇到的几个新手，把把出狂徒心之钢当陀螺，然后把把说坐牢，没感觉他们有多爽,uncertain,new_player_onboarding,uncertain,我遇到的几个新手，把把出狂徒心之钢当陀螺,low,true,有内容但机制指向不明确，需人工判断,rule_based_baseline,rule_based_proposed_unreviewed
AP_0063,BQ_0063,BILI_0019,2,按照阵容出装虐对面不比被虐爽吗,uncertain,,uncertain,按照阵容出装虐对面不比被虐爽吗,low,true,有内容但机制指向不明确，需人工判断,rule_based_baseline,rule_based_proposed_unreviewed
AP_0064,BQ_0064,BILI_0020,1,我们阵容5个ad输出，对面两坨大肉，我一个韦鲁斯出ap就这样还有人点我纳什和黄昏呢，关键点我装备的人也不出重伤，还要我单挂一个800重伤剑，其他队友的看不下去了帮我说话，叫他别点了，韦鲁斯ap打肉更快,yes,matchmaking,competence_frustration,我们阵容5个ad输出，对面两坨大肉，,medium,true,命中机制关键信号「输出」，可作候选证据（待人工复核）,rule_based_baseline,rule_based_proposed_unreviewed
AP_0065,BQ_0065,BILI_0021,1,提莫低等英雄，萨芬纯种高等英雄，w是丢子关键移速，e技能是高贵的穿兵线穿人控制，同类型的妮寇e短的离谱，光辉只能穿两，出了冰杖就是全游戏最高贵的丢子控制，cd也不算长，r在大乱斗地形也是随便放，纯纯的高等英雄，海克斯适配度也高，银色扇巴掌，家园卫士，法师通用类，金色cd，叠角龙系列全能完美消化，法师系都吃，棱彩法师系都吃，残忍裂隙这种拿到也是瞎几把乱杀，怎么玩怎么赢，队友没控制就e抽奖，队友有控制就e后放稳定控制链，总结就是高等丢子英雄,uncertain,matchmaking,uncertain,提莫低等英雄，萨芬纯种高等英雄，w是丢子,low,true,有内容但机制指向不明确，需人工判断,rule_based_baseline,rule_based_proposed_unreviewed
AP_0066,BQ_0066,BILI_0022,1,昨天玩一把海克斯大乱斗，我们前期被对面吊打，我方卡牌点了投降，我们4个人都没点，然后卡牌心态崩了就开始挂机，结果卡牌挂机以后，对面就打不过我们了，我们4打5把对面打的节节败退，最后赢了,yes,event_design,norm_safety_risk,牌心态崩了就开始挂机，结果卡牌挂机以,medium,true,命中机制关键信号「挂机」，可作候选证据（待人工复核）,rule_based_baseline,rule_based_proposed_unreviewed
AP_0067,BQ_0067,BILI_0023,1,之前海克斯差点还能靠操作弥补一下，现在胡了是真的挡不住，甩个技能特效满天飞，经济高你大几千，也不是说要平衡，但是至少也要给用操作战胜运气的余地吧,uncertain,balance,uncertain,之前海克斯差点还能靠操作弥补一下，现在胡,low,true,有内容但机制指向不明确，需人工判断,rule_based_baseline,rule_based_proposed_unreviewed
AP_0068,BQ_0068,BILI_0024,1,玩了300多把海斗，印象中提莫没有正战绩过，不管对面还是己方，为什么我会记住提莫的战绩，之前有人提醒我这个英雄是吸队友血的，我就默默记住了,uncertain,matchmaking,uncertain,玩了300多把海斗，印象中提莫没有正战绩,low,true,有内容但机制指向不明确，需人工判断,rule_based_baseline,rule_based_proposed_unreviewed
AP_0069,BQ_0069,BILI_0025,1,这个通行证现在分循环任务和周常任务，周常是每周打3把无论输赢给600经验，循环是每两把给200经验,uncertain,rewards,uncertain,这个通行证现在分循环任务和周常任务，周常,low,true,有内容但机制指向不明确，需人工判断,rule_based_baseline,rule_based_proposed_unreviewed
AP_0070,BQ_0070,BILI_0025,2,通行证一共32级，150经验升一级，升满需要4800经验,uncertain,,uncertain,通行证一共32级，150经验升一级，升满,low,true,有内容但机制指向不明确，需人工判断,rule_based_baseline,rule_based_proposed_unreviewed
AP_0071,BQ_0071,BILI_0025,3,如果像我平时只打人机、打海斗只为了做做任务拿拿活动给的皮肤这样，每周只打三把做个周常的话，一周平均下来是900经验，就打五到六周差不多能打满的样子,uncertain,matchmaking,uncertain,如果像我平时只打人机、打海斗只为了做做任,low,true,有内容但机制指向不明确，需人工判断,rule_based_baseline,rule_based_proposed_unreviewed
AP_0072,BQ_0072,BILI_0025,4,我只会玩硬辅和法师，实战体验下来也就那样吧，该乐乐该坐牢坐牢，就是之前做赢一把的任务被elo做局了连跪10把让我很气,uncertain,rewards,uncertain,我只会玩硬辅和法师，实战体验下来也就那样,low,true,有内容但机制指向不明确，需人工判断,rule_based_baseline,rule_based_proposed_unreviewed
AP_0073,BQ_0073,BILI_0025,5,顺带一提今天虚空裂隙牛头让我顶爽了,uncertain,,uncertain,顺带一提今天虚空裂隙牛头让我顶爽了,low,true,有内容但机制指向不明确，需人工判断,rule_based_baseline,rule_based_proposed_unreviewed
AP_0074,BQ_0074,BILI_0026,1,开局领先一个锻造器价值750金币再领先300这就领先一千经济了,uncertain,,uncertain,开局领先一个锻造器价值750金币再领先3,low,true,有内容但机制指向不明确，需人工判断,rule_based_baseline,rule_based_proposed_unreviewed
AP_0075,BQ_0075,BILI_0026,2,后面还有自选的金变彩，还不是质变的随机彩，还有三个强化合剂,uncertain,,uncertain,后面还有自选的金变彩，还不是质变的随机彩,low,true,有内容但机制指向不明确，需人工判断,rule_based_baseline,rule_based_proposed_unreviewed
AP_0076,BQ_0076,BILI_0026,3,有等级跟没等级强度差距不是一点半点，没等级的人就是没体验被暴揍然后退游，加大新玩家入坑的门槛，到时候就剩一群结晶玩家在玩,yes,progression,fairness_threat,游，加大新玩家入坑的门槛，到时候就,medium,true,命中机制关键信号「坑」，可作候选证据（待人工复核）,rule_based_baseline,rule_based_proposed_unreviewed
AP_0077,BQ_0077,BILI_0027,1,一、bug多 二、伤害溢出，节奏快，坦克没有生存空间 三、局外成长不平衡,uncertain,progression,uncertain,一、bug多 二、伤害溢出，节奏快，坦克,low,true,有内容但机制指向不明确，需人工判断,rule_based_baseline,rule_based_proposed_unreviewed
AP_0078,BQ_0078,BILI_0028,1,感觉现在伤害都太高了，不是你秒我就是我秒你，肉都扛不住，而且海克斯不胡队友死活不点，胡了不是对面点就是队友点,uncertain,matchmaking,uncertain,感觉现在伤害都太高了，不是你秒我就是我秒,low,true,有内容但机制指向不明确，需人工判断,rule_based_baseline,rule_based_proposed_unreviewed
AP_0079,BQ_0079,BILI_0029,1,现在版本我个人认为最大的问题就是：1,uncertain,balance,uncertain,现在版本我个人认为最大的问题就是：1,low,true,有内容但机制指向不明确，需人工判断,rule_based_baseline,rule_based_proposed_unreviewed
AP_0080,BQ_0080,BILI_0029,2,局外养成影响局内游戏，这是MOBA游戏大忌,uncertain,progression,uncertain,局外养成影响局内游戏，这是MOBA游戏大,low,true,有内容但机制指向不明确，需人工判断,rule_based_baseline,rule_based_proposed_unreviewed
AP_0081,BQ_0081,BILI_0029,3,羁绊系统的崩坏，其实是调整弱符文的好工具，弱符文的羁绊就应该是0,uncertain,balance,uncertain,羁绊系统的崩坏，其实是调整弱符文的好工具,low,true,有内容但机制指向不明确，需人工判断,rule_based_baseline,rule_based_proposed_unreviewed
AP_0082,BQ_0082,BILI_0029,4,5=2的效果，强符文就是1+1=1的效果，比如你是选择拿一个单个效果的垃圾符文，赌强力的羁绊，还是选择保底，选择当个强力的符文，但是羁绊就很一般,yes,balance,competence_frustration,拿一个单个效果的垃圾符文，赌强力的羁,medium,true,命中机制关键信号「垃圾」，可作候选证据（待人工复核）,rule_based_baseline,rule_based_proposed_unreviewed
AP_0083,BQ_0083,BILI_0029,5,这样对于单次没拿到强力符文的玩家，也是种补偿机制,uncertain,,uncertain,这样对于单次没拿到强力符文的玩家，也是种,low,true,有内容但机制指向不明确，需人工判断,rule_based_baseline,rule_based_proposed_unreviewed
AP_0084,BQ_0084,BILI_0029,6,经济系符文和羁绊的数值，经济的优势，是一种无法反制的优势，同时先发永远赢后发，其他符文你还有可能用操作，针对出装来反制，但是经济类不行，数值还要调整,yes,balance,fairness_threat,还有可能用操作，针对出装来反制，但是,medium,true,命中机制关键信号「针对」，可作候选证据（待人工复核）,rule_based_baseline,rule_based_proposed_unreviewed
AP_0085,BQ_0085,BILI_0029,7,还是经济类符文，过于强势且适用性广，挤占了其他符文的选择空间，整局游戏大家都在找经济类符文，海克斯大乱斗变成了极地乱斗极速版,uncertain,event_design,uncertain,还是经济类符文，过于强势且适用性广，挤占,low,true,有内容但机制指向不明确，需人工判断,rule_based_baseline,rule_based_proposed_unreviewed
AP_0086,BQ_0086,BILI_0029,8,坦克位的生存环境恶劣，坦克作为游戏内经济最低的位置，经济类符文的泛滥，心之钢的削弱，导致坦克选出来就成了一个混子，大家就都不太愿意玩坦克了，又成为了丢子大乱斗,yes,event_design,belonging_drop,坦克位的生存环境恶劣，坦克作为游,medium,true,命中机制关键信号「环境」，可作候选证据（待人工复核）,rule_based_baseline,rule_based_proposed_unreviewed
AP_0087,BQ_0087,BILI_0029,9,总感觉设计师像换人了一样，上版本经济符文保守，这版本直接走向了另一个极端，小蛋糕这种前两个来就是假卡级别的，或者可以考虑进一步削弱金币获取，强调它的治疗效果，敌方只有减速，没有治疗，这样可以作为坦克或者软辅的备选符文，增加这两位置的功能性和经济补充,yes,communication_transparency,trust_communication_gap,总感觉设计师像换人了一样，上,medium,true,命中机制关键信号「设计师」，可作候选证据（待人工复核）,rule_based_baseline,rule_based_proposed_unreviewed
AP_0088,BQ_0088,BILI_0029,10,最后个人要求，能不能删了你那开局锻造器，300你都删了，又不删干净，删完了显得设计师会蠢，所以要保留一部分是吧,yes,communication_transparency,trust_communication_gap,干净，删完了显得设计师会蠢，所以要保留,medium,true,命中机制关键信号「设计师」，可作候选证据（待人工复核）,rule_based_baseline,rule_based_proposed_unreviewed
AP_0089,BQ_0089,BILI_0029,11,up说的总体上我是认可的，原本海克斯乱斗是比较平衡的，极少有天胡打不了的对局，大部分对局都是主要看思路和操作，如果对面坦克横行或者刺客横行，那大概率是因为你们阵容构成本来有问题，符文进一步放大了这个问题，下把开局的时候，你会下意识的补,uncertain,balance,uncertain,up说的总体上我是认可的，原本海克斯乱斗,low,true,有内容但机制指向不明确，需人工判断,rule_based_baseline,rule_based_proposed_unreviewed
AP_0090,BQ_0090,BILI_0030,1,我这几天见到的最多的评价就是这把运气差了点/对面海克斯太糊了，你还知道我运气差呀,uncertain,balance,uncertain,我这几天见到的最多的评价就是这把运气差了,low,true,有内容但机制指向不明确，需人工判断,rule_based_baseline,rule_based_proposed_unreviewed
AP_0091,BQ_0091,BILI_0030,2,我发的海克斯那都是人用的吗，坦克的给射手的射手都给法师的法师的给辅助的辅助的给坦克的,uncertain,balance,uncertain,我发的海克斯那都是人用的吗，坦克的给射手,low,true,有内容但机制指向不明确，需人工判断,rule_based_baseline,rule_based_proposed_unreviewed
AP_0092,BQ_0092,BILI_0030,3,羁绊都凑不起来，坦克连钢化你心是什么样子都不知道，我们莎弥拉从来就没亮过剑，对面莎弥拉把把都亮剑,uncertain,balance,uncertain,羁绊都凑不起来，坦克连钢化你心是什么样子,low,true,有内容但机制指向不明确，需人工判断,rule_based_baseline,rule_based_proposed_unreviewed
AP_0093,BQ_0093,BILI_0031,1,不知道你新版玩了多少把，我一开始也是和up一样的观点，接下来我说说深度游玩后我的想法吧，和你的有区别,uncertain,,uncertain,不知道你新版玩了多少把，我一开始也是和u,low,true,有内容但机制指向不明确，需人工判断,rule_based_baseline,rule_based_proposed_unreviewed
AP_0094,BQ_0094,BILI_0031,2,首先，我目前通行证24级，证明我游玩的次数还是比较多的,uncertain,,uncertain,首先，我目前通行证24级，证明我游玩的次,low,true,有内容但机制指向不明确，需人工判断,rule_based_baseline,rule_based_proposed_unreviewed
AP_0095,BQ_0095,BILI_0031,3,新版海克斯随着各个羁绊，其实拓展了大乱斗的玩法，原来就是打团，推塔，现在很多时候变成各路神仙打架，其实有点像之前的斗魂，就是说多重羁绊让后期也有的玩内容,uncertain,event_design,uncertain,新版海克斯随着各个羁绊，其实拓展了大乱斗,low,true,有内容但机制指向不明确，需人工判断,rule_based_baseline,rule_based_proposed_unreviewed
AP_0096,BQ_0096,BILI_0031,4,整体给我的体验是优于更新前的,no,,,,low,true,无明确机制指向且依赖上下文，暂不作为独立证据,rule_based_baseline,rule_based_proposed_unreviewed
AP_0097,BQ_0097,BILI_0031,5,虽然我知道有各种不平衡，但是破题之法不是非要打赢的，总体来说还是可以各得其乐我只能说，战士坦克爽在后期锻体，前期坐牢，丢丢怪前期爽，后期坐牢,uncertain,balance,uncertain,虽然我知道有各种不平衡，但是破题之法不是,low,true,有内容但机制指向不明确，需人工判断,rule_based_baseline,rule_based_proposed_unreviewed
AP_0098,BQ_0098,BILI_0031,6,其次讲一下局外养成，首先我表态，我也不太支持，但是也有让我惊喜的地方,uncertain,progression,uncertain,其次讲一下局外养成，首先我表态，我也不太,low,true,有内容但机制指向不明确，需人工判断,rule_based_baseline,rule_based_proposed_unreviewed
AP_0099,BQ_0099,BILI_0031,7,但是我发现游戏是根据玩家的通行证等级匹配的（当然不完全是，有这个因素），我没有初始金币，我的队友基本上也没有,uncertain,matchmaking,uncertain,但是我发现游戏是根据玩家的通行证等级匹配,low,true,有内容但机制指向不明确，需人工判断,rule_based_baseline,rule_based_proposed_unreviewed
AP_0100,BQ_0100,BILI_0031,8,其次，通行证让这个游戏有了追求，肝是一方面，让你有了新的获得感和乐子，我觉得还可以，但是平衡性做的确实有待商榷,uncertain,progression,uncertain,其次，通行证让这个游戏有了追求，肝是一方,low,true,有内容但机制指向不明确，需人工判断,rule_based_baseline,rule_based_proposed_unreviewed
AP_0101,BQ_0101,BILI_0032,1,玩了十几把新版海斗果断退坑了，主要还是因为平衡崩坏了,yes,,fairness_threat,把新版海斗果断退坑了，主要还是因为,medium,true,命中机制关键信号「坑」，可作候选证据（待人工复核）,rule_based_baseline,rule_based_proposed_unreviewed
AP_0102,BQ_0102,BILI_0032,2,上个版本即使遇到对面一两个天胡的，这边只要想赢还是可以通过沟通团队合作，抓对面失误，卡复活时间，强开打人数差等等用操作和一点运营思路翻盘,uncertain,balance,uncertain,上个版本即使遇到对面一两个天胡的，这边只,low,true,有内容但机制指向不明确，需人工判断,rule_based_baseline,rule_based_proposed_unreviewed
AP_0103,BQ_0103,BILI_0032,3,这个版本就是一直打架激情互秒，要么被虐，要么无脑屠杀，几乎都是一边倒的对局，少了很多拉扯，操作和博弈的乐趣，而少了的这些我认为就是英雄联盟这个游戏的精髓,yes,balance,fairness_threat,脑屠杀，几乎都是一边倒的对局，少了很多,medium,true,命中机制关键信号「一边倒」，可作候选证据（待人工复核）,rule_based_baseline,rule_based_proposed_unreviewed
AP_0104,BQ_0104,BILI_0033,1,海斗至少不会全是丢丢怪的天下，有时候玩普通大乱斗对面丢子多就是坐牢局，就算赢了也感觉很心累，海斗感觉至少有那一丝抽到好海克斯的希望,uncertain,event_design,uncertain,海斗至少不会全是丢丢怪的天下，有时候玩普,low,true,有内容但机制指向不明确，需人工判断,rule_based_baseline,rule_based_proposed_unreviewed
AP_0105,BQ_0105,BILI_0034,1,海克斯大乱斗跟这个普通大乱斗不一样的点在于普通大乱斗英雄一抽完差不多知道结局了，海克斯大乱斗每次符文对每个英雄都可能带来质变，不确定性很多,uncertain,event_design,uncertain,海克斯大乱斗跟这个普通大乱斗不一样的点在,low,true,有内容但机制指向不明确，需人工判断,rule_based_baseline,rule_based_proposed_unreviewed
AP_0106,BQ_0106,BILI_0035,1,我感觉最大的问题就是 它是大乱斗 你想玩一个套路你甚至得先赌自己这一把有没有玩这个套路的资格 在此基础的恶性体验最上限是一随到自己既不会玩+不知道适用什么套路的英雄+天谴海克斯 对局十分熟练完全知道怎么玩+知道适用套路+天胡海克斯 就会导致对局完全没有任何体验 但凡依旧大乱斗地图但是改成英雄自选都比现在好 至少能保证在天谴海克斯的情况下自己至少能发挥英雄本身的实力来应对对面 而不是完全没有任何可用操作,uncertain,progression,uncertain,我感觉最大的问题就是 它是大乱斗 你想玩,low,true,有内容但机制指向不明确，需人工判断,rule_based_baseline,rule_based_proposed_unreviewed
AP_0107,BQ_0107,BILI_0036,1,确实，对面来2个2500，搞个小蛋糕，我们这边没有，就没法打，装备碾压了，昨天我一个400护甲的老黑被对面菜刀队融了就离谱，雪球进去开w死了,no,,,,low,true,无明确机制指向且依赖上下文，暂不作为独立证据,rule_based_baseline,rule_based_proposed_unreviewed
AP_0108,BQ_0108,BILI_0036,2,还有开局锻造器太亏贼了，别人银的我彩的，开局25%全吸，比别人多个吸血习性，对面怎么打，昨天一把狮子狗开局20固穿，队友天使25%全吸，因为是6级前锻出的，天使是近战，不会减半，再配上9级给的大红药，直接给对面打投了，第三个海克斯都没见着,yes,matchmaking,competence_frustration,全吸，比别人多个吸血习性，对面怎么打,medium,true,命中机制关键信号「吸血」，可作候选证据（待人工复核）,rule_based_baseline,rule_based_proposed_unreviewed
AP_0109,BQ_0109,BILI_0037,1,遇到个10秒一个大的死歌，我玩的老鼠，活不过20秒，然后自己这边三个肉一个刺客，就我和刺客有输出，两个肉开黑的炼金和锤石一直不点，还嘲讽我们就是这样玩游戏的光点投降,yes,balance,competence_frustration,客，就我和刺客有输出，两个肉开黑的炼,medium,true,命中机制关键信号「输出」，可作候选证据（待人工复核）,rule_based_baseline,rule_based_proposed_unreviewed
AP_0110,BQ_0110,BILI_0037,2,人家死歌也不推，就一直在家放大，我复活20秒必死,uncertain,,uncertain,人家死歌也不推，就一直在家放大，我复活2,low,true,有内容但机制指向不明确，需人工判断,rule_based_baseline,rule_based_proposed_unreviewed
AP_0111,BQ_0111,BILI_0037,3,给我气的使劲喷这个炼金,uncertain,community_conflict,norm_safety_risk,给我气的使劲喷这个炼金,low,true,命中「喷」但文本较短，存疑,rule_based_baseline,rule_based_proposed_unreviewed
AP_0112,BQ_0112,BILI_0038,1,总场数600多盘但是我现在已经不想玩了，一坨大便的平衡性，强化越来越非人类，坦克得不到经济补充后排装备起得比前排快，路人局普遍不想玩前排整一盘阵容畸形到不得了还有那鬼一样的海克斯池子，你就玩吧,yes,balance,belonging_drop,盘但是我现在已经不想玩了，一坨大便的平,medium,true,命中机制关键信号「不想玩」，可作候选证据（待人工复核）,rule_based_baseline,rule_based_proposed_unreviewed
AP_0113,BQ_0113,BILI_0039,1,最近我是真感觉池子被污染了，谁家剑圣、瘸子池子里有尤里卡、神射这种法师海克斯，我打了好几场的瘸子，全给法师海克斯，碎片一堆法穿法强，一点穿甲攻击不给,uncertain,balance,uncertain,最近我是真感觉池子被污染了，谁家剑圣、瘸,low,true,有内容但机制指向不明确，需人工判断,rule_based_baseline,rule_based_proposed_unreviewed
AP_0114,BQ_0114,BILI_0040,1,很多人就喜欢不平衡，越不平越支持，说娱乐模式就是要不公平，不然像排位无限斗魂越平衡越暴死,yes,matchmaking,fairness_threat,说娱乐模式就是要不公平，不然像排位无限,medium,true,命中机制关键信号「不公平」，可作候选证据（待人工复核）,rule_based_baseline,rule_based_proposed_unreviewed
AP_0115,BQ_0115,BILI_0040,2,我还是觉得海斗步子迈大了，加速暴死，之前都是什么丢子王朝，坦克王朝，只有建议不玩什么，没说不好玩不够爽，现在出现两极分化了，一边说太爽太好玩了，一边说无论输赢对局太快，没爽就结束，拿不到好的符文投，没对面好的投，二塔没了投，为了局外奖励投，人头全被K战绩不好投,uncertain,rewards,uncertain,我还是觉得海斗步子迈大了，加速暴死，之前,low,true,有内容但机制指向不明确，需人工判断,rule_based_baseline,rule_based_proposed_unreviewed
AP_0116,BQ_0116,BILI_0041,1,测试服出羁绊的时候我就说了，原本挺好玩的出了羁绊看似选择更多其实选择更少了，因为固定强度的羁绊比随机搭配符文提升更大更稳定,uncertain,balance,uncertain,测试服出羁绊的时候我就说了，原本挺好玩的,low,true,有内容但机制指向不明确，需人工判断,rule_based_baseline,rule_based_proposed_unreviewed
AP_0117,BQ_0117,BILI_0041,2,本来就是娱乐模式，大家都是玩创新科技的，你出了一个稳定提升能力的羁绊系统，胜负欲望强的肯定就是选不需要赌命的英雄，稳定羁绊类海克斯，每把都能遇到，就跟加强版峡谷一样，海克斯的精神丢失了，娱乐不起来,uncertain,event_design,uncertain,本来就是娱乐模式，大家都是玩创新科技的，,low,true,有内容但机制指向不明确，需人工判断,rule_based_baseline,rule_based_proposed_unreviewed
AP_0118,BQ_0118,BILI_0042,1,过于娱乐化，导致大乱斗本身的竞技性没了，从为英雄定制海克斯变成为凑羁绊拿海克斯，阵容和英雄还有手法熟练度对对局的影响力下滑太多了，玩起来反而乏味,uncertain,progression,uncertain,过于娱乐化，导致大乱斗本身的竞技性没了，,low,true,有内容但机制指向不明确，需人工判断,rule_based_baseline,rule_based_proposed_unreviewed
AP_0119,BQ_0119,BILI_0042,2,看到对面神人拿到胡牌海克斯用猪鼻操作大杀四方，感觉像吃了坨谢特，玩回普通乱斗了,uncertain,balance,uncertain,看到对面神人拿到胡牌海克斯用猪鼻操作大杀,low,true,有内容但机制指向不明确，需人工判断,rule_based_baseline,rule_based_proposed_unreviewed
AP_0120,BQ_0120,BILI_0043,1,新版本海斗没有英雄和海克斯联动的乐趣，全在凑羁绊，没羁绊的海克斯天生低人一等，上版本很多能作为保本选的海克斯这版本因为不带羁绊导致玩家看都不想看一眼，选海克斯从和英雄的适配性考虑变成能不能凑出羁绊，一些弱势海克斯不仅没加强也没进羁绊系统，而红包小蛋糕捐赠缩小引擎这些本身强度都超模到天上去的海克斯却还能进羁绊系统,yes,balance,competence_frustration,擎这些本身强度都超模到天上去的海克斯,medium,true,命中机制关键信号「超模」，可作候选证据（待人工复核）,rule_based_baseline,rule_based_proposed_unreviewed
AP_0121,BQ_0121,BILI_0044,1,作为娱乐模式，最重要的不应该是用海克斯强化增加新的玩法吗,uncertain,event_design,uncertain,作为娱乐模式，最重要的不应该是用海克斯强,low,true,有内容但机制指向不明确，需人工判断,rule_based_baseline,rule_based_proposed_unreviewed
AP_0122,BQ_0122,BILI_0044,2,比如我玩盖伦，拿到一板一眼我可以考虑玩爆穿攻速流，拿到钢化你心玩肉之类的，怎么就非得做出来一堆数值羁绊数值海克斯呢,no,,,,low,true,无明确机制指向且依赖上下文，暂不作为独立证据,rule_based_baseline,rule_based_proposed_unreviewed
AP_0123,BQ_0123,BILI_0044,3,现在这一改完所有人无脑找经济羁绊和锻造器羁绊，这玩意到后面就是数值碾压你，玩起来恶心的一批,uncertain,balance,uncertain,现在这一改完所有人无脑找经济羁绊和锻造器,low,true,有内容但机制指向不明确，需人工判断,rule_based_baseline,rule_based_proposed_unreviewed
AP_0124,BQ_0124,BILI_0044,4,那个俯冲轰炸羁绊和全自动羁绊不是设计的挺有想法吗,uncertain,balance,uncertain,那个俯冲轰炸羁绊和全自动羁绊不是设计的挺,low,true,有内容但机制指向不明确，需人工判断,rule_based_baseline,rule_based_proposed_unreviewed
AP_0125,BQ_0125,BILI_0044,5,为啥非得走数值路子呢,no,,,,low,true,无明确机制指向且依赖上下文，暂不作为独立证据,rule_based_baseline,rule_based_proposed_unreviewed
AP_0126,BQ_0126,BILI_0045,1,这版本丢子太恶心了 都说娱乐模式不需要平衡 但是丢子是最影响游戏体验的 十个人互丢的局更是走位练习 毫无体验感 坦克稍微强点可以让战士射手刺客以及坦克本身都有游戏体验 丢子只能让自己获得游戏体验 丢爽了后期还是会被翻 恶心得很,uncertain,progression,uncertain,这版本丢子太恶心了 都说娱乐模式不需要平,low,true,有内容但机制指向不明确，需人工判断,rule_based_baseline,rule_based_proposed_unreviewed
AP_0127,BQ_0127,BILI_0046,1,现在肉压根玩不了，像小丑一样，我不理解钢为啥削到百6，没刚化你心出钢跟浪费钱没啥区别了，全是丢子伤害还高的不行，玩adc想玩神龙烈焰，狠着出魔法飞弹,uncertain,balance,uncertain,现在肉压根玩不了，像小丑一样，我不理解钢,low,true,有内容但机制指向不明确，需人工判断,rule_based_baseline,rule_based_proposed_unreviewed
AP_0128,BQ_0128,BILI_0046,2,选个大虫子玩刚化你心，第二个给我出踢踏舞,uncertain,,uncertain,选个大虫子玩刚化你心，第二个给我出踢踏舞,low,true,有内容但机制指向不明确，需人工判断,rule_based_baseline,rule_based_proposed_unreviewed
AP_0129,BQ_0129,BILI_0046,3,卡池还更垃圾了很多纯法师居然会出法转物，设计师左右脑互搏，蛋糕这东西的数值为啥能活出测试服，我说白了必须得做卡池区分，不然设计出来的东西他们自己驾驭不了,yes,communication_transparency,trust_communication_gap,居然会出法转物，设计师左右脑互搏，蛋糕,medium,true,命中机制关键信号「设计师」，可作候选证据（待人工复核）,rule_based_baseline,rule_based_proposed_unreviewed
AP_0130,BQ_0130,BILI_0047,1,这模式一旦没人爱玩前排就是纯坐牢，两边都是丢子互丢和刺客对秒，纯折磨，我玩大乱斗就是来无脑战斗的，我还得躲弹幕一样的游戏，我还得小心那个比小丑和法师莫名其妙的飞弹，那个比骰子和金币羁绊一旦糊起来就是纯纯的成帝，还有海克斯需要通行证解锁又是哪个设计师脑子进大分了设计出来的,yes,communication_transparency,trust_communication_gap,行证解锁又是哪个设计师脑子进大分了设计,medium,true,命中机制关键信号「设计师」，可作候选证据（待人工复核）,rule_based_baseline,rule_based_proposed_unreviewed
AP_0131,BQ_0131,BILI_0047,2,我玩的少天生低人一等,no,,,,low,true,无明确机制指向且依赖上下文，暂不作为独立证据,rule_based_baseline,rule_based_proposed_unreviewed
AP_0132,BQ_0132,BILI_0048,1,我的建议是直接加一个棱彩海克斯，而且只能极地地图有概率出现，叫做极寒渊狱，效果非常简单因为风暴的影响不受到450码以外任何伤害--实际上就是赵信大招,uncertain,balance,uncertain,我的建议是直接加一个棱彩海克斯，而且只能,low,true,有内容但机制指向不明确，需人工判断,rule_based_baseline,rule_based_proposed_unreviewed
AP_0133,BQ_0133,BILI_0048,2,直接选到就不让丢子玩了，这个海克斯甚至可以出现概率非常低，地图1/3概率，加出彩概率，加降低其本身出现概率,uncertain,balance,uncertain,直接选到就不让丢子玩了，这个海克斯甚至可,low,true,有内容但机制指向不明确，需人工判断,rule_based_baseline,rule_based_proposed_unreviewed
AP_0134,BQ_0134,BILI_0048,3,其存在的核心意义是“威慑纪元”，你选五个丢子之前要掂量一下，对面有没有可能拿到这个海克斯直接一个打五个开爽,uncertain,balance,uncertain,其存在的核心意义是“威慑纪元”，你选五个,low,true,有内容但机制指向不明确，需人工判断,rule_based_baseline,rule_based_proposed_unreviewed
AP_0135,BQ_0135,BILI_0048,4,这样既不真正削弱其它海克斯，和丢子玩家的实际游玩体验，还能减少丢子,uncertain,balance,uncertain,这样既不真正削弱其它海克斯，和丢子玩家的,low,true,有内容但机制指向不明确，需人工判断,rule_based_baseline,rule_based_proposed_unreviewed
AP_0136,BQ_0136,BILI_0049,1,近战海克斯和远程海克斯不作区分是最蠢的设计,uncertain,balance,uncertain,近战海克斯和远程海克斯不作区分是最蠢的设,low,true,有内容但机制指向不明确，需人工判断,rule_based_baseline,rule_based_proposed_unreviewed
AP_0137,BQ_0137,BILI_0049,2,全能吸血需要削弱，不然本身缺伤害的英雄一辈子打不赢一个有全能吸血的脆皮,yes,balance,competence_frustration,全能吸血需要削弱，不然本,medium,true,命中机制关键信号「吸血」，可作候选证据（待人工复核）,rule_based_baseline,rule_based_proposed_unreviewed
AP_0138,BQ_0138,BILI_0049,3,削弱移速类海克斯或者降低前期的数值,uncertain,balance,uncertain,削弱移速类海克斯或者降低前期的数值,low,true,有内容但机制指向不明确，需人工判断,rule_based_baseline,rule_based_proposed_unreviewed
AP_0139,BQ_0139,BILI_0049,4,削弱当前版本人人都有的气定神闲前期强度,uncertain,balance,uncertain,削弱当前版本人人都有的气定神闲前期强度,low,true,有内容但机制指向不明确，需人工判断,rule_based_baseline,rule_based_proposed_unreviewed
AP_0140,BQ_0140,BILI_0050,1,觉得好玩的应该都是新玩家和运气很好的欧皇，胡了那么两三把，正巧对面还不点，所以就感觉挺好玩的，幸存者偏差,yes,,fairness_threat,挺好玩的，幸存者偏差,medium,true,命中机制关键信号「偏」，可作候选证据（待人工复核）,rule_based_baseline,rule_based_proposed_unreviewed
AP_0141,BQ_0141,BILI_0050,2,我大乱斗十年老玩家了，一有空就高强度大乱斗，这版本玩了四五十把，很明确的结论就是不好玩，这两天更新后变得更不好玩了,uncertain,event_design,uncertain,我大乱斗十年老玩家了，一有空就高强度大乱,low,true,有内容但机制指向不明确，需人工判断,rule_based_baseline,rule_based_proposed_unreviewed
AP_0142,BQ_0142,BILI_0050,3,我感觉我应该能代表大多数玩家的心声，那些觉得好玩的应该是玩的还不够多，加上运气不错的幸存者偏差,yes,,fairness_threat,运气不错的幸存者偏差,medium,true,命中机制关键信号「偏」，可作候选证据（待人工复核）,rule_based_baseline,rule_based_proposed_unreviewed
AP_0143,BQ_0143,BILI_0051,1,加点坦克的海克斯吧，目前坦克的海克斯就那么几个，强势一点的钢化你心，歌莉娅巨人，慢炖，坦克引擎等等,uncertain,balance,uncertain,加点坦克的海克斯吧，目前坦克的海克斯就那,low,true,有内容但机制指向不明确，需人工判断,rule_based_baseline,rule_based_proposed_unreviewed
AP_0144,BQ_0144,BILI_0051,2,还有一大堆招笑的，比如控制敌人回血，控制敌人加护甲魔抗的，太弱了这些,yes,,competence_frustration,的，比如控制敌人回血，控制敌人加护甲,medium,true,命中机制关键信号「回血」，可作候选证据（待人工复核）,rule_based_baseline,rule_based_proposed_unreviewed
AP_0145,BQ_0145,BILI_0051,3,目前就是输出海克斯比防御类海克斯多太多，玩坦克大部分很难能拿到适配的海克斯，这种情况下毫无游戏体验,yes,balance,competence_frustration,目前就是输出海克斯比防御类海,medium,true,命中机制关键信号「输出」，可作候选证据（待人工复核）,rule_based_baseline,rule_based_proposed_unreviewed
AP_0146,BQ_0146,BILI_0051,4,建议加一些减伤的，加双抗的海克斯,yes,balance,competence_frustration,一些减伤的，加双抗的海克斯,medium,true,命中机制关键信号「抗」，可作候选证据（待人工复核）,rule_based_baseline,rule_based_proposed_unreviewed
AP_0147,BQ_0147,BILI_0052,1,这说的太对了 玩战士坦克纯纯坐牢 你不上队友不上 9个人在丢 你上了团开了 你送了 队友收割 你一个助攻 等级经济全场倒一,uncertain,matchmaking,uncertain,这说的太对了 玩战士坦克纯纯坐牢 你不上,low,true,有内容但机制指向不明确，需人工判断,rule_based_baseline,rule_based_proposed_unreviewed
AP_0148,BQ_0148,BILI_0053,1,为什么我不爱玩大乱斗这个模式，就是因为这模式里面的人大部分段位低，只为了自己爽,uncertain,matchmaking,uncertain,为什么我不爱玩大乱斗这个模式，就是因为这,low,true,有内容但机制指向不明确，需人工判断,rule_based_baseline,rule_based_proposed_unreviewed
AP_0149,BQ_0149,BILI_0053,2,谁管你厉害不厉害，能不能翻盘，人家不爽就点,uncertain,,uncertain,谁管你厉害不厉害，能不能翻盘，人家不爽就,low,true,有内容但机制指向不明确，需人工判断,rule_based_baseline,rule_based_proposed_unreviewed
AP_0150,BQ_0150,BILI_0053,3,要么就是你玩ad坦克不探草，没人保护你,uncertain,balance,uncertain,要么就是你玩ad坦克不探草，没人保护你,low,true,有内容但机制指向不明确，需人工判断,rule_based_baseline,rule_based_proposed_unreviewed
AP_0151,BQ_0151,BILI_0053,4,一个一个玩的贼自私,no,,,,low,true,无明确机制指向且依赖上下文，暂不作为独立证据,rule_based_baseline,rule_based_proposed_unreviewed
AP_0152,BQ_0152,BILI_0053,5,而排位随着段位越高那种沟通和理解能力越来越高，才让我感受到那是一个团队游戏,uncertain,matchmaking,uncertain,而排位随着段位越高那种沟通和理解能力越来,low,true,有内容但机制指向不明确，需人工判断,rule_based_baseline,rule_based_proposed_unreviewed
AP_0153,BQ_0153,BILI_0053,6,如果一个游戏的玩家都是自私的，只为了自己爽的,uncertain,,uncertain,如果一个游戏的玩家都是自私的，只为了自己,low,true,有内容但机制指向不明确，需人工判断,rule_based_baseline,rule_based_proposed_unreviewed
AP_0154,BQ_0154,BILI_0053,7,那谁还玩ad，谁还玩辅助,no,,,,low,true,无明确机制指向且依赖上下文，暂不作为独立证据,rule_based_baseline,rule_based_proposed_unreviewed
AP_0155,BQ_0155,BILI_0053,8,谁愿意牺牲自己体验保护队友发育,uncertain,matchmaking,uncertain,谁愿意牺牲自己体验保护队友发育,low,true,有内容但机制指向不明确，需人工判断,rule_based_baseline,rule_based_proposed_unreviewed
AP_0156,BQ_0156,BILI_0053,9,谁会把队友当为队友,no,,,,low,true,无明确机制指向且依赖上下文，暂不作为独立证据,rule_based_baseline,rule_based_proposed_unreviewed
AP_0157,BQ_0157,BILI_0054,1,我现在对海斗最大的意见就是这个模式太火了，甚至吸引了一些人回坑和入坑,yes,event_design,fairness_threat,至吸引了一些人回坑和入坑,medium,true,命中机制关键信号「坑」，可作候选证据（待人工复核）,rule_based_baseline,rule_based_proposed_unreviewed
AP_0158,BQ_0158,BILI_0054,2,这就导致匹到的神人越来越多,no,,,,low,true,无明确机制指向且依赖上下文，暂不作为独立证据,rule_based_baseline,rule_based_proposed_unreviewed
AP_0159,BQ_0159,BILI_0054,3,把把感觉家里都有起码一个负作用的人,uncertain,,uncertain,把把感觉家里都有起码一个负作用的人,low,true,有内容但机制指向不明确，需人工判断,rule_based_baseline,rule_based_proposed_unreviewed
AP_0160,BQ_0160,BILI_0054,4,反倒是海克斯之类的我意见不大,no,,,,low,true,无明确机制指向且依赖上下文，暂不作为独立证据,rule_based_baseline,rule_based_proposed_unreviewed
AP_0161,BQ_0161,BILI_0054,5,因为我个人操作比较强,no,,,,low,true,无明确机制指向且依赖上下文，暂不作为独立证据,rule_based_baseline,rule_based_proposed_unreviewed
AP_0162,BQ_0162,BILI_0054,6,只要对面不是胡到那种闭着眼都能踢死人的地步，我都还能靠操作打一打,uncertain,,uncertain,只要对面不是胡到那种闭着眼都能踢死人的地,low,true,有内容但机制指向不明确，需人工判断,rule_based_baseline,rule_based_proposed_unreviewed
AP_0163,BQ_0163,BILI_0054,7,但是应付对面的同时还得防一手队友这种感觉太折磨了,yes,matchmaking,competence_frustration,手队友这种感觉太折磨了,medium,true,命中机制关键信号「折磨」，可作候选证据（待人工复核）,rule_based_baseline,rule_based_proposed_unreviewed
AP_0164,BQ_0164,BILI_0054,8,海斗也是有elo的，这个东西想必只要玩的多都不会反驳我，一页绿第二天一页红是常有的事,uncertain,,uncertain,海斗也是有elo的，这个东西想必只要玩的,low,true,有内容但机制指向不明确，需人工判断,rule_based_baseline,rule_based_proposed_unreviewed
AP_0165,BQ_0165,BILI_0054,9,玩个娱乐模式也像单双一样天天被神人折磨这一点是真的南蚌,yes,event_design,competence_frustration,双一样天天被神人折磨这一点是真的南蚌,medium,true,命中机制关键信号「折磨」，可作候选证据（待人工复核）,rule_based_baseline,rule_based_proposed_unreviewed
AP_0166,BQ_0166,BILI_0055,1,因为纯纯就是谁运气好谁赢，对于技术好的人来说自己的长处发挥不出来，看着一帮操作很菜的人拿着极致的数值碾压自己肯定不喜欢玩,uncertain,balance,uncertain,因为纯纯就是谁运气好谁赢，对于技术好的人,low,true,有内容但机制指向不明确，需人工判断,rule_based_baseline,rule_based_proposed_unreviewed
AP_0167,BQ_0167,BILI_0056,1,我个人最反感的就是羁绊，我更喜欢各种奇奇妙妙的海克斯组合给的快感而不是搁那祈祷下一个是某一个级别的某个海克斯，而且有些海克斯还不错但有羁绊就导致池子会直接被污染，给我小鱼人发升级收集者这是人吗，这个羁绊系统就应该直接给删了而不是调整,uncertain,progression,uncertain,我个人最反感的就是羁绊，我更喜欢各种奇奇,low,true,有内容但机制指向不明确，需人工判断,rule_based_baseline,rule_based_proposed_unreviewed
AP_0168,BQ_0168,BILI_0057,1,坦克海克斯全是些没用的东西，除了血量就是回血,yes,balance,competence_frustration,西，除了血量就是回血,medium,true,命中机制关键信号「回血」，可作候选证据（待人工复核）,rule_based_baseline,rule_based_proposed_unreviewed
AP_0169,BQ_0169,BILI_0057,2,连个双抗海克斯都没有,uncertain,balance,competence_frustration,连个双抗海克斯都没有,low,true,命中「抗」但文本较短，存疑,rule_based_baseline,rule_based_proposed_unreviewed
AP_0170,BQ_0170,BILI_0057,3,减伤也只有一个星界,no,,,,low,true,无明确机制指向且依赖上下文，暂不作为独立证据,rule_based_baseline,rule_based_proposed_unreviewed
AP_0171,BQ_0171,BILI_0057,4,增伤海克斯30%都是烂大街的,no,,,,low,true,无明确机制指向且依赖上下文，暂不作为独立证据,rule_based_baseline,rule_based_proposed_unreviewed
AP_0172,BQ_0172,BILI_0058,1,又在这种论调，这里面坦克的好东西已经不少了，你觉得玩的难受无非就是队友只有你一个前排，想轻松1抗5这哪有那么容易，输出位胡了也很难1打5因为容易被秒，基本两个前排互抗拆火，就已经很恶心了,yes,matchmaking,competence_frustration,个前排，想轻松1抗5这哪有那么容易,medium,true,命中机制关键信号「抗」，可作候选证据（待人工复核）,rule_based_baseline,rule_based_proposed_unreviewed
AP_0173,BQ_0173,BILI_0058,2,蒙多这种肉的池子干净的呀，把把都是专武局,uncertain,,uncertain,蒙多这种肉的池子干净的呀，把把都是专武局,low,true,有内容但机制指向不明确，需人工判断,rule_based_baseline,rule_based_proposed_unreviewed
AP_0174,BQ_0174,BILI_0059,1,设计师最破防的一集，疯狂加强海斗坦克，整体胜率却越来越低,yes,communication_transparency,trust_communication_gap,设计师最破防的一集，疯,medium,true,命中机制关键信号「设计师」，可作候选证据（待人工复核）,rule_based_baseline,rule_based_proposed_unreviewed
AP_0175,BQ_0175,BILI_0060,1,没真金白银十年很难说出这种理解来,uncertain,,uncertain,没真金白银十年很难说出这种理解来,low,true,有内容但机制指向不明确，需人工判断,rule_based_baseline,rule_based_proposed_unreviewed
AP_0176,BQ_0176,BILI_0060,2,数据不会骗人，并且你的理论有很多错误，叠角龙就算不拿又怎么样，这个海克斯单挂就很厉害了，加上你所说的一系列所谓缺点，胜率还是达到了56，不要再误导大众,uncertain,balance,uncertain,数据不会骗人，并且你的理论有很多错误，叠,low,true,有内容但机制指向不明确，需人工判断,rule_based_baseline,rule_based_proposed_unreviewed
AP_0177,BQ_0177,BILI_0060,3,胜率做到比我高了再来做视频,no,,,,low,true,无明确机制指向且依赖上下文，暂不作为独立证据,rule_based_baseline,rule_based_proposed_unreviewed
AP_0178,BQ_0178,BILI_0061,1,别刻板印象ap女枪弱了，现在拖女枪胜率后腿的是ad女枪，大数据都明明白白告诉你出ap好赢,uncertain,,uncertain,别刻板印象ap女枪弱了，现在拖女枪胜率后,low,true,有内容但机制指向不明确，需人工判断,rule_based_baseline,rule_based_proposed_unreviewed
AP_0179,BQ_0179,BILI_0062,1,AP女枪还是可以玩玩，队友没AP选出来玩没问题，就是打肉确实难，要海克斯很糊,uncertain,matchmaking,uncertain,AP女枪还是可以玩玩，队友没AP选出来玩,low,true,有内容但机制指向不明确，需人工判断,rule_based_baseline,rule_based_proposed_unreviewed
AP_0180,BQ_0180,BILI_0063,1,成流量俘虏了，视频只有引战带节奏，娱乐性都没了，看的人头大,uncertain,,uncertain,成流量俘虏了，视频只有引战带节奏，娱乐性,low,true,有内容但机制指向不明确，需人工判断,rule_based_baseline,rule_based_proposed_unreviewed
AP_0181,BQ_0181,BILI_0064,1,升级狂妄就是所有战士刺客保三争二一的海克斯,uncertain,progression,uncertain,升级狂妄就是所有战士刺客保三争二一的海克,low,true,有内容但机制指向不明确，需人工判断,rule_based_baseline,rule_based_proposed_unreviewed
AP_0182,BQ_0182,BILI_0065,1,坦克之前还能靠自身数值玩一玩，现在丢子各个跑得飞快，还一堆打百分比的，现在玩坦克有点静水监狱那味了,uncertain,balance,uncertain,坦克之前还能靠自身数值玩一玩，现在丢子各,low,true,有内容但机制指向不明确，需人工判断,rule_based_baseline,rule_based_proposed_unreviewed
AP_0183,BQ_0183,BILI_0066,1,现在池子乱成这样你就玩吧 把把奥恩开局给我来升级无尽 纯恶心人 本来坦克就弱 debuff就多 还刷不到牌 纯恶心人,yes,progression,fairness_threat,我来升级无尽 纯恶心人 本来坦克就弱 ,medium,true,命中机制关键信号「恶心人」，可作候选证据（待人工复核）,rule_based_baseline,rule_based_proposed_unreviewed
AP_0184,BQ_0184,BILI_0067,1,为什么说升级狂妄是陷阱,no,,,,low,true,无明确机制指向且依赖上下文，暂不作为独立证据,rule_based_baseline,rule_based_proposed_unreviewed
AP_0185,BQ_0185,BILI_0068,1,死标题党，我还以为干嘛了，你是害怕没控制的选了会多出几个叠角龙的羁绊污染你海克斯池，我还以为干嘛不能选[疑惑],uncertain,balance,uncertain,死标题党，我还以为干嘛了，你是害怕没控制,low,true,有内容但机制指向不明确，需人工判断,rule_based_baseline,rule_based_proposed_unreviewed
AP_0186,BQ_0186,BILI_0069,1,自己放个神人虚空裂隙和属性叠属性出来，问坦克为什么玩不爽，坦克扛不住虚空裂隙，开团死了又捡不到锻造器，巫妖王玩法全在鼓励当丢子，你说为什么丢子多,uncertain,event_design,uncertain,自己放个神人虚空裂隙和属性叠属性出来，问,low,true,有内容但机制指向不明确，需人工判断,rule_based_baseline,rule_based_proposed_unreviewed
AP_0187,BQ_0187,BILI_0070,1,个人经历，单排是真的牢中牢，英雄牢、海克斯牢、队友牢，连败不停,uncertain,matchmaking,uncertain,个人经历，单排是真的牢中牢，英雄牢、海克,low,true,有内容但机制指向不明确，需人工判断,rule_based_baseline,rule_based_proposed_unreviewed
AP_0188,BQ_0188,BILI_0070,2,组队的话队友都是自己熟悉的能互相兜底，海克斯也非常胡,uncertain,matchmaking,uncertain,组队的话队友都是自己熟悉的能互相兜底，海,low,true,有内容但机制指向不明确，需人工判断,rule_based_baseline,rule_based_proposed_unreviewed
AP_0189,BQ_0189,BILI_0071,1,千万不要单排海克斯,no,,,,low,true,无明确机制指向且依赖上下文，暂不作为独立证据,rule_based_baseline,rule_based_proposed_unreviewed
AP_0190,BQ_0190,BILI_0071,2,如果你还在单排海克斯可以看评论区置顶小群一起玩,uncertain,matchmaking,uncertain,如果你还在单排海克斯可以看评论区置顶小群,low,true,有内容但机制指向不明确，需人工判断,rule_based_baseline,rule_based_proposed_unreviewed
AP_0191,BQ_0191,BILI_0071,3,千万不要单排大乱斗,no,,,,low,true,无明确机制指向且依赖上下文，暂不作为独立证据,rule_based_baseline,rule_based_proposed_unreviewed
AP_0192,BQ_0192,BILI_0071,4,可怜主播的朋友们可以关注三连一下哦~,uncertain,,uncertain,可怜主播的朋友们可以关注三连一下哦~,low,true,有内容但机制指向不明确，需人工判断,rule_based_baseline,rule_based_proposed_unreviewed
AP_0193,BQ_0193,BILI_0072,1,其实没必要在意那些羁绊，毕竟提升都不太大，尽量选这适配英雄的海克斯，骰子羁绊除外,uncertain,balance,uncertain,其实没必要在意那些羁绊，毕竟提升都不太大,low,true,有内容但机制指向不明确，需人工判断,rule_based_baseline,rule_based_proposed_unreviewed
AP_0194,BQ_0194,BILI_0073,1,小火龙，塞纳，提莫，猫咪，炸弹人，今天遇到一把ap巨魔扔柱子加猫咪的，一点不想打,uncertain,,uncertain,小火龙，塞纳，提莫，猫咪，炸弹人，今天遇,low,true,有内容但机制指向不明确，需人工判断,rule_based_baseline,rule_based_proposed_unreviewed
AP_0195,BQ_0195,BILI_0073,2,想投降也不投，他们四个人开黑的,uncertain,,uncertain,想投降也不投，他们四个人开黑的,low,true,有内容但机制指向不明确，需人工判断,rule_based_baseline,rule_based_proposed_unreviewed
AP_0196,BQ_0196,BILI_0074,1,这把看阵容都想秒了，幸亏几个后排队友虽然英雄垃圾但是开团秒跟,yes,matchmaking,competence_frustration,后排队友虽然英雄垃圾但是开团秒跟,medium,true,命中机制关键信号「垃圾」，可作候选证据（待人工复核）,rule_based_baseline,rule_based_proposed_unreviewed
AP_0197,BQ_0197,BILI_0075,1,看到池子里有提莫豹女巴德这种我都是秒选的，卡到最后一秒再选别的，我宁愿抢不到我想玩的英雄我也不冒队友玩这些死冯英雄的风险,uncertain,matchmaking,uncertain,看到池子里有提莫豹女巴德这种我都是秒选的,low,true,有内容但机制指向不明确，需人工判断,rule_based_baseline,rule_based_proposed_unreviewed
AP_0198,BQ_0198,BILI_0076,1,普通乱斗用阵容限制胜率，海克斯用阵容加海克斯限制胜率，现在又多个通行证，死都不让你赢了说是，50％控制的死死地，你家永远是炸弹人泽拉斯轮子妈,uncertain,balance,uncertain,普通乱斗用阵容限制胜率，海克斯用阵容加海,low,true,有内容但机制指向不明确，需人工判断,rule_based_baseline,rule_based_proposed_unreviewed
AP_0199,BQ_0199,BILI_0076,2,对面开局回归基本功船长瑞兹，小丑瑞文,uncertain,,uncertain,对面开局回归基本功船长瑞兹，小丑瑞文,low,true,有内容但机制指向不明确，需人工判断,rule_based_baseline,rule_based_proposed_unreviewed
AP_0200,BQ_0200,BILI_0077,1,受着，喜欢乱出装当怯战蜥蜴恶心队友，队友点你就受着,uncertain,matchmaking,uncertain,受着，喜欢乱出装当怯战蜥蜴恶心队友，队友,low,true,有内容但机制指向不明确，需人工判断,rule_based_baseline,rule_based_proposed_unreviewed
AP_0201,BQ_0201,BILI_0078,1,出装还是小事，最离谱的有些人左右脑胡博，玩ap卡莎，海克斯拿双刀流,uncertain,balance,uncertain,出装还是小事，最离谱的有些人左右脑胡博，,low,true,有内容但机制指向不明确，需人工判断,rule_based_baseline,rule_based_proposed_unreviewed
AP_0202,BQ_0202,BILI_0078,2,拿个量子计算不敢雪球突脸，拿了坦克引擎又拿自爆海克斯,uncertain,balance,uncertain,拿个量子计算不敢雪球突脸，拿了坦克引擎又,low,true,有内容但机制指向不明确，需人工判断,rule_based_baseline,rule_based_proposed_unreviewed
AP_0203,BQ_0203,BILI_0078,3,只能说还是太有理解了[笑哭],no,,,,low,true,无明确机制指向且依赖上下文，暂不作为独立证据,rule_based_baseline,rule_based_proposed_unreviewed
AP_0204,BQ_0204,BILI_0079,1,海克斯大乱斗的火爆是否说明人人超模的加法机制才是正道，抗吧热议,yes,event_design,competence_frustration,火爆是否说明人人超模的加法机制才是正,medium,true,命中机制关键信号「超模」，可作候选证据（待人工复核）,rule_based_baseline,rule_based_proposed_unreviewed
AP_0205,BQ_0205,BILI_0080,1,即时游戏，就要有随机性,no,,,,low,true,无明确机制指向且依赖上下文，暂不作为独立证据,rule_based_baseline,rule_based_proposed_unreviewed
AP_0206,BQ_0206,BILI_0080,2,我操作差，反应慢，就一定赢不了，那我还玩个毛，玩游戏去了,uncertain,,uncertain,我操作差，反应慢，就一定赢不了，那我还玩,low,true,有内容但机制指向不明确，需人工判断,rule_based_baseline,rule_based_proposed_unreviewed
AP_0207,BQ_0207,BILI_0080,3,你强，总有比你更强，卷到最后曲高和寡,uncertain,,uncertain,你强，总有比你更强，卷到最后曲高和寡,low,true,有内容但机制指向不明确，需人工判断,rule_based_baseline,rule_based_proposed_unreviewed
AP_0208,BQ_0208,BILI_0081,1,核心是类似肉鸽的玩法，每局都能有不同的可能性,uncertain,event_design,uncertain,核心是类似肉鸽的玩法，每局都能有不同的可,low,true,有内容但机制指向不明确，需人工判断,rule_based_baseline,rule_based_proposed_unreviewed
AP_0209,BQ_0209,BILI_0082,1,还可以整点活儿，比如“兑子”用自己两个海克斯封印对面某人的一个海克斯，趣味性肯定拉满,uncertain,balance,uncertain,还可以整点活儿，比如“兑子”用自己两个海,low,true,有内容但机制指向不明确，需人工判断,rule_based_baseline,rule_based_proposed_unreviewed
AP_0210,BQ_0210,BILI_0083,1,酸辣粉还低等吗,no,,,,low,true,过短且无明确机制指向，视为语气/连接片段,rule_based_baseline,rule_based_proposed_unreviewed
AP_0211,BQ_0211,BILI_0083,2,出个冰杖，三个小技能拉克丝有什么区别，一个直线控制的，一个圆型打伤害的，一个给队友套盾的，已经是软辅里面最像法师的了,uncertain,matchmaking,uncertain,出个冰杖，三个小技能拉克丝有什么区别，一,low,true,有内容但机制指向不明确，需人工判断,rule_based_baseline,rule_based_proposed_unreviewed
AP_0212,BQ_0212,BILI_0084,1,去看看炉石传说，通行证人家可以4个英雄选一个，没花钱只能2选1,uncertain,balance,uncertain,去看看炉石传说，通行证人家可以4个英雄选,low,true,有内容但机制指向不明确，需人工判断,rule_based_baseline,rule_based_proposed_unreviewed
AP_0213,BQ_0213,BILI_0084,2,这种逆天的破坏平衡方式都不影响游戏,uncertain,,uncertain,这种逆天的破坏平衡方式都不影响游戏,low,true,有内容但机制指向不明确，需人工判断,rule_based_baseline,rule_based_proposed_unreviewed
AP_0214,BQ_0214,BILI_0084,3,游戏里面拼的还是技术和运气，赢不赢和你的通行证没关系，只能说提升一下游戏体验,uncertain,,uncertain,游戏里面拼的还是技术和运气，赢不赢和你的,low,true,有内容但机制指向不明确，需人工判断,rule_based_baseline,rule_based_proposed_unreviewed
AP_0215,BQ_0215,BILI_0085,1,我那把队友的男枪，第一个海克斯一板一眼，直接出了狂妄收集者大穿，后面也没拿到亮剑，神装一点攻速没有，最后还问了一句一板一眼是不是削了，这能崩住的真是人物,uncertain,matchmaking,uncertain,我那把队友的男枪，第一个海克斯一板一眼，,low,true,有内容但机制指向不明确，需人工判断,rule_based_baseline,rule_based_proposed_unreviewed
AP_0216,BQ_0216,BILI_0086,1,海斗一共就三个组成部分，英雄海克斯装备，你海克斯拿对了瞎出装备，根本发挥不出海克斯的优点，然后被对面抽陀螺，队友善意提醒你你还不乐意，那我只能说这种抖m还是去应聘一下人形沙袋吧，那个劲大会更爽,uncertain,matchmaking,uncertain,海斗一共就三个组成部分，英雄海克斯装备，,low,true,有内容但机制指向不明确，需人工判断,rule_based_baseline,rule_based_proposed_unreviewed
AP_0217,BQ_0217,BILI_0087,1,就怕出装警察自己不会玩还瞎点，真的没空给他打字解释,uncertain,,uncertain,就怕出装警察自己不会玩还瞎点，真的没空给,low,true,有内容但机制指向不明确，需人工判断,rule_based_baseline,rule_based_proposed_unreviewed
AP_0218,BQ_0218,BILI_0088,1,我想赢，队友瞎出装，我还被喷出装警察,yes,matchmaking,norm_safety_risk,友瞎出装，我还被喷出装警察,medium,true,命中机制关键信号「喷」，可作候选证据（待人工复核）,rule_based_baseline,rule_based_proposed_unreviewed
AP_0219,BQ_0219,BILI_0088,2,我不想赢，我瞎出装，队友又点我装备,uncertain,matchmaking,uncertain,我不想赢，我瞎出装，队友又点我装备,low,true,有内容但机制指向不明确，需人工判断,rule_based_baseline,rule_based_proposed_unreviewed
AP_0220,BQ_0220,BILI_0089,1,贴吧热议都玩海克斯大乱斗了还惦记胜率干什么,uncertain,event_design,uncertain,贴吧热议都玩海克斯大乱斗了还惦记胜率干什,low,true,有内容但机制指向不明确，需人工判断,rule_based_baseline,rule_based_proposed_unreviewed
AP_0221,BQ_0221,BILI_0090,1,狂妄并非只有刺客能出，亚恒剑魔这种，控虽然不如个别一身控制的坦克多后续补个扇巴掌真的猛的要命,uncertain,balance,uncertain,狂妄并非只有刺客能出，亚恒剑魔这种，控虽,low,true,有内容但机制指向不明确，需人工判断,rule_based_baseline,rule_based_proposed_unreviewed
AP_0222,BQ_0222,BILI_0090,2,还是那句话，如果有吸血习性，裁决使，质变棱彩这种何必选升级狂妄,yes,progression,competence_frustration,是那句话，如果有吸血习性，裁决使，质,medium,true,命中机制关键信号「吸血」，可作候选证据（待人工复核）,rule_based_baseline,rule_based_proposed_unreviewed
AP_0223,BQ_0223,BILI_0091,1,不是升级狂妄恶心，是羁绊恶心，这个版本整个就恶心,uncertain,progression,uncertain,不是升级狂妄恶心，是羁绊恶心，这个版本整,low,true,有内容但机制指向不明确，需人工判断,rule_based_baseline,rule_based_proposed_unreviewed
AP_0224,BQ_0224,BILI_0092,1,视频展现《英雄联盟》海克斯模式下的玩家互怼趣事,uncertain,event_design,uncertain,视频展现《英雄联盟》海克斯模式下的玩家互,low,true,有内容但机制指向不明确，需人工判断,rule_based_baseline,rule_based_proposed_unreviewed
AP_0225,BQ_0225,BILI_0092,2,主角们疯狂吐槽“毒瘤”阵容：一人狂喜AP女枪“爽飞天”却误伤队友，另人笑称“双刀流吃红烧还是香辣,uncertain,matchmaking,uncertain,主角们疯狂吐槽“毒瘤”阵容：一人狂喜AP,low,true,有内容但机制指向不明确，需人工判断,rule_based_baseline,rule_based_proposed_unreviewed
AP_0226,BQ_0226,BILI_0092,3,”双方争执间穿插经典梗——“光速融化弹”“积水秒脆皮”，生动还原电竞圈“嘴臭胜过操作”的欢乐窘态,yes,community_conflict,norm_safety_risk,生动还原电竞圈“嘴臭胜过操作”的欢乐,medium,true,命中机制关键信号「嘴臭」，可作候选证据（待人工复核）,rule_based_baseline,rule_based_proposed_unreviewed
AP_0227,BQ_0227,BILI_0092,4,海克斯玩家速逃,no,,,,low,true,过短且无明确机制指向，视为语气/连接片段,rule_based_baseline,rule_based_proposed_unreviewed
AP_0228,BQ_0228,BILI_0092,5,双刀流配香辣才够劲儿，本喵舔屏都能赢你两波~,uncertain,,uncertain,双刀流配香辣才够劲儿，本喵舔屏都能赢你两,low,true,有内容但机制指向不明确，需人工判断,rule_based_baseline,rule_based_proposed_unreviewed
AP_0229,BQ_0229,BILI_0093,1,我的建议是把不出重伤的锁死在一起，别放来霍霍别人，这样我们就能既不怕队友恶心自己，又能爽玩钢肉和游龙战士了,yes,matchmaking,competence_frustration,我的建议是把不出重伤的锁死在一起，别,medium,true,命中机制关键信号「重伤」，可作候选证据（待人工复核）,rule_based_baseline,rule_based_proposed_unreviewed
AP_0230,BQ_0230,BILI_0094,1,标题：海克斯乱斗心理学之为什么你的队友不出重伤,yes,matchmaking,competence_frustration,什么你的队友不出重伤,medium,true,命中机制关键信号「重伤」，可作候选证据（待人工复核）,rule_based_baseline,rule_based_proposed_unreviewed
AP_0231,BQ_0231,BILI_0095,1,女枪我一般都是走AD的，除非开局给个超凡邪恶,uncertain,,uncertain,女枪我一般都是走AD的，除非开局给个超凡,low,true,有内容但机制指向不明确，需人工判断,rule_based_baseline,rule_based_proposed_unreviewed
AP_0232,BQ_0232,BILI_0096,1,扫码设计师怎么想出爆破手这个扫码海克斯的,yes,communication_transparency,trust_communication_gap,扫码设计师怎么想出爆破手这,medium,true,命中机制关键信号「设计师」，可作候选证据（待人工复核）,rule_based_baseline,rule_based_proposed_unreviewed
AP_0233,BQ_0233,BILI_0097,1,我号单人匹配遇到的，大部分路人都会出重伤,yes,matchmaking,competence_frustration,大部分路人都会出重伤,medium,true,命中机制关键信号「重伤」，可作候选证据（待人工复核）,rule_based_baseline,rule_based_proposed_unreviewed
AP_0234,BQ_0234,BILI_0097,2,比如你连胜后开始连跪的局，或者30min以上的局，就会遇到讲了一次仍然不出的人，这种就没必要打字沟通了，这局游戏接下来你该考虑是照顾自己的游戏体验，然后怎么恶心这个人，输出位一定要爆爽了，就整收集者影焰狂妄这种狠狠K,yes,balance,competence_frustration,怎么恶心这个人，输出位一定要爆爽了，,medium,true,命中机制关键信号「输出」，可作候选证据（待人工复核）,rule_based_baseline,rule_based_proposed_unreviewed
AP_0235,BQ_0235,BILI_0098,1,AP女枪是对面四个以上丢子无脑选的，不用看符文，这把对面五个丢子，第一个符文不管啥都直接做AP就对了,uncertain,,uncertain,AP女枪是对面四个以上丢子无脑选的，不用,low,true,有内容但机制指向不明确，需人工判断,rule_based_baseline,rule_based_proposed_unreviewed
AP_0236,BQ_0236,BILI_0099,1,那以后出个减益模式，星界躯体-1000血，暗影疾奔用技能减速，一板一眼固定攻速不加攻击力,uncertain,event_design,uncertain,那以后出个减益模式，星界躯体-1000血,low,true,有内容但机制指向不明确，需人工判断,rule_based_baseline,rule_based_proposed_unreviewed
AP_0237,BQ_0237,BILI_0099,2,打到最后成残奥会,no,,,,low,true,无明确机制指向且依赖上下文，暂不作为独立证据,rule_based_baseline,rule_based_proposed_unreviewed
AP_0238,BQ_0238,BILI_0100,1,玩酸辣粉是对的，这个英雄往上可以出法师，往下可以出辅助，还有开团大招，很好的技能组，就是需要点命中率,uncertain,balance,uncertain,玩酸辣粉是对的，这个英雄往上可以出法师，,low,true,有内容但机制指向不明确，需人工判断,rule_based_baseline,rule_based_proposed_unreviewed
AP_0239,BQ_0239,BILI_0100,2,相较于那些什么风女,no,,,,low,true,无明确机制指向且依赖上下文，暂不作为独立证据,rule_based_baseline,rule_based_proposed_unreviewed
AP_0240,BQ_0240,BILI_0100,3,那些软辅才是用处小的可怜,no,,,,low,true,无明确机制指向且依赖上下文，暂不作为独立证据,rule_based_baseline,rule_based_proposed_unreviewed
AP_0241,BQ_0241,BILI_0100,4,这提毛还恶人先告状，如果我的队友里有个提莫小火龙，前中期会玩的非常难受，想赢只能靠后期对面装B不拆反一波，我都不知道见了多少把了，一个个爱玩个B小火龙，跟区一样在地上蠕动,uncertain,matchmaking,uncertain,这提毛还恶人先告状，如果我的队友里有个提,low,true,有内容但机制指向不明确，需人工判断,rule_based_baseline,rule_based_proposed_unreviewed
AP_0242,BQ_0242,BILI_0101,1,普通大乱斗拍进去了队友问怎么这把选不了海克斯,uncertain,matchmaking,uncertain,普通大乱斗拍进去了队友问怎么这把选不了海,low,true,有内容但机制指向不明确，需人工判断,rule_based_baseline,rule_based_proposed_unreviewed
AP_0243,BQ_0243,BILI_0102,1,前一把打的坑一点，上来就安排了个爽局 海克斯阵容都是完全碾压对面 感觉就是系统故意的,yes,balance,fairness_threat,前一把打的坑一点，上来就安排,medium,true,命中机制关键信号「坑」，可作候选证据（待人工复核）,rule_based_baseline,rule_based_proposed_unreviewed
AP_0244,BQ_0244,BILI_0103,1,问题是什么，海克斯大乱斗本身他就不公平，举个例子你拿了45678顺子，碰瓷对面王炸可能吗，这不是一次性的，人家是一直出王炸，你只能出顺子，不投等着受窝囊吗,yes,event_design,fairness_threat,斯大乱斗本身他就不公平，举个例子你拿了,medium,true,命中机制关键信号「不公平」，可作候选证据（待人工复核）,rule_based_baseline,rule_based_proposed_unreviewed
AP_0245,BQ_0245,BILI_0104,1,反正我海克斯的时候，只要队友点投降，哪怕我糊烂了我也点同意，从不点否,uncertain,matchmaking,uncertain,反正我海克斯的时候，只要队友点投降，哪怕,low,true,有内容但机制指向不明确，需人工判断,rule_based_baseline,rule_based_proposed_unreviewed
AP_0246,BQ_0246,BILI_0105,1,我只希望这游戏赶紧把收集者这装备删了，我现在打大乱斗评论每局能遇到两个无脑收集者的队友，跟着坐牢太恶心了,uncertain,matchmaking,uncertain,我只希望这游戏赶紧把收集者这装备删了，我,low,true,有内容但机制指向不明确，需人工判断,rule_based_baseline,rule_based_proposed_unreviewed
AP_0247,BQ_0247,BILI_0106,1,羁绊随你自己,no,,,,low,true,过短且无明确机制指向，视为语气/连接片段,rule_based_baseline,rule_based_proposed_unreviewed
AP_0248,BQ_0248,BILI_0106,2,你想凑就凑，不凑随意,no,,,,low,true,无明确机制指向且依赖上下文，暂不作为独立证据,rule_based_baseline,rule_based_proposed_unreviewed
AP_0249,BQ_0249,BILI_0106,3,海克斯通行证玩得多迟早全部解锁,uncertain,balance,uncertain,海克斯通行证玩得多迟早全部解锁,low,true,有内容但机制指向不明确，需人工判断,rule_based_baseline,rule_based_proposed_unreviewed
AP_0250,BQ_0250,BILI_0106,4,本来就是靠运气天胡 4,no,,,,low,true,无明确机制指向且依赖上下文，暂不作为独立证据,rule_based_baseline,rule_based_proposed_unreviewed
AP_0251,BQ_0251,BILI_0106,5,坦克英雄飞身踢不爽吗,no,,,,low,true,无明确机制指向且依赖上下文，暂不作为独立证据,rule_based_baseline,rule_based_proposed_unreviewed
AP_0252,BQ_0252,BILI_0106,6,现在对面有飞身踢，绝不往后拖,no,,,,low,true,无明确机制指向且依赖上下文，暂不作为独立证据,rule_based_baseline,rule_based_proposed_unreviewed
AP_0253,BQ_0253,BILI_0107,1,云顶刷到合适不合适的海克斯还能改阵容，你大乱斗6个海克斯没一个适配的，你就是玩不了，要不你就改成坦克池海克斯，射手海克斯池,uncertain,event_design,uncertain,云顶刷到合适不合适的海克斯还能改阵容，你,low,true,有内容但机制指向不明确，需人工判断,rule_based_baseline,rule_based_proposed_unreviewed
AP_0254,BQ_0254,BILI_0108,1,原因就是丢子适配的海克斯太多了,uncertain,balance,uncertain,原因就是丢子适配的海克斯太多了,low,true,有内容但机制指向不明确，需人工判断,rule_based_baseline,rule_based_proposed_unreviewed
AP_0255,BQ_0255,BILI_0108,2,坦克来来回回就那么2个,no,,,,low,true,无明确机制指向且依赖上下文，暂不作为独立证据,rule_based_baseline,rule_based_proposed_unreviewed
AP_0256,BQ_0256,BILI_0108,3,遇到丢子哪怕赢了也是玩的恶心,no,,,,low,true,无明确机制指向且依赖上下文，暂不作为独立证据,rule_based_baseline,rule_based_proposed_unreviewed
AP_0257,BQ_0257,BILI_0109,1,4 个体验变差的原因，最后一个是大部分玩家的痛,uncertain,,uncertain,4 个体验变差的原因，最后一个是大部分玩,low,true,有内容但机制指向不明确，需人工判断,rule_based_baseline,rule_based_proposed_unreviewed
AP_0258,BQ_0258,BILI_0110,1,海克斯凑羁绊之后又全是丢子了，新加的海克斯90%都是丢子比近战适配更高,uncertain,balance,uncertain,海克斯凑羁绊之后又全是丢子了，新加的海克,low,true,有内容但机制指向不明确，需人工判断,rule_based_baseline,rule_based_proposed_unreviewed
AP_0259,BQ_0259,BILI_0110,2,羁绊海克斯新幻神 时光老头，拿到魔法师羁绊，近战可以不用玩了,uncertain,balance,uncertain,羁绊海克斯新幻神 时光老头，拿到魔法师羁,low,true,有内容但机制指向不明确，需人工判断,rule_based_baseline,rule_based_proposed_unreviewed
AP_0260,BQ_0260,BILI_0111,1,海克斯大乱斗上线后为什么有很多玩家又回归普通大乱斗,uncertain,event_design,uncertain,海克斯大乱斗上线后为什么有很多玩家又回归,low,true,有内容但机制指向不明确，需人工判断,rule_based_baseline,rule_based_proposed_unreviewed
AP_0261,BQ_0261,BILI_0112,1,评论区一堆神人真给我整笑了，永远是对面领先自己，那有没有可能，你的队友和你也会领先对面呢,uncertain,matchmaking,uncertain,评论区一堆神人真给我整笑了，永远是对面领,low,true,有内容但机制指向不明确，需人工判断,rule_based_baseline,rule_based_proposed_unreviewed
AP_0262,BQ_0262,BILI_0112,2,那时候你会留300块不用吗,no,,,,low,true,无明确机制指向且依赖上下文，暂不作为独立证据,rule_based_baseline,rule_based_proposed_unreviewed
AP_0263,BQ_0263,BILI_0112,3,最好笑的是在高手手里这个影响很大，推荐你去看一个主播，以前blg左手的替补阿黑路西，现在叫小胡，去看看他韩服乱杀的视频，再看看他这几天玩海斗的视频,uncertain,,uncertain,最好笑的是在高手手里这个影响很大，推荐你,low,true,有内容但机制指向不明确，需人工判断,rule_based_baseline,rule_based_proposed_unreviewed
AP_0264,BQ_0264,BILI_0112,4,至于有多影响，只能说越dinner的人影响越大,uncertain,,uncertain,至于有多影响，只能说越dinner的人影,low,true,有内容但机制指向不明确，需人工判断,rule_based_baseline,rule_based_proposed_unreviewed
AP_0265,BQ_0265,BILI_0113,1,新版海克斯大乱斗烂完了,no,,,,low,true,无明确机制指向且依赖上下文，暂不作为独立证据,rule_based_baseline,rule_based_proposed_unreviewed
AP_0266,BQ_0266,BILI_0113,2,游戏策划锐评海斗抽象更新,uncertain,communication_transparency,trust_communication_gap,游戏策划锐评海斗抽象更新,low,true,命中「策划」但文本较短，存疑,rule_based_baseline,rule_based_proposed_unreviewed
AP_0267,BQ_0267,BILI_0113,3,设计师，还我海斗,uncertain,communication_transparency,trust_communication_gap,设计师，还我海斗,low,true,命中「设计师」但文本较短，存疑,rule_based_baseline,rule_based_proposed_unreviewed
AP_0268,BQ_0268,BILI_0113,4,上期视频说海斗好玩，结果更新完就打脸了,uncertain,,uncertain,上期视频说海斗好玩，结果更新完就打脸了,low,true,有内容但机制指向不明确，需人工判断,rule_based_baseline,rule_based_proposed_unreviewed
AP_0269,BQ_0269,BILI_0113,5,拳头直接拉了一波大的,no,,,,low,true,无明确机制指向且依赖上下文，暂不作为独立证据,rule_based_baseline,rule_based_proposed_unreviewed
AP_0270,BQ_0270,BILI_0113,6,设计师还我海斗,uncertain,communication_transparency,trust_communication_gap,设计师还我海斗,low,true,命中「设计师」但文本较短，存疑,rule_based_baseline,rule_based_proposed_unreviewed
AP_0271,BQ_0271,BILI_0114,1,从海克斯大乱斗出来到现在唯一一把玩的普通大乱斗是点错了,uncertain,event_design,uncertain,从海克斯大乱斗出来到现在唯一一把玩的普通,low,true,有内容但机制指向不明确，需人工判断,rule_based_baseline,rule_based_proposed_unreviewed
AP_0272,BQ_0272,BILI_0115,1,海克斯大乱斗真的凉了，我今早四点多排，居然排了十几秒才排到,uncertain,event_design,uncertain,海克斯大乱斗真的凉了，我今早四点多排，居,low,true,有内容但机制指向不明确，需人工判断,rule_based_baseline,rule_based_proposed_unreviewed
AP_0273,BQ_0273,BILI_0116,1,本质赌博游戏，开始玩的爽，玩多了系统开始宰猪，随垃圾英雄，随垃圾海克斯，固定流程,yes,balance,competence_frustration,系统开始宰猪，随垃圾英雄，随垃圾海克,medium,true,命中机制关键信号「垃圾」，可作候选证据（待人工复核）,rule_based_baseline,rule_based_proposed_unreviewed
AP_0274,BQ_0274,BILI_0117,1,因为只是玩游戏的,no,,,,low,true,无明确机制指向且依赖上下文，暂不作为独立证据,rule_based_baseline,rule_based_proposed_unreviewed
AP_0275,BQ_0275,BILI_0117,2,没人陪你自我感动上演坐牢二十分钟逆风翻盘的对局，影响心情,uncertain,,uncertain,没人陪你自我感动上演坐牢二十分钟逆风翻盘,low,true,有内容但机制指向不明确，需人工判断,rule_based_baseline,rule_based_proposed_unreviewed
AP_0276,BQ_0276,BILI_0118,1,对面一直虐泉不推，队友还不点，这种我真是理解不了一点,uncertain,matchmaking,uncertain,对面一直虐泉不推，队友还不点，这种我真是,low,true,有内容但机制指向不明确，需人工判断,rule_based_baseline,rule_based_proposed_unreviewed
AP_0277,BQ_0277,BILI_0119,1,这种被虐泉还不点的队友，比对面还恶心，其实你只要不参团不清线，在他们旁边看戏，反正他们也打不过对面，要不了多久水晶就被小兵推了，大乱斗兵线刷新很快的,yes,matchmaking,competence_frustration,看戏，反正他们也打不过对面，要不了多久,medium,true,命中机制关键信号「打不过」，可作候选证据（待人工复核）,rule_based_baseline,rule_based_proposed_unreviewed
AP_0278,BQ_0278,BILI_0120,1,大乱斗玩多了就知道了，开局就能预测到结果,uncertain,event_design,uncertain,大乱斗玩多了就知道了，开局就能预测到结果,low,true,有内容但机制指向不明确，需人工判断,rule_based_baseline,rule_based_proposed_unreviewed
AP_0279,BQ_0279,BILI_0120,2,而且有些人并不是全能的，玩某些英雄很捞，你不要以为队友能扶起来，他每一波团战都在混，你c不起来就赶紧点了,uncertain,matchmaking,uncertain,而且有些人并不是全能的，玩某些英雄很捞，,low,true,有内容但机制指向不明确，需人工判断,rule_based_baseline,rule_based_proposed_unreviewed
