blinded_item_id,source_evidence_id,public_evidence_text,parent_context,context_available,length_bucket,sampling_stratum,is_retest,retest_group_id
CAL_0001,BILI_0103_U01,问题是什么，海克斯大乱斗本身他就不公平，举个例子你拿了45678顺子，碰瓷对面王炸可能吗，这不是一次性的，人家是一直出王炸，你只能出顺子，不投等着受窝囊吗,问题是什么，海克斯大乱斗本身他就不公平，举个例子你拿了45678顺子，碰瓷对面王炸可能吗，这不是一次性的，人家是一直出王炸，你只能出顺子，不投等着受窝囊吗？,yes,long,S001,false,
CAL_0002,BILI_0084_U01,去看看炉石传说，通行证人家可以4个英雄选一个，没花钱只能2选1,去看看炉石传说，通行证人家可以4个英雄选一个，没花钱只能2选1。这种逆天的破坏平衡方式都不影响游戏。游戏里面拼的还是技术和运气，赢不赢和你的通行证没关系，只能说提升一下游戏体验,yes,medium,S002,false,RT_CAL_0002
CAL_0003,NGA_0003_U05,出辅助装在那混着，还有人会点你？输了也是不粘锅。,真给我典飞了，没毛病你就是那种一眼玩丢子玩的。阵容摇出来，队伍拿完两个前排+两个丢子，你拿个唯一能出物理伤害的然后进去出ap还没问题。你真觉得五丢比没前排好赢？米利欧出ap还没问题，就一个技能火爆飞踢，你还不如去玩ap卢锡安。出辅助装在那混着，还有人会点你？输了也是不粘锅。非得当畜打起来少个人，q中伤害就那么点，q不中就ob。说到底喜欢丢子就是决定不了胜负的，要混还不如混到底。还有转型的，真闹麻了。一般对局也就四五件就结束了，还三件套转型。你从头出ad三件套差不多就该接管比赛了，三件套出完火炬面具穿透，再去补无尽攻速？出了法穿还能不能出大穿我也不知道，这问题太小众了。,yes,medium,S003,false,
CAL_0004,NGA_0044_U01,我感觉这把如果持续下去，我最起码能杀七八十个，这局就15分钟我杀了51个。,我感觉这把如果持续下去，我最起码能杀七八十个，这局就15分钟我杀了51个。然后，怕后期对面装备起来了，我的装备没优势了，打不过，我就赶紧推了。如果一直拖到个20多分钟、25分钟。感觉我能杀更多，但这样子估计就不好赢。,yes,medium,S004,false,
CAL_0005,TIEBA_0103_U01,如果真有物转法加法爆其实问题不大,如果真有物转法加法爆其实问题不大，小鱼人q是有ad伤害的，所有属性包括物穿都能吃到，只不过别人看的不舒服再加上玩的唐，而且还有更好的装备可选，比如暴击书补暴击和cd,yes,medium,S005,false,
CAL_0006,TIEBA_0033_U01,人家抗伤和回血也高，评分比你高很正常,人家抗伤和回血也高，评分比你高很正常,yes,medium,S006,false,
CAL_0007,TIEBA_0099_U02,30%易伤buff还不如玻璃炮,这个拉爆了 30%易伤buff还不如玻璃炮,yes,short,S007,false,
CAL_0008,BILI_0003_U01,还有，有人说不能搞出坦克版本，因为无法反制，然而这就是个错误的命题，坦克版本从来不存在，哪怕是之前的版本，坦克绝大部分时候也只是承担一个控制加承伤的作用，依然是ad和法师在打伤害，只是因为坦克能抗更久，可玩性增强，导致玩的人变多，实际上那个版本反而是每个位置都能玩的版本,还有，有人说不能搞出坦克版本，因为无法反制，然而这就是个错误的命题，坦克版本从来不存在，哪怕是之前的版本，坦克绝大部分时候也只是承担一个控制加承伤的作用，依然是ad和法师在打伤害，只是因为坦克能抗更久，可玩性增强，导致玩的人变多，实际上那个版本反而是每个位置都能玩的版本,yes,long,S008,false,
CAL_0009,BILI_0013_U15,你设计师不是喜欢搞镜像产物吗,重伤装备现状，我感觉与其怪队友，不如狠狠骂设计师，分明就是设计师不想让大家随意去出。反甲，属性和价格还算不错。但覆盖率就是恶心人，被打能触发肯定是对的，毕竟坦克不容易摸到对面后排。但对面都贴我脸上半天了，凭什么只要他不碰我，就不会被挂重伤？这不恶心人吗？鬼书，看一次想骂一次的装备。按理说法师通常是大范围aoe，是挂重伤的最佳人选。但鬼书2850的价格不算低了，结果要法强没法强，要cd没cd，本身也不提供蓝量。除非我玩的工具人法师，不然玩正常法师，出一次鬼书就要把设计师全家问候一遍。链锯剑，价格属性中规中矩。但战士对装备效果要求挺高，而重伤效果占模严重，重伤装备只有重伤效果。出是能出，但也是捏着鼻子的出。矛盾最尖锐的绿穿和红穿。是，暴击adc几乎都该出绿穿而不是红穿。但凭什么？红穿存在的意义在哪？一个主打为团队牺牲，一个主打输出特化，为什么结果会出现一边倒的情况呢？因为重伤装备垃圾，所以暴击adc要放弃输出特化去为团队牺牲，而红穿的输出特化数值低，收益不够高。在暴击adc通常为团队大核的情况下，这是一件极其反常识的事，是设计师恶心玩家的产物。最后，凭什么重伤装备就这4件？你设计师不是喜欢搞镜像产物吗？怎么有物理版本反甲，却没有魔抗版本反甲？恶心坦克玩家吗？为什么没有带穿甲的重伤装备？逼刺客玩家去选择链锯剑，恶心刺客玩家吗？为什么没有攻速流adc的重伤装备？绿穿红穿都能设计两件，给攻速流英雄设计一件很难吗？总结，队友不出重伤是设计师不想让玩家随意覆盖重伤，重伤就是设计师的跌麻，设计师看见自己跌麻被玩家把玩就急眼，仅此而已。,yes,short,S009,false,
CAL_0010,BILI_0029_U09,总感觉设计师像换人了一样，上版本经济符文保守，这版本直接走向了另一个极端，小蛋糕这种前两个来就是假卡级别的，或者可以考虑进一步削弱金币获取，强调它的治疗效果，敌方只有减速，没有治疗，这样可以作为坦克或者软辅的备选符文，增加这两位置的功能性和经济补充,现在版本我个人认为最大的问题就是：1.局外养成影响局内游戏，这是MOBA游戏大忌。2.羁绊系统的崩坏，其实是调整弱符文的好工具，弱符文的羁绊就应该是0.5+0.5=2的效果，强符文就是1+1=1的效果，比如你是选择拿一个单个效果的垃圾符文，赌强力的羁绊，还是选择保底，选择当个强力的符文，但是羁绊就很一般。这样对于单次没拿到强力符文的玩家，也是种补偿机制。3.经济系符文和羁绊的数值，经济的优势，是一种无法反制的优势，同时先发永远赢后发，其他符文你还有可能用操作，针对出装来反制，但是经济类不行，数值还要调整。4.还是经济类符文，过于强势且适用性广，挤占了其他符文的选择空间，整局游戏大家都在找经济类符文，海克斯大乱斗变成了极地乱斗极速版。5.坦克位的生存环境恶劣，坦克作为游戏内经济最低的位置，经济类符文的泛滥，心之钢的削弱，导致坦克选出来就成了一个混子，大家就都不太愿意玩坦克了，又成为了丢子大乱斗。总感觉设计师像换人了一样，上版本经济符文保守，这版本直接走向了另一个极端，小蛋糕这种前两个来就是假卡级别的，或者可以考虑进一步削弱金币获取，强调它的治疗效果，敌方只有减速，没有治疗，这样可以作为坦克或者软辅的备选符文，增加这两位置的功能性和经济补充。最后个人要求，能不能删了你那开局锻造器，300你都删了，又不删干净，删完了显得设计师会蠢，所以要保留一部分是吧。up说的总体上我是认可的，原本海克斯乱斗是比较平衡的，极少有天胡打不了的对局，大部分对局都是主要看思路和操作，如果对面坦克横行或者刺客横行，那大概率是因为你们阵容构成本来有问题，符文进一步放大了这个问题，下把开局的时候，你会下意识的补。,yes,long,S010,false,
CAL_0011,NGA_0026_U03,一把队友剑魔，出门打了几波团剑魔一个人头没捞到，然后来了句人头你们都拿你们发育起来你们c然后就在后面玩泥巴，不打架不挂机，就挂在后面吃经验吃血包，恶心死我了。,昨天有四把脑溢血，一把是被对面当猪杀了最后人头比是十几比六十多，队友就是不投。一把队友抢我五杀，四杀之后对面满血来我面前送给我，然后有个队友就过来给我抢了，我技能放完在慢慢a妖姬过来就是一套丝滑连招给我抢了，然后还亮个表情。一把队友剑魔，出门打了几波团剑魔一个人头没捞到，然后来了句人头你们都拿你们发育起来你们c然后就在后面玩泥巴，不打架不挂机，就挂在后面吃经验吃血包，恶心死我了。最脑溢血的是第八连败，明明能赢的，对面先死一个，然后我们劣势打赢团了，杰斯四杀，我们这边就我死了，剩四个残血，推到基地还剩一半血对面最先死的复活了，然后杰斯带着剩下三个冲泉水要拿五杀，冷知识，一波团最先死的复活又被杀是不算五杀的然后四个人一起送了泉水，然后对面抱团推过来一波带走。最后赢的那把应该算是福利局，对面跟人机一样，一点反抗都没有八分多钟就点了。,yes,long,S011,false,
CAL_0012,TIEBA_0008_U03,五黑娱乐为主，打完了还在吵完全没必要吧。,不必多说，你的出装和打法肯定是有问题的。但是兔子洛蔚都能开团，你在后面放r放q，让他们开团其实也随便赢。五黑娱乐为主，打完了还在吵完全没必要吧。我一般单排就玩下等娱乐英雄混，和朋友开黑就玩强力英雄尽量赢。他们如果和你的交流是游戏层面的那就正常聊，如果你感觉到了游戏以外内容的恶意，那就没必要一起玩了。,yes,medium,S012,false,
CAL_0013,BILI_0092_U01,视频展现《英雄联盟》海克斯模式下的玩家互怼趣事,视频展现《英雄联盟》海克斯模式下的玩家互怼趣事。主角们疯狂吐槽“毒瘤”阵容：一人狂喜AP女枪“爽飞天”却误伤队友，另人笑称“双刀流吃红烧还是香辣？”双方争执间穿插经典梗——“光速融化弹”“积水秒脆皮”，生动还原电竞圈“嘴臭胜过操作”的欢乐窘态。海克斯玩家速逃！双刀流配香辣才够劲儿，本喵舔屏都能赢你两波~,yes,medium,S013,false,RT_CAL_0013
CAL_0014,BILI_0022_U01,昨天玩一把海克斯大乱斗，我们前期被对面吊打，我方卡牌点了投降，我们4个人都没点，然后卡牌心态崩了就开始挂机，结果卡牌挂机以后，对面就打不过我们了，我们4打5把对面打的节节败退，最后赢了,昨天玩一把海克斯大乱斗，我们前期被对面吊打，我方卡牌点了投降，我们4个人都没点，然后卡牌心态崩了就开始挂机，结果卡牌挂机以后，对面就打不过我们了，我们4打5把对面打的节节败退，最后赢了,yes,long,S014,false,
CAL_0015,BILI_0101_U01,普通大乱斗拍进去了队友问怎么这把选不了海克斯,普通大乱斗拍进去了队友问怎么这把选不了海克斯,yes,medium,S015,false,
CAL_0016,BILI_0053_U06,谁愿意牺牲自己体验保护队友发育,为什么我不爱玩大乱斗这个模式，就是因为这模式里面的人大部分段位低，只为了自己爽。谁管你厉害不厉害，能不能翻盘，人家不爽就点。要么就是你玩ad坦克不探草，没人保护你。一个一个玩的贼自私。而排位随着段位越高那种沟通和理解能力越来越高，才让我感受到那是一个团队游戏。如果一个游戏的玩家都是自私的，只为了自己爽的。那谁还玩ad，谁还玩辅助。谁愿意牺牲自己体验保护队友发育。谁会把队友当为队友,yes,short,S016,false,
CAL_0017,TIEBA_0004_U02,通常是莫甘娜，我新手目前英雄正在熟悉，怕坑，所以会选一些弱一点，但熟悉的英雄，为了避免伤害没打多少，还抗不了伤害，就会多出功能装,如果玩莫名其妙的丢子英雄，开局直接带重伤，避免零作用。通常是莫甘娜，我新手目前英雄正在熟悉，怕坑，所以会选一些弱一点，但熟悉的英雄，为了避免伤害没打多少，还抗不了伤害，就会多出功能装,yes,long,S017,false,
CAL_0018,TIEBA_0068_U01,查一下是不是新号,查一下是不是新号，是就应该是脚本号,yes,short,S018,false,
CAL_0019,TIEBA_0086_U01,对的，思路和游戏理解问题太严重了,对的，思路和游戏理解问题太严重了，主要还是他们对兵线已经对里少人的情况理解太少,yes,medium,S019,false,
CAL_0020,NGA_0017_U02,遇到坦克和笨b一点的战士就非常爽。,火男看阵容，遇到丢子和刺客时挺拉的。遇到坦克和笨b一点的战士就非常爽。我玩丢子的时候完全不怕火男，但是玩肉看到个火男就很烦,yes,medium,S004,false,
CAL_0021,BILI_0035_U01,我感觉最大的问题就是 它是大乱斗 你想玩一个套路你甚至得先赌自己这一把有没有玩这个套路的资格 在此基础的恶性体验最上限是一随到自己既不会玩+不知道适用什么套路的英雄+天谴海克斯 对局十分熟练完全知道怎么玩+知道适用套路+天胡海克斯 就会导致对局完全没有任何体验 但凡依旧大乱斗地图但是改成英雄自选都比现在好 至少能保证在天谴海克斯的情况下自己至少能发挥英雄本身的实力来应对对面 而不是完全没有任何可用操作,我感觉最大的问题就是 它是大乱斗 你想玩一个套路你甚至得先赌自己这一把有没有玩这个套路的资格 在此基础的恶性体验最上限是一随到自己既不会玩+不知道适用什么套路的英雄+天谴海克斯 对局十分熟练完全知道怎么玩+知道适用套路+天胡海克斯 就会导致对局完全没有任何体验 但凡依旧大乱斗地图但是改成英雄自选都比现在好 至少能保证在天谴海克斯的情况下自己至少能发挥英雄本身的实力来应对对面 而不是完全没有任何可用操作,yes,long,S020,false,RT_CAL_0021
CAL_0022,BILI_0066_U01,现在池子乱成这样你就玩吧 把把奥恩开局给我来升级无尽 纯恶心人 本来坦克就弱 debuff就多 还刷不到牌 纯恶心人,现在池子乱成这样你就玩吧 把把奥恩开局给我来升级无尽 纯恶心人 本来坦克就弱 debuff就多 还刷不到牌 纯恶心人,yes,long,S021,false,
CAL_0023,BILI_0008_U01,狂妄就是大乱斗刺客的底层代码，而移速更是刺客很重要的一个属性我不知道有什么理由不选升级狂妄，而且还给钱出门多一个散件,狂妄就是大乱斗刺客的底层代码，而移速更是刺客很重要的一个属性我不知道有什么理由不选升级狂妄，而且还给钱出门多一个散件,yes,long,S022,false,
CAL_0024,NGA_0029_U02,分高的唯一好处就是上票快 阵容是没啥区别的,400场55+ 600场剩52 现在800就剩51了 分高的唯一好处就是上票快 阵容是没啥区别的 当狗换来的是队友的研发 从此看开 一起当出生 不胡就点 这模式唯一的好处就是胜率队少 就算有也不当分奴 印象中撞过几次陪玩车 赢了两次 都是对面8分钟平推局不推给机会的 正常大乱斗打100把赢不了对面一把 当然也有挂车 举报过两个都是只封一天,yes,medium,S023,false,
CAL_0025,TIEBA_0044_U01,因为这是5v5游戏，真只顾着自己玩单机不好吗,因为这是5v5游戏，真只顾着自己玩单机不好吗，按你的说法，你让我不爽了我喷你你也得受着,yes,medium,S024,false,
CAL_0026,TIEBA_0002_U02,我好友列表都是0在线，算是知道不打的原因了,基本没什么游戏体验 elo不谈 正常局都没什么体验 基本都是瞎玩 我好友列表都是0在线，算是知道不打的原因了 这种moba游戏如果不是为了赢 我是不知道每天开一盘又一盘的原因是什么 累了，休息一个月再说,yes,medium,S025,false,
CAL_0027,TIEBA_0120_U01,没有对胜利的向往，只有对叠钢的渴望,没有对胜利的向往，只有对叠钢的渴望，从上线打到结束，没有一分钟是和平的，打完了我脑子里都是心之钢的声音,yes,medium,S019,false,
CAL_0028,BILI_0004_U01,我建议是：远程英雄从海克斯获取的移速和全能吸血都减半，所有叠层类海克斯远程阵亡时掉落更多层数，比如近战-65%远程-80%,我建议是：远程英雄从海克斯获取的移速和全能吸血都减半，所有叠层类海克斯远程阵亡时掉落更多层数，比如近战-65%远程-80%,yes,long,S026,false,
CAL_0029,NGA_0008_U01,现在怒气增长吃终极技能急速，残疫、钢壁甚至猎魔人都能增加怒气获取，但偏偏不吃技能急速，公理圆弧效果也不能直接涨一截怒气。,现在怒气增长吃终极技能急速，残疫、钢壁甚至猎魔人都能增加怒气获取，但偏偏不吃技能急速，公理圆弧效果也不能直接涨一截怒气。不清楚会不会吃全凭身法，但应该会吃“终极唤醒”和“和我一起困在这里”加的终极技能急速。但我觉得最胡的应该是三面包彩蛋了，直接250终极技能急速。,yes,long,S027,false,
CAL_0030,NGA_0099_U01,海斗榜前10里可是有4个ADC啊,海斗榜前10里可是有4个ADC啊 你要说胜率榜的话，前10也有俩，男枪还是第11，倒数20名里也就一个泽丽(为一板一眼泽丽默哀),yes,medium,S028,false,
CAL_0031,BILI_0037_U03,给我气的使劲喷这个炼金,遇到个10秒一个大的死歌，我玩的老鼠，活不过20秒，然后自己这边三个肉一个刺客，就我和刺客有输出，两个肉开黑的炼金和锤石一直不点，还嘲讽我们就是这样玩游戏的光点投降？人家死歌也不推，就一直在家放大，我复活20秒必死。给我气的使劲喷这个炼金,yes,short,S029,false,
CAL_0032,BILI_0007_U03,奈何我满嘴的国粹打字打不出来，气得我直接下了去玩单机游戏了，后来两个朋友上号了才一起打了三四把，可以随便互相嘴臭，心情好多了,确实，千万别一个人玩LOL，昨晚一把队友四个adc被人叼起来锤，然后开始发信号标记我装备，说我躲在后面干嘛，问题是，我是星妈啊！我要是一个人冲上去全解决了还要他们干嘛！说我不选前排要玩个屁用没有的星妈！奈何我满嘴的国粹打字打不出来，气得我直接下了去玩单机游戏了，后来两个朋友上号了才一起打了三四把，可以随便互相嘴臭，心情好多了。,yes,long,S030,false,
CAL_0033,TIEBA_0009_U02,事情经过是八分钟的时候，提莫十一级随机到尤里卡，接着过了两分钟后我也选到了尤里卡，加上我第一个海克斯是超凡邪恶，在我的大招时间小于复活时间后，帖主决定在家一直丢r，压提莫状态，等提莫死了再考虑往前推（后面会讲我是为什么这么想的），但是队友没有去守反而是一直在人少和状态不好的时候试图去开对面，结果也是输了。,首先是因为没带雪球先跟大家道个歉，如果带了雪球我就能过去和对面爆了。事情经过是八分钟的时候，提莫十一级随机到尤里卡，接着过了两分钟后我也选到了尤里卡，加上我第一个海克斯是超凡邪恶，在我的大招时间小于复活时间后，帖主决定在家一直丢r，压提莫状态，等提莫死了再考虑往前推（后面会讲我是为什么这么想的），但是队友没有去守反而是一直在人少和状态不好的时候试图去开对面，结果也是输了。11级随到尤里卡的时候有和朋友说有尤里卡也有超凡邪恶可以在家一直开大这个玩法（是五排的），但是输了后才指责我说这个玩法一把游戏全是错误，而且被说成有了尤里卡后就一直在挂机，但是那个时候大招cd还有九十多秒，并没有从那个时候就开始挂机。,yes,long,S031,false,
CAL_0034,TIEBA_0014_U02,把队友逼的为了防止3射手放弃莎弥拉，结果一个玩AP卡莎，一个被虐到超鬼直接挂机，,海斗在队友已经选出了莎弥拉的情况下，还能硬选两个射手？把队友逼的为了防止3射手放弃莎弥拉，结果一个玩AP卡莎，一个被虐到超鬼直接挂机，马服玩家对射手就真的执着吗？人人都梦想着自己是UZI，结果都是一群猪比，说到底马服玩家素质这么低，无团队概念，纯自我的废,yes,medium,S032,false,RT_CAL_0034
CAL_0035,BILI_0039_U01,最近我是真感觉池子被污染了，谁家剑圣、瘸子池子里有尤里卡、神射这种法师海克斯，我打了好几场的瘸子，全给法师海克斯，碎片一堆法穿法强，一点穿甲攻击不给,最近我是真感觉池子被污染了，谁家剑圣、瘸子池子里有尤里卡、神射这种法师海克斯，我打了好几场的瘸子，全给法师海克斯，碎片一堆法穿法强，一点穿甲攻击不给,yes,long,S033,false,
CAL_0036,TIEBA_0080_U01,玩兰博总给钢化你心，不知道为啥,玩兰博总给钢化你心，不知道为啥,yes,short,S034,false,
CAL_0037,TIEBA_0059_U03,到现在感觉装备栏不够，所以不出鞋子,基本上不出鞋，无论什么英雄，之前我都出鞋假装自己六神直接锻体，到现在感觉装备栏不够，所以不出鞋子,yes,medium,S019,false,
CAL_0038,TIEBA_0103_U03,只不过别人看的不舒服再加上玩的唐,如果真有物转法加法爆其实问题不大，小鱼人q是有ad伤害的，所有属性包括物穿都能吃到，只不过别人看的不舒服再加上玩的唐，而且还有更好的装备可选，比如暴击书补暴击和cd,yes,medium,S005,false,
CAL_0039,BILI_0108_U01,原因就是丢子适配的海克斯太多了,原因就是丢子适配的海克斯太多了。坦克来来回回就那么2个。遇到丢子哪怕赢了也是玩的恶心,yes,short,S035,false,
CAL_0040,BILI_0038_U01,总场数600多盘但是我现在已经不想玩了，一坨大便的平衡性，强化越来越非人类，坦克得不到经济补充后排装备起得比前排快，路人局普遍不想玩前排整一盘阵容畸形到不得了还有那鬼一样的海克斯池子，你就玩吧,总场数600多盘但是我现在已经不想玩了，一坨大便的平衡性，强化越来越非人类，坦克得不到经济补充后排装备起得比前排快，路人局普遍不想玩前排整一盘阵容畸形到不得了还有那鬼一样的海克斯池子，你就玩吧,yes,long,S036,false,
CAL_0041,TIEBA_0015_U03,于是我就想着科研一下，先用亮剑减攻击距离，然后16级提升到625。,海斗玩了把天使，第二个彩遇到了亮剑。这个时候我看了眼天使被动技能“16级:将你的攻击距离提升至625。”于是我就想着科研一下，先用亮剑减攻击距离，然后16级提升到625。结果诗山代码根本不支持我这个选择，到了16级估计距离一点没变，最恶心的是我一看破败怎么又变成了远程收益，从9%当前生命值减到了6%。好好好，亮剑变成近战你16级又给我变回去了。那我问你我失去的攻击距离谁给我补啊,yes,medium,S005,false,
CAL_0042,TIEBA_0082_U01,珠光无尽给琴女都能qa秒人了,珠光无尽给琴女都能qa秒人了,yes,short,S037,false,
CAL_0043,BILI_0064_U01,升级狂妄就是所有战士刺客保三争二一的海克斯,升级狂妄就是所有战士刺客保三争二一的海克斯,yes,medium,S038,false,
CAL_0044,BILI_0098_U01,AP女枪是对面四个以上丢子无脑选的，不用看符文，这把对面五个丢子，第一个符文不管啥都直接做AP就对了,AP女枪是对面四个以上丢子无脑选的，不用看符文，这把对面五个丢子，第一个符文不管啥都直接做AP就对了。,yes,long,S039,false,
CAL_0045,NGA_0035_U01,看了眼自己战绩，感觉自己拿到飞机不说把c也是把爽杀，我感觉玩飞机就一个理念问题，你W怎么交？,看了眼自己战绩，感觉自己拿到飞机不说把c也是把爽杀，我感觉玩飞机就一个理念问题，你W怎么交？我是主E副W的加点法，Q又慢伤害不高，我是拿来当耀光触发器的，W从来都是要么横着交被揍的队友方向拦人，要么雪球中对面的人后确定对面控制手没盯着直接开E二段雪球再W向后排或者人最多的位置。 装备第一件除非对面肉、回血怪大于2，必定是收集者，没几个AD有E和W这种每秒多段判定伤害的办法了，这就是和对面AD对撸的底气，收集者秒判定秒杀太强了。另外就是升级无尽了那首选肯定无尽啊。 第二件先跟着挂一件耀光，彩局做大穿，金局做无尽，对面有回血怪就再挂个800减治疗再出别的。 第三件肯定是大穿/无尽，除非对面太肉无尽换破败之类的。 之后暴击不满补c44，暴击满了按需求补防装/饮血。 要说后面不好赢也是真的，杀太多了啊都会被针对 比如输的那局，对面尤里卡提莫，我被单防了,yes,long,S040,false,
CAL_0046,TIEBA_0010_U01,至于为什么大招时间小于复活时间后再开始挂，不出来和对面换血叠超凡邪恶，其实也是因为忘记换雪球了,至于为什么大招时间小于复活时间后再开始挂，不出来和对面换血叠超凡邪恶，其实也是因为忘记换雪球了，然后想了一下，觉得出来死了只有五秒的被动清半波线，收益不如再等一波大消耗对面血量，当时的法强已经1100了，cd是400，在挂着之前是正常的上去换血和清兵的,yes,long,S041,false,
CAL_0047,BILI_0094_U01,标题：海克斯乱斗心理学之为什么你的队友不出重伤,标题：海克斯乱斗心理学之为什么你的队友不出重伤；简介：AI...它真的....太好用了,yes,medium,S042,false,
CAL_0048,NGA_0056_U02,说白了，我就膈应心之钢，理由就跟很多玩家膈应亚索和提莫一样，刻板印象。,如果所有法师，算上辅助和射手都算丢子的话，我确实玩不腻，我还就不爱玩战士和坦，顶多玩个宝石、布隆、贝蕾亚，实在没好英雄了捏鼻子选阿木木或者泰坦，其他免谈。说白了，我就膈应心之钢，理由就跟很多玩家膈应亚索和提莫一样，刻板印象。,yes,medium,S043,false,
CAL_0049,TIEBA_0021_U02,好不容易混到18次参与击杀,选出来先让对方一个彩，前期打架直接劣势，好不容易混到18次参与击杀，结果好多属性是利用不上的，还有一堆debuff，占格子导致后期卖了也亏不卖也没赚多少,yes,short,S044,false,
CAL_0050,NGA_0076_U02,改版之后第一把完全不知道,啊，原来钢壁能增加怒气获取吗 改版之后第一把完全不知道,yes,short,S045,false,
CAL_0051,BILI_0010_U01,我认为法师的鬼书性价比是几个重伤里面最低的,我认为法师的鬼书性价比是几个重伤里面最低的。最超模的当属凡性。现在ADC打肉无非就是出轻语+破败，但如果对面同时有肉+强回复，还可以凡性+破败，既能克制回复，又有一定打肉能力，属性也不亏。法师的装备大部分就是垃圾，以前辅助的炼金科技纯化器还在的时候，如果对面有回复，我压根不出鬼书，直接出这个。,yes,medium,S046,false,RT_CAL_0051
CAL_0052,NGA_0082_U03,现在得加点羁绊了,以前很爽 现在不如大法师羁绊或者双叠甲龙循环往复 现在得加点羁绊了,yes,short,S047,false,
CAL_0053,TIEBA_0002_U04,累了，休息一个月再说,基本没什么游戏体验 elo不谈 正常局都没什么体验 基本都是瞎玩 我好友列表都是0在线，算是知道不打的原因了 这种moba游戏如果不是为了赢 我是不知道每天开一盘又一盘的原因是什么 累了，休息一个月再说,yes,short,S034,false,
CAL_0054,TIEBA_0097_U01,10分钟？还得看双方阵容吧，有一把我6级就做出来了。,10分钟？还得看双方阵容吧，有一把我6级就做出来了。,yes,medium,S005,false,
CAL_0055,NGA_0007_U03,我想体验一下新龙女的肉搏能力，选了10把，只有1把对面有个曙光，其余全是法师ad刺客，真给我打得人麻了。,大部分对局全是丢子在那隔着屏幕互相丢，不加入吧基本游戏体验还不如挂机，加入吧，又实在是觉得毫无交互体验，丢子能玩的海克斯太多了。我感觉很多丢子玩家对近战玩家的恶意来源于那些无脑钢，乱冲的近战导致游戏体验不好，但是前排尽职尽责挨打抗伤害的时候碰到那些瞎丢瞎玩的后排时又找谁说理去呢是吧。我想体验一下新龙女的肉搏能力，选了10把，只有1把对面有个曙光，其余全是法师ad刺客，真给我打得人麻了。现在只有js能带来愉悦，如果再来个裁决使将会是绝杀。,yes,long,S048,false,
CAL_0056,NGA_0094_U02,倒是我很好奇那种遇到拉克丝就拿的，那种队友不能4V5僵持住，基本就是路边一条。,炼金这种前排还有人喷，出个冰杖大面具剩下看阵容出防装，遇到那种不是人手控制阵容，只要不是海克斯烂到一定程度，基本伤害都不低，彩色导管、残忍、大魔王都能拿，金色辣椒油魄罗、银色扇巴掌、速度爆发都很适配。倒是我很好奇那种遇到拉克丝就拿的，那种队友不能4V5僵持住，基本就是路边一条。,yes,medium,S003,false,
CAL_0057,NGA_0058_U01,大法师基兰，打团没人管能恶心死你，给自己挂个大就上来自爆了,大法师基兰，打团没人管能恶心死你，给自己挂个大就上来自爆了，一波团打的久一点能开出来第三个大 昨天有一把大法师虚空裂隙，给我炸爽了,yes,medium,S049,false,
CAL_0058,NGA_0090_U03,全力寻找回归基本功,直接出 AD，R 扣掉或者拿来刷被动 全力寻找回归基本功,yes,short,S050,false,
CAL_0059,TIEBA_0034_U01,光头特别好刷评分，不知道为什么,光头特别好刷评分，不知道为什么,yes,short,S034,false,
CAL_0060,NGA_0035_U08,要说后面不好赢也是真的，杀太多了啊都会被针对,看了眼自己战绩，感觉自己拿到飞机不说把c也是把爽杀，我感觉玩飞机就一个理念问题，你W怎么交？我是主E副W的加点法，Q又慢伤害不高，我是拿来当耀光触发器的，W从来都是要么横着交被揍的队友方向拦人，要么雪球中对面的人后确定对面控制手没盯着直接开E二段雪球再W向后排或者人最多的位置。 装备第一件除非对面肉、回血怪大于2，必定是收集者，没几个AD有E和W这种每秒多段判定伤害的办法了，这就是和对面AD对撸的底气，收集者秒判定秒杀太强了。另外就是升级无尽了那首选肯定无尽啊。 第二件先跟着挂一件耀光，彩局做大穿，金局做无尽，对面有回血怪就再挂个800减治疗再出别的。 第三件肯定是大穿/无尽，除非对面太肉无尽换破败之类的。 之后暴击不满补c44，暴击满了按需求补防装/饮血。 要说后面不好赢也是真的，杀太多了啊都会被针对 比如输的那局，对面尤里卡提莫，我被单防了,yes,medium,S028,false,
CAL_0061,NGA_0045_U03,而且就算到了锻体局 那点数值也不够看啊，你要累加起来 就要多次锻体，而都多次锻体了 早就互相秒了，比的是先手 那点多的数值 作用不大。,就是垃圾 打10把能1把锻体局么？ 现在很多时候15级都到不了就被推平了 或者点了 而且就算到了锻体局 那点数值也不够看啊，你要累加起来 就要多次锻体，而都多次锻体了 早就互相秒了，比的是先手 那点多的数值 作用不大。 如果装备加成多给几倍，锻体正常 那还有点说法，现在正常帽子装加那点属性 有屁用 到了锻体 都是大后期了 基本上都是互相秒了 那时候输出早就溢出了，比的就是先手 这海克斯垃圾就在于 他是纯数值的 但是前期又没数值，后期能感受点数值的时候 数值已经早就溢出了~,yes,long,S051,false,
CAL_0062,NGA_0035_U07,之后暴击不满补c44，暴击满了按需求补防装/饮血。,看了眼自己战绩，感觉自己拿到飞机不说把c也是把爽杀，我感觉玩飞机就一个理念问题，你W怎么交？我是主E副W的加点法，Q又慢伤害不高，我是拿来当耀光触发器的，W从来都是要么横着交被揍的队友方向拦人，要么雪球中对面的人后确定对面控制手没盯着直接开E二段雪球再W向后排或者人最多的位置。 装备第一件除非对面肉、回血怪大于2，必定是收集者，没几个AD有E和W这种每秒多段判定伤害的办法了，这就是和对面AD对撸的底气，收集者秒判定秒杀太强了。另外就是升级无尽了那首选肯定无尽啊。 第二件先跟着挂一件耀光，彩局做大穿，金局做无尽，对面有回血怪就再挂个800减治疗再出别的。 第三件肯定是大穿/无尽，除非对面太肉无尽换破败之类的。 之后暴击不满补c44，暴击满了按需求补防装/饮血。 要说后面不好赢也是真的，杀太多了啊都会被针对 比如输的那局，对面尤里卡提莫，我被单防了,yes,medium,S043,false,
CAL_0063,BILI_0027_U01,一、bug多 二、伤害溢出，节奏快，坦克没有生存空间 三、局外成长不平衡,一、bug多 二、伤害溢出，节奏快，坦克没有生存空间 三、局外成长不平衡,yes,medium,S038,false,
CAL_0064,NGA_0048_U03,我玩个赛娜，对面冰女+萨勒芬妮两个裂隙，前期随便吃两个技能直接死,是个法师都能无脑拿，选到虚空裂隙操作难度直接下降 50%，随便放放技能就被裂隙炸死了，娜美拿个虚空裂隙能秒人还有王法吗？ 我玩个赛娜，对面冰女+萨勒芬妮两个裂隙，前期随便吃两个技能直接死 还好我上来选了个巨人杀手，后期通过巨人杀手+岚切加速+E 加速+疾跑才能躲开这个裂隙 对面的人只要走走位把虚空裂隙全躲了就行了，拿到虚空裂隙的人要考虑的就很多了,yes,medium,S052,false,
CAL_0065,TIEBA_0040_U05,所以才开始考虑在家挂着丢大的事,然后还是没带雪球的问题，中后期开始摸不到对面人了，有船长的e提莫的大还有莫甘娜，过去死了直接罚站了，所以才开始考虑在家挂着丢大的事,yes,short,S034,false,
CAL_0066,NGA_0007_U01,大部分对局全是丢子在那隔着屏幕互相丢，不加入吧基本游戏体验还不如挂机，加入吧，又实在是觉得毫无交互体验，丢子能玩的海克斯太多了。,大部分对局全是丢子在那隔着屏幕互相丢，不加入吧基本游戏体验还不如挂机，加入吧，又实在是觉得毫无交互体验，丢子能玩的海克斯太多了。我感觉很多丢子玩家对近战玩家的恶意来源于那些无脑钢，乱冲的近战导致游戏体验不好，但是前排尽职尽责挨打抗伤害的时候碰到那些瞎丢瞎玩的后排时又找谁说理去呢是吧。我想体验一下新龙女的肉搏能力，选了10把，只有1把对面有个曙光，其余全是法师ad刺客，真给我打得人麻了。现在只有js能带来愉悦，如果再来个裁决使将会是绝杀。,yes,long,S051,false,
CAL_0067,TIEBA_0090_U01,额，科技枪哪个单位的，不是单体吗,额，科技枪哪个单位的，不是单体吗，没法跟推推棒无终相提并论啊,yes,medium,S005,false,
CAL_0068,NGA_0020_U04,后面玩了把尤里卡+掷骰锻体的火男，对面狗熊蒙多+羊，毫无还手之力,差不多吧，反正炽天使是换不掉，打的太后期了，带炽天使蓝也不够用，这把主要是掷骰羁绊来的早，锻体早，法穿cd啥的锻的多，对面也就一个特别肉，所以还能打动。3个大肉局躺平吧，普通法师等死就可以了，后面玩了把尤里卡+掷骰锻体的火男，对面狗熊蒙多+羊，毫无还手之力。,yes,medium,S052,false,
CAL_0069,NGA_0048_U01,是个法师都能无脑拿，选到虚空裂隙操作难度直接下降 50%，随便放放技能就被裂隙炸死了,是个法师都能无脑拿，选到虚空裂隙操作难度直接下降 50%，随便放放技能就被裂隙炸死了，娜美拿个虚空裂隙能秒人还有王法吗？ 我玩个赛娜，对面冰女+萨勒芬妮两个裂隙，前期随便吃两个技能直接死 还好我上来选了个巨人杀手，后期通过巨人杀手+岚切加速+E 加速+疾跑才能躲开这个裂隙 对面的人只要走走位把虚空裂隙全躲了就行了，拿到虚空裂隙的人要考虑的就很多了,yes,long,S051,false,
CAL_0070,BILI_0010_U04,法师的装备大部分就是垃圾，以前辅助的炼金科技纯化器还在的时候，如果对面有回复，我压根不出鬼书，直接出这个,我认为法师的鬼书性价比是几个重伤里面最低的。最超模的当属凡性。现在ADC打肉无非就是出轻语+破败，但如果对面同时有肉+强回复，还可以凡性+破败，既能克制回复，又有一定打肉能力，属性也不亏。法师的装备大部分就是垃圾，以前辅助的炼金科技纯化器还在的时候，如果对面有回复，我压根不出鬼书，直接出这个。,yes,long,S008,false,
CAL_0071,NGA_0096_U02,没手法别玩,塞拉斯就是对面大招好出ap，不好出ad，没手法别玩，没了,yes,short,S050,false,
CAL_0072,NGA_0071_U04,后期和老龙女比就是一条区,新龙女就是下限高点因为q基础伤害高了 自带aoe等于半个提亚马特 W带个盾前期大家数值低的时候好用 后期和老龙女比就是一条区 毫无上限可言,yes,short,S047,false,
CAL_0073,TIEBA_0105_U02,卡萨丁开w平a也能吃1.0AD加成啊。,只会拉黑的唇沟，q是技能，卡萨丁的w是普攻啊？卡萨丁开w平a也能吃1.0AD加成啊。这你都分不清我懒得跟你解释了。你拿老鼠的AP加成举例，小鱼人有物转法是纯AP然后硬拿10穿甲，你老鼠出AD然后出法穿鞋有用？,yes,medium,S053,false,
CAL_0074,NGA_0024_U03,第二个干的是冰女。你说残疫很关键我能理解，但你第二件出了个时光杖？,但能一队五个人三个人乱出忍不了了。第一个干的是剑圣。在对面开局俩肉进游戏三腰带，自己选接二连三的情况下，第一件掏了个收集者。第二个干的是冰女。你说残疫很关键我能理解，但你第二件出了个时光杖？第三件金身是要防什么，对面这阵容需要你e进去开团吗？最后大虫子也干了。四下雪天能出全肉的啊，但凡黑屏的时候读读描述呢。唯一的ap装是时光杖，怎么又是你，这是什么很超模的装备吗？,yes,medium,S052,false,
CAL_0075,BILI_0085_U01,我那把队友的男枪，第一个海克斯一板一眼，直接出了狂妄收集者大穿，后面也没拿到亮剑，神装一点攻速没有，最后还问了一句一板一眼是不是削了，这能崩住的真是人物,我那把队友的男枪，第一个海克斯一板一眼，直接出了狂妄收集者大穿，后面也没拿到亮剑，神装一点攻速没有，最后还问了一句一板一眼是不是削了，这能崩住的真是人物,yes,long,S054,false,
CAL_0076,NGA_0015_U01,有一把我们女警打团一点伤害都没有，点开tab看了一眼万瞄飓风的女警。,有一把我们女警打团一点伤害都没有，点开tab看了一眼万瞄飓风的女警。我公屏问了一句哥们你这装备有伤害吗，他就挂机骂我出装警察，娱乐模式还要指指点点，然后说自己无所谓输了就输了。后面我们4打5推到对面水晶他来了一句为什么不投降，看可能要赢了又自己走出来打打团。不清楚这种队友脑回路是什么样的，我也没教他出什么选什么海克斯也没言语骂他，如果这陈述事实也算骂人那我没得说了。虽然输了这把是真的爽，回归基本功巨杀缩小引擎的人马，对面还基本上是战士刺客，玩一把爽一年。,yes,medium,S052,false,
CAL_0077,TIEBA_0002_U01,基本没什么游戏体验 elo不谈 正常局都没什么体验 基本都是瞎玩,基本没什么游戏体验 elo不谈 正常局都没什么体验 基本都是瞎玩 我好友列表都是0在线，算是知道不打的原因了 这种moba游戏如果不是为了赢 我是不知道每天开一盘又一盘的原因是什么 累了，休息一个月再说,yes,medium,S055,false,
CAL_0078,TIEBA_0012_U01,问题是很多人各种花式送死完全没有什么快乐可言,问题是很多人各种花式送死完全没有什么快乐可言，输赢确实没那么重要，但你得玩的爽，即没伤害秒人也肉不起来挨打，更没有控制折磨对手，不知道那些人玩的什么意思,yes,medium,S019,false,
CAL_0079,NGA_0112_U01,你看看你这三救护车羁绊呢，羁绊也带回血,你看看你这三救护车羁绊呢，羁绊也带回血,yes,medium,S043,false,
CAL_0080,NGA_0006_U03,你要真是法师糕手天天拿大核下能兜底打输出上能找机会秒ad开团，那也没必要把自己划进春绿丢子一类 玩个丢子还给自己优越起来了？,丢子为什么现在自带贬义色彩，是因为玩这种东西的，就是体感畜的人多。你可以喷我隐藏分低ICU大乱斗，但我个人看下来就是会有包括但不限于 老鼠卡莎女枪等不看阵容(全队唯一ad/对面大肉没人处理)依旧出ap 四五个大件死活不掏大法穿 残疫爱好者 选个软辅出卢登 以为能c不做冰杖重伤 喜欢玩拉克丝豹女 海克斯还喜欢选由心及物，没事出两件蓝量装搞不好再带个大天使 沟槽的wegame评分伤害低承伤低蹭局势死的少然后盗mvpsvp 你要真是法师糕手天天拿大核下能兜底打输出上能找机会秒ad开团，那也没必要把自己划进春绿丢子一类 玩个丢子还给自己优越起来了？坦克要抓机会开团或者看阵容保后排反手，牺牲自己游戏体验来弥补团队短板提高团队胜率；战士刺客要看进场时机，什么时候该打一套拉开什么时候allin，操作要细不然伤害不一定够；adc更是被针对也是输出核心，就算被开指不定还能靠吸血拉扯继续输出。大家都在是在刀尖上操作的人，你丢子是个什么东西？预判中技能和走位躲技能也叫操作的话什么英雄不要操作？互丢局我还算你热血沸腾的对局，有前排的局不就是躲在前排后面丢对面？除了几个真能当英雄的法师，丢子就是前期上点压力，后期老实做功能性蹭局势。 看你那发言，丢子清兵还要考虑？兵线进塔就是丢子不干事。玩的那几个英雄也就木木泰坦能开团，也都是假坦克出全肉也脆的要死。你这种人我以前也碰到过两个，不看阵容只玩丢子，被冲脸杀了就说煞笔英雄纯靠数值一点操作都不需要，结果自己去玩轻装战士玩的像屎进去就死。 膈应心之钢是对的，无脑心之钢就是蠢。但是亚索胜率第11,yes,long,S040,false,
CAL_0081,NGA_0033_U01,两三百场的时候胜率在56左右，然后越来越低，最近一两个星期输麻了，四百场左右还有53胜率，现在每天都是赢两三把输五六把，昨晚更夸张八连败，一直熬到十二点多才断连败,两三百场的时候胜率在56左右，然后越来越低，最近一两个星期输麻了，四百场左右还有53胜率，现在每天都是赢两三把输五六把，昨晚更夸张八连败，一直熬到十二点多才断连败，队也越来越逆天，符文发的也越来越脑溢血，气得我直接不想上游戏了 回归均值这一块真是让藤子玩明白了,yes,long,S051,false,
CAL_0082,BILI_0061_U01,别刻板印象ap女枪弱了，现在拖女枪胜率后腿的是ad女枪，大数据都明明白白告诉你出ap好赢,别刻板印象ap女枪弱了，现在拖女枪胜率后腿的是ad女枪，大数据都明明白白告诉你出ap好赢,yes,long,S039,false,
CAL_0083,NGA_0039_U04,不挑海克斯，胡了很厉害普通海克斯也能玩，适配蛮多海克斯。,你该不会是玩拉克丝被w缚地然后吃个雪球被背回去杀破防了吧。倒不如说如果一个炼金总盯着你背，你们队应该挺好赢的，下等马能换掉对面一个很有用的英雄。就哪怕是上面说的那种开团的炼金，都基本能稳定换掉对面一个c，对单核阵容真的是毁灭打击，如果有开团前排让炼金打第二进场那很有可能炼金还能混个火。不挑海克斯，胡了很厉害普通海克斯也能玩，适配蛮多海克斯。以后秀理解问英雄的时候先去掌盟看眼胜率，胜率不会骗人。,yes,medium,S049,false,
CAL_0084,BILI_0090_U02,还是那句话，如果有吸血习性，裁决使，质变棱彩这种何必选升级狂妄,狂妄并非只有刺客能出，亚恒剑魔这种，控虽然不如个别一身控制的坦克多后续补个扇巴掌真的猛的要命。还是那句话，如果有吸血习性，裁决使，质变棱彩这种何必选升级狂妄。,yes,medium,S056,false,
CAL_0085,BILI_0071_U02,可怜主播的朋友们可以关注三连一下哦~,千万不要单排海克斯！！！！！！如果你还在单排海克斯可以看评论区置顶小群一起玩！！！千万不要单排大乱斗！！！可怜主播的朋友们可以关注三连一下哦~,yes,medium,S057,false,
CAL_0086,BILI_0007_U01,我要是一个人冲上去全解决了还要他们干嘛,确实，千万别一个人玩LOL，昨晚一把队友四个adc被人叼起来锤，然后开始发信号标记我装备，说我躲在后面干嘛，问题是，我是星妈啊！我要是一个人冲上去全解决了还要他们干嘛！说我不选前排要玩个屁用没有的星妈！奈何我满嘴的国粹打字打不出来，气得我直接下了去玩单机游戏了，后来两个朋友上号了才一起打了三四把，可以随便互相嘴臭，心情好多了。,yes,medium,S057,false,
CAL_0087,TIEBA_0003_U03,至于收集者就不评价了，有一件装备是它的原画镜像叫c44我觉得对于小火龙来说是第二把无尽,宁愿做红穿加重伤也不做绿穿吗？吸蓝刀回归耀光系后我已经无法理解做三相不做吸蓝刀了，更何况你这把还有升级无尽，你哪怕做狂妄／圆弧我也可以理解为你不爱做耀光系。至于收集者就不评价了，有一件装备是它的原画镜像叫c44我觉得对于小火龙来说是第二把无尽,yes,long,S058,false,
CAL_0088,TIEBA_0064_U01,先不说玩家蠢不蠢的问题，感觉跟他们玩的不是一个游戏。,先不说玩家蠢不蠢的问题，感觉跟他们玩的不是一个游戏。本人砖二，出装问题我都懒得吐槽了，就是思路和游戏理解严重有问题。屏蔽战绩的算怂的，都是一堆白银青铜的。说真的，不如高级人机。我当年白银的时候也没这么捞吧，吓人。,yes,medium,S005,false,
CAL_0089,TIEBA_0066_U01,就是想问一下大家，如果真的没有带雪球进来打这把对局，是否还有更优解,就是想问一下大家，如果真的没有带雪球进来打这把对局，是否还有更优解，批评和建议都会接受,yes,medium,S005,false,
CAL_0090,TIEBA_0061_U01,能不能来个神人解释一下为什么小火龙要出面具,能不能来个神人解释一下为什么小火龙要出面具，我真挺好奇小火龙出面具是谁教的,yes,medium,S005,false,
CAL_0091,BILI_0083_U01,出个冰杖，三个小技能拉克丝有什么区别，一个直线控制的，一个圆型打伤害的，一个给队友套盾的，已经是软辅里面最像法师的了,酸辣粉还低等吗？出个冰杖，三个小技能拉克丝有什么区别，一个直线控制的，一个圆型打伤害的，一个给队友套盾的，已经是软辅里面最像法师的了,yes,long,S054,false,
CAL_0092,NGA_0028_U03,让你输的时候，进去看选人就知道这把如果海克斯不胡就是八分的局,目前450把，55%的胜率，很少有那种一胜一负的局，大部分情况都是赢就连着赢，输就连着输三把以上，想让你赢的时候，我人马开局来最终唤醒，对面八分就点，让你输的时候，进去看选人就知道这把如果海克斯不胡就是八分的局，大乱斗还能有人单排七八十连胜，海斗能二三十都不可思议了，海克斯变数太大，再唐的玩家海克斯胡了也能乱杀,yes,medium,S004,false,
CAL_0093,NGA_0005_U03,卡莎我算你还有黄昏和纳什魔切，卢登完转三进化，老鼠混伤怎么做？,我没见过ap米利欧？真给你幽默完了你出ap我不看伤害看什么，要看功能性不会出辅助装？你出ap装一把六神下来多少cd？全部技能服务一个踢皮球，你什么绝活哥q技能这么好中？ ad前期缩塔捡人头有什么问题？你倒是告诉我你怎么转型，卖装备不要钱？转型穿透你出法穿还是物穿？你把把红包雨？卡莎我算你还有黄昏和纳什魔切，卢登完转三进化，老鼠混伤怎么做？ 收收你的神通吧，真法师绝活哥估摸着在中路上分呢，大乱斗丢子还不混呢 坦克能开团，刺客能秒c，全都为战士ad提供环境收割，你丢子能干嘛？摸奖，混输出，站的比谁都后面，看到团不过就开始往家里跑。 搞搞清楚，不是不喜欢丢子所以说丢子混，是丢子混所以不喜欢丢子。你要是玩球女狐狸打团能控到对面ad一套带走，黄鸡维克托能收割战场，毛笔人火男团战技能爆炸伤害，这种我都不会说是丢子，开团盯着你开叫尊重。打个团只会站后面，闪现不是逃跑就是k头，技能只能打到上来冲你的前排还以为自己老有操作了，这叫丢子。这种人就是我牛头一个二连起来直接接ctrl3给你敲丧钟,yes,medium,S043,false,
CAL_0094,BILI_0018_U01,其实我觉得一个游戏在大家都不会玩的时候才是最好玩的，因为当一个人自己和他人都会玩后往往都开始注重所谓提升技术，或则说执着于打出一些惊人操作，能意识到队友是猪的拉对面是小代的好而生气，以及各种因素，而海斗则是通过加入新机制，来一定程度上削弱了大部分玩家通过曾经的游戏经验带来的技术提升，并出现很多运气大于操作的游戏体验,其实我觉得一个游戏在大家都不会玩的时候才是最好玩的，因为当一个人自己和他人都会玩后往往都开始注重所谓提升技术，或则说执着于打出一些惊人操作，能意识到队友是猪的拉对面是小代的好而生气，以及各种因素，而海斗则是通过加入新机制，来一定程度上削弱了大部分玩家通过曾经的游戏经验带来的技术提升，并出现很多运气大于操作的游戏体验。从而给了不少人不错的体验吧，不用像排位那么执着输赢和技术，回归了开游戏就是想来把爽局。,yes,long,S054,false,
CAL_0095,TIEBA_0051_U05,太不激情了,刚好5个抖M+怂货碰一起了吧，我昨天也遇到这种队伍，对面有个拉克丝可以清线，打了20分钟才推完，太不激情了，打完直接睡觉了,yes,short,S034,false,
CAL_0096,TIEBA_0047_U01,基数大智障不就多,基数大智障不就多 加上胡了还有elo只要你不是ap出ad这种蠢到家都可以乱杀 能指望有几个正常人,yes,short,S034,false,
CAL_0097,TIEBA_0064_U05,我当年白银的时候也没这么捞吧，吓人。,先不说玩家蠢不蠢的问题，感觉跟他们玩的不是一个游戏。本人砖二，出装问题我都懒得吐槽了，就是思路和游戏理解严重有问题。屏蔽战绩的算怂的，都是一堆白银青铜的。说真的，不如高级人机。我当年白银的时候也没这么捞吧，吓人。,yes,medium,S019,false,
CAL_0098,BILI_0082_U01,还可以整点活儿，比如“兑子”用自己两个海克斯封印对面某人的一个海克斯，趣味性肯定拉满,还可以整点活儿，比如“兑子”用自己两个海克斯封印对面某人的一个海克斯，趣味性肯定拉满,yes,long,S033,false,
CAL_0099,NGA_0033_U02,队也越来越逆天，符文发的也越来越脑溢血，气得我直接不想上游戏了,两三百场的时候胜率在56左右，然后越来越低，最近一两个星期输麻了，四百场左右还有53胜率，现在每天都是赢两三把输五六把，昨晚更夸张八连败，一直熬到十二点多才断连败，队也越来越逆天，符文发的也越来越脑溢血，气得我直接不想上游戏了 回归均值这一块真是让藤子玩明白了,yes,medium,S004,false,
CAL_0100,BILI_0054_U01,我现在对海斗最大的意见就是这个模式太火了，甚至吸引了一些人回坑和入坑,我现在对海斗最大的意见就是这个模式太火了，甚至吸引了一些人回坑和入坑。这就导致匹到的神人越来越多。把把感觉家里都有起码一个负作用的人。反倒是海克斯之类的我意见不大。因为我个人操作比较强。只要对面不是胡到那种闭着眼都能踢死人的地步，我都还能靠操作打一打。但是应付对面的同时还得防一手队友这种感觉太折磨了。海斗也是有elo的，这个东西想必只要玩的多都不会反驳我，一页绿第二天一页红是常有的事。玩个娱乐模式也像单双一样天天被神人折磨这一点是真的南蚌。,yes,medium,S059,false,
CAL_0101,NGA_0100_U01,这炼金真有用吗？,这炼金真有用吗？把把队友选这个然后团战相当于四打五输了，搁那苍蝇一个到处乱跑到后面都没人看他一眼,yes,short,S050,false,RT_CAL_0101
CAL_0102,BILI_0054_U04,但是应付对面的同时还得防一手队友这种感觉太折磨了,我现在对海斗最大的意见就是这个模式太火了，甚至吸引了一些人回坑和入坑。这就导致匹到的神人越来越多。把把感觉家里都有起码一个负作用的人。反倒是海克斯之类的我意见不大。因为我个人操作比较强。只要对面不是胡到那种闭着眼都能踢死人的地步，我都还能靠操作打一打。但是应付对面的同时还得防一手队友这种感觉太折磨了。海斗也是有elo的，这个东西想必只要玩的多都不会反驳我，一页绿第二天一页红是常有的事。玩个娱乐模式也像单双一样天天被神人折磨这一点是真的南蚌。,yes,medium,S042,false,
CAL_0103,NGA_0054_U06,基本都能爽到,反正我玩莉莉亚都很难受 对面不是一堆丢子就是一堆控制 根本进不去 但是总能赢 我朋友玩莉莉亚就能遇到正常肉搏局，基本都能爽到,yes,short,S047,false,
CAL_0104,TIEBA_0005_U01,除特殊adc，第一件都是荒野剑，因为感觉数值最高，后面跟大穿无尽,除特殊adc，第一件都是荒野剑，因为感觉数值最高，后面跟大穿无尽，这里的特殊adc是云阿那，第一件飓风，后续补攻速。挺多人说c44是好装备，但我不知道在哪出，前期后期出感觉会没攻速。除非升级，不然不出收集者,yes,medium,S053,false,
CAL_0105,NGA_0119_U02,好歹摸到人真的有伤害，,奥拉夫还是比这俩强的，好歹摸到人真的有伤害，胜率也比这俩高不少,yes,short,S050,false,
CAL_0106,NGA_0026_U01,昨天有四把脑溢血，一把是被对面当猪杀了最后人头比是十几比六十多，队友就是不投。,昨天有四把脑溢血，一把是被对面当猪杀了最后人头比是十几比六十多，队友就是不投。一把队友抢我五杀，四杀之后对面满血来我面前送给我，然后有个队友就过来给我抢了，我技能放完在慢慢a妖姬过来就是一套丝滑连招给我抢了，然后还亮个表情。一把队友剑魔，出门打了几波团剑魔一个人头没捞到，然后来了句人头你们都拿你们发育起来你们c然后就在后面玩泥巴，不打架不挂机，就挂在后面吃经验吃血包，恶心死我了。最脑溢血的是第八连败，明明能赢的，对面先死一个，然后我们劣势打赢团了，杰斯四杀，我们这边就我死了，剩四个残血，推到基地还剩一半血对面最先死的复活了，然后杰斯带着剩下三个冲泉水要拿五杀，冷知识，一波团最先死的复活又被杀是不算五杀的然后四个人一起送了泉水，然后对面抱团推过来一波带走。最后赢的那把应该算是福利局，对面跟人机一样，一点反抗都没有八分多钟就点了。,yes,medium,S060,false,
CAL_0107,TIEBA_0042_U01,吸血鬼的强度在于w的冷却,吸血鬼的强度在于w的冷却，不好度过前期，到后期该打不过的还是打不过,yes,short,S007,false,
CAL_0108,NGA_0077_U03,复活期间0怒气,以前也难受，龙形态死亡，复活期间0怒气，守家团少半个人,yes,short,S061,false,
CAL_0109,TIEBA_0052_U02,然后第二件直接出影焰,玩法师总爱开局挂个眼泪，然后第二件直接出影焰，眼泪后面不着急和，看能不能出物转法，当提前叠了,yes,short,S034,false,
CAL_0110,BILI_0023_U01,之前海克斯差点还能靠操作弥补一下，现在胡了是真的挡不住，甩个技能特效满天飞，经济高你大几千，也不是说要平衡，但是至少也要给用操作战胜运气的余地吧,之前海克斯差点还能靠操作弥补一下，现在胡了是真的挡不住，甩个技能特效满天飞，经济高你大几千，也不是说要平衡，但是至少也要给用操作战胜运气的余地吧,yes,long,S033,false,
CAL_0111,TIEBA_0118_U01,而且别人在3ad输出的情况下出ap也没毛病的吧,而且别人在3ad输出的情况下出ap也没毛病的吧,yes,medium,S005,false,
CAL_0112,NGA_0004_U03,我不否认前排的作用，但你说丢子无聊我只能说你不会玩丢子，你玩的丢子就只管CD好了就扔，打没打到人都无所谓，那确实很无聊。,丢子就是学走位，练预判，找破绽，抓失误，需要考虑技能是清兵还是打人。玩前排只管向前冲粘着后排抗伤害搅混水，稍微有点含金量的就是雪球命中，相比之下谁更无脑？我不否认前排的作用，但你说丢子无聊我只能说你不会玩丢子，你玩的丢子就只管CD好了就扔，打没打到人都无所谓，那确实很无聊。,yes,long,S040,false,
CAL_0113,NGA_0093_U02,实际上vn是海斗里变种最多的adc之一,vn怎么不需要游戏理解，出半肉和纯ad两种不同选择，出不出暴击也是一个抉择点。实际上vn是海斗里变种最多的adc之一,yes,medium,S043,false,
CAL_0114,TIEBA_0052_U01,玩法师总爱开局挂个眼泪,玩法师总爱开局挂个眼泪，然后第二件直接出影焰，眼泪后面不着急和，看能不能出物转法，当提前叠了,yes,short,S034,false,
CAL_0115,TIEBA_0113_U02,火炮破败换穿甲一刀流还行,一板一眼有点抽象了，火炮破败换穿甲一刀流还行,yes,short,S034,false,
CAL_0116,TIEBA_0071_U01,吸血鬼只有虚空裂隙能玩吧,吸血鬼只有虚空裂隙能玩吧,yes,short,S007,false,
CAL_0117,NGA_0089_U02,巴德大玩的来的话也算一个,也就风女，格温，塞恩堪堪能用吧 巴德大玩的来的话也算一个,yes,short,S047,false,RT_CAL_0117
CAL_0118,TIEBA_0085_U01,屏蔽战绩的半成通天代打单子,屏蔽战绩的半成通天代打单子，半成挂狗，剩下九成都是菜比和爱互动的菜比,yes,short,S034,false,
CAL_0119,TIEBA_0105_U03,这你都分不清我懒得跟你解释了。,只会拉黑的唇沟，q是技能，卡萨丁的w是普攻啊？卡萨丁开w平a也能吃1.0AD加成啊。这你都分不清我懒得跟你解释了。你拿老鼠的AP加成举例，小鱼人有物转法是纯AP然后硬拿10穿甲，你老鼠出AD然后出法穿鞋有用？,yes,short,S062,false,RT_CAL_0119
CAL_0120,NGA_0045_U02,现在很多时候15级都到不了就被推平了 或者点了,就是垃圾 打10把能1把锻体局么？ 现在很多时候15级都到不了就被推平了 或者点了 而且就算到了锻体局 那点数值也不够看啊，你要累加起来 就要多次锻体，而都多次锻体了 早就互相秒了，比的是先手 那点多的数值 作用不大。 如果装备加成多给几倍，锻体正常 那还有点说法，现在正常帽子装加那点属性 有屁用 到了锻体 都是大后期了 基本上都是互相秒了 那时候输出早就溢出了，比的就是先手 这海克斯垃圾就在于 他是纯数值的 但是前期又没数值，后期能感受点数值的时候 数值已经早就溢出了~,yes,medium,S052,false,
CAL_0121,BILI_0049_U03,削弱移速类海克斯或者降低前期的数值,1. 近战海克斯和远程海克斯不作区分是最蠢的设计；2. 全能吸血需要削弱，不然本身缺伤害的英雄一辈子打不赢一个有全能吸血的脆皮；3. 削弱移速类海克斯或者降低前期的数值；4. 削弱当前版本人人都有的气定神闲前期强度。,yes,medium,S002,false,
CAL_0122,NGA_0057_U02,你觉得肉坦就是比丢子强你就玩,啊对对对，你开心就好，我不想也没空引战，你觉得肉坦就是比丢子强你就玩 反正我玩我的法师丢子也就为了舒服，你觉得是混还是carry，我啥也多不了啥也少不了,yes,short,S061,false,
CAL_0123,TIEBA_0006_U05,接着风暴肯定是要换的,没有进场条件就创造进场条件啊，你有尤里卡的情况下残疫的大招cd被严重稀释收益低的可怕，对面还有人马和塞拉斯两个吸血战士，首先残疫一定要换鬼书，接着风暴肯定是要换的，然后看你队友的玩法，喜欢冲就风暴换推推棒能跟一下，想保杰斯和兔子就风暴换冰杖限制人马进场,yes,short,S034,false,
CAL_0124,BILI_0069_U01,自己放个神人虚空裂隙和属性叠属性出来，问坦克为什么玩不爽，坦克扛不住虚空裂隙，开团死了又捡不到锻造器，巫妖王玩法全在鼓励当丢子，你说为什么丢子多,自己放个神人虚空裂隙和属性叠属性出来，问坦克为什么玩不爽，坦克扛不住虚空裂隙，开团死了又捡不到锻造器，巫妖王玩法全在鼓励当丢子，你说为什么丢子多,yes,long,S063,false,
CAL_0125,NGA_0018_U01,遥想当年还是神话版本，讯刃还是攻击力。,遥想当年还是神话版本，讯刃还是攻击力。我玩了一把野排卢仙，你想象一下，我的后面一个丁真一个娜美，我的前面一个布隆一个日女，纯纯人型自走炮。我清楚记得对面有个女枪，对面一开大，你懂那种布隆加盾火光四射，五人稳步前进的救赎感吗？那把我杀了52个 500攻击力饮血红药丁真娜美带个布隆被动的卢仙，现在想想都直流水,yes,medium,S043,false,
CAL_0126,TIEBA_0021_U03,结果好多属性是利用不上的,选出来先让对方一个彩，前期打架直接劣势，好不容易混到18次参与击杀，结果好多属性是利用不上的，还有一堆debuff，占格子导致后期卖了也亏不卖也没赚多少,yes,short,S064,false,
CAL_0127,NGA_0043_U03,对面什么阵容忘了,这我真爽过，不过几年前了，露露+酸辣粉+娜美+丁真，四软辅保我一个金克斯，对面什么阵容忘了 前期没伤害只能清线撑到两件套就基本都是站撸了，盾根本打不掉,yes,short,S047,false,RT_CAL_0127
CAL_0128,NGA_0005_U04,收收你的神通吧，真法师绝活哥估摸着在中路上分呢，大乱斗丢子还不混呢,我没见过ap米利欧？真给你幽默完了你出ap我不看伤害看什么，要看功能性不会出辅助装？你出ap装一把六神下来多少cd？全部技能服务一个踢皮球，你什么绝活哥q技能这么好中？ ad前期缩塔捡人头有什么问题？你倒是告诉我你怎么转型，卖装备不要钱？转型穿透你出法穿还是物穿？你把把红包雨？卡莎我算你还有黄昏和纳什魔切，卢登完转三进化，老鼠混伤怎么做？ 收收你的神通吧，真法师绝活哥估摸着在中路上分呢，大乱斗丢子还不混呢 坦克能开团，刺客能秒c，全都为战士ad提供环境收割，你丢子能干嘛？摸奖，混输出，站的比谁都后面，看到团不过就开始往家里跑。 搞搞清楚，不是不喜欢丢子所以说丢子混，是丢子混所以不喜欢丢子。你要是玩球女狐狸打团能控到对面ad一套带走，黄鸡维克托能收割战场，毛笔人火男团战技能爆炸伤害，这种我都不会说是丢子，开团盯着你开叫尊重。打个团只会站后面，闪现不是逃跑就是k头，技能只能打到上来冲你的前排还以为自己老有操作了，这叫丢子。这种人就是我牛头一个二连起来直接接ctrl3给你敲丧钟,yes,medium,S004,false,
CAL_0129,BILI_0076_U01,普通乱斗用阵容限制胜率，海克斯用阵容加海克斯限制胜率，现在又多个通行证，死都不让你赢了说是，50％控制的死死地，你家永远是炸弹人泽拉斯轮子妈,普通乱斗用阵容限制胜率，海克斯用阵容加海克斯限制胜率，现在又多个通行证，死都不让你赢了说是，50％控制的死死地，你家永远是炸弹人泽拉斯轮子妈。对面开局回归基本功船长瑞兹，小丑瑞文。,yes,long,S033,false,RT_CAL_0129
CAL_0130,BILI_0092_U04,双刀流配香辣才够劲儿，本喵舔屏都能赢你两波~,视频展现《英雄联盟》海克斯模式下的玩家互怼趣事。主角们疯狂吐槽“毒瘤”阵容：一人狂喜AP女枪“爽飞天”却误伤队友，另人笑称“双刀流吃红烧还是香辣？”双方争执间穿插经典梗——“光速融化弹”“积水秒脆皮”，生动还原电竞圈“嘴臭胜过操作”的欢乐窘态。海克斯玩家速逃！双刀流配香辣才够劲儿，本喵舔屏都能赢你两波~,yes,medium,S057,false,
CAL_0131,NGA_0083_U01,三个金用起来可能不如两个银凑出来的大法师羁绊,三个金用起来可能不如两个银凑出来的大法师羁绊 没啥用,yes,medium,S052,false,
CAL_0132,TIEBA_0086_U02,主要还是他们对兵线已经对里少人的情况理解太少,对的，思路和游戏理解问题太严重了，主要还是他们对兵线已经对里少人的情况理解太少,yes,medium,S019,false,RT_CAL_0132
CAL_0133,NGA_0035_U02,我是主E副W的加点法，Q又慢伤害不高，我是拿来当耀光触发器的，W从来都是要么横着交被揍的队友方向拦人，要么雪球中对面的人后确定对面控制手没盯着直接开E二段雪球再W向后排或者人最多的位置。,看了眼自己战绩，感觉自己拿到飞机不说把c也是把爽杀，我感觉玩飞机就一个理念问题，你W怎么交？我是主E副W的加点法，Q又慢伤害不高，我是拿来当耀光触发器的，W从来都是要么横着交被揍的队友方向拦人，要么雪球中对面的人后确定对面控制手没盯着直接开E二段雪球再W向后排或者人最多的位置。 装备第一件除非对面肉、回血怪大于2，必定是收集者，没几个AD有E和W这种每秒多段判定伤害的办法了，这就是和对面AD对撸的底气，收集者秒判定秒杀太强了。另外就是升级无尽了那首选肯定无尽啊。 第二件先跟着挂一件耀光，彩局做大穿，金局做无尽，对面有回血怪就再挂个800减治疗再出别的。 第三件肯定是大穿/无尽，除非对面太肉无尽换破败之类的。 之后暴击不满补c44，暴击满了按需求补防装/饮血。 要说后面不好赢也是真的，杀太多了啊都会被针对 比如输的那局，对面尤里卡提莫，我被单防了,yes,long,S040,false,
CAL_0134,TIEBA_0051_U06,打完直接睡觉了,刚好5个抖M+怂货碰一起了吧，我昨天也遇到这种队伍，对面有个拉克丝可以清线，打了20分钟才推完，太不激情了，打完直接睡觉了,yes,short,S034,false,
CAL_0135,NGA_0097_U03,就算拿了亮剑也就中上,适配的海克斯少 池子还杂 就算拿了亮剑也就中上 没有男枪莎米拉能游龙 现在还能50胜率， 纯粹就是机体本身数值魅力,yes,short,S050,false,
CAL_0136,BILI_0013_U06,按理说法师通常是大范围aoe，是挂重伤的最佳人选,重伤装备现状，我感觉与其怪队友，不如狠狠骂设计师，分明就是设计师不想让大家随意去出。反甲，属性和价格还算不错。但覆盖率就是恶心人，被打能触发肯定是对的，毕竟坦克不容易摸到对面后排。但对面都贴我脸上半天了，凭什么只要他不碰我，就不会被挂重伤？这不恶心人吗？鬼书，看一次想骂一次的装备。按理说法师通常是大范围aoe，是挂重伤的最佳人选。但鬼书2850的价格不算低了，结果要法强没法强，要cd没cd，本身也不提供蓝量。除非我玩的工具人法师，不然玩正常法师，出一次鬼书就要把设计师全家问候一遍。链锯剑，价格属性中规中矩。但战士对装备效果要求挺高，而重伤效果占模严重，重伤装备只有重伤效果。出是能出，但也是捏着鼻子的出。矛盾最尖锐的绿穿和红穿。是，暴击adc几乎都该出绿穿而不是红穿。但凭什么？红穿存在的意义在哪？一个主打为团队牺牲，一个主打输出特化，为什么结果会出现一边倒的情况呢？因为重伤装备垃圾，所以暴击adc要放弃输出特化去为团队牺牲，而红穿的输出特化数值低，收益不够高。在暴击adc通常为团队大核的情况下，这是一件极其反常识的事，是设计师恶心玩家的产物。最后，凭什么重伤装备就这4件？你设计师不是喜欢搞镜像产物吗？怎么有物理版本反甲，却没有魔抗版本反甲？恶心坦克玩家吗？为什么没有带穿甲的重伤装备？逼刺客玩家去选择链锯剑，恶心刺客玩家吗？为什么没有攻速流adc的重伤装备？绿穿红穿都能设计两件，给攻速流英雄设计一件很难吗？总结，队友不出重伤是设计师不想让玩家随意覆盖重伤，重伤就是设计师的跌麻，设计师看见自己跌麻被玩家把玩就急眼，仅此而已。,yes,medium,S065,false,
CAL_0137,TIEBA_0051_U04,打了20分钟才推完,刚好5个抖M+怂货碰一起了吧，我昨天也遇到这种队伍，对面有个拉克丝可以清线，打了20分钟才推完，太不激情了，打完直接睡觉了,yes,short,S064,false,
CAL_0138,NGA_0062_U01,装备急速发明家，挂个心钢结束不到400层。,装备急速发明家，挂个心钢结束不到400层。打到第15分钟的局点自己第四个海克斯是叠角龙以为自己无敌了的有懂的吗。,yes,medium,S004,false,
CAL_0139,BILI_0049_U01,近战海克斯和远程海克斯不作区分是最蠢的设计,1. 近战海克斯和远程海克斯不作区分是最蠢的设计；2. 全能吸血需要削弱，不然本身缺伤害的英雄一辈子打不赢一个有全能吸血的脆皮；3. 削弱移速类海克斯或者降低前期的数值；4. 削弱当前版本人人都有的气定神闲前期强度。,yes,medium,S002,false,
CAL_0140,NGA_0063_U02,经常有人拿个踢踏舞和物法就为了凑那个银色羁绊,叠角龙是脑残最多的，经常有人拿个踢踏舞和物法就为了凑那个银色羁绊，让个彩出个破心之钢被暴打,yes,medium,S043,false,RT_CAL_0140
CAL_0141,BILI_0040_U02,我还是觉得海斗步子迈大了，加速暴死，之前都是什么丢子王朝，坦克王朝，只有建议不玩什么，没说不好玩不够爽，现在出现两极分化了，一边说太爽太好玩了，一边说无论输赢对局太快，没爽就结束，拿不到好的符文投，没对面好的投，二塔没了投，为了局外奖励投，人头全被K战绩不好投,很多人就喜欢不平衡，越不平越支持，说娱乐模式就是要不公平，不然像排位无限斗魂越平衡越暴死。我还是觉得海斗步子迈大了，加速暴死，之前都是什么丢子王朝，坦克王朝，只有建议不玩什么，没说不好玩不够爽，现在出现两极分化了，一边说太爽太好玩了，一边说无论输赢对局太快，没爽就结束，拿不到好的符文投，没对面好的投，二塔没了投，为了局外奖励投，人头全被K战绩不好投,yes,long,S022,false,
CAL_0142,NGA_0064_U02,而且看数据海斗玩爆杀流塞拉斯的虽然胜率高，但也没有特别高,我说句不好听的肉拉斯和AP拉斯就胜率来说谁也别说谁，影焰47%心之钢46%胜率的英雄罢了，而且看数据海斗玩爆杀流塞拉斯的虽然胜率高，但也没有特别高，可出场率被刚裂隙无终这套肉拉斯爆了倍不止,yes,medium,S043,false,
CAL_0143,NGA_0120_U01,时光杖确实在大乱斗里是一件比较废物的装备，只有个别英雄可以考虑出，但是到不了出警的程度。,时光杖确实在大乱斗里是一件比较废物的装备，只有个别英雄可以考虑出，但是到不了出警的程度。那种时光大天使一起出的凤凰龙王我见多了，然后第三件还要补冰杖，除了提供一点控制真的吊用没有不如拿个套盾的辅助。游戏里的唯一作用就是对面也是沙雕喜欢无脑冲他们，他们可以承担一些伤害,yes,long,S066,false,
CAL_0144,NGA_0043_U02,露露+酸辣粉+娜美+丁真，四软辅保我一个金克斯,这我真爽过，不过几年前了，露露+酸辣粉+娜美+丁真，四软辅保我一个金克斯，对面什么阵容忘了 前期没伤害只能清线撑到两件套就基本都是站撸了，盾根本打不掉,yes,medium,S043,false,RT_CAL_0144
CAL_0145,NGA_0079_U03,给我玩力竭了,对面三个脆皮后排，皇子盲僧出个刺客或者战士随便打。硬是出一堆烂肉，要啥没啥。给我玩力竭了,yes,short,S050,false,
CAL_0146,NGA_0006_U05,预判中技能和走位躲技能也叫操作的话什么英雄不要操作？互丢局我还算你热血沸腾的对局，有前排的局不就是躲在前排后面丢对面？除了几个真能当英雄的法师，丢子就是前期上点压力，后期老实做功能性蹭局势。,丢子为什么现在自带贬义色彩，是因为玩这种东西的，就是体感畜的人多。你可以喷我隐藏分低ICU大乱斗，但我个人看下来就是会有包括但不限于 老鼠卡莎女枪等不看阵容(全队唯一ad/对面大肉没人处理)依旧出ap 四五个大件死活不掏大法穿 残疫爱好者 选个软辅出卢登 以为能c不做冰杖重伤 喜欢玩拉克丝豹女 海克斯还喜欢选由心及物，没事出两件蓝量装搞不好再带个大天使 沟槽的wegame评分伤害低承伤低蹭局势死的少然后盗mvpsvp 你要真是法师糕手天天拿大核下能兜底打输出上能找机会秒ad开团，那也没必要把自己划进春绿丢子一类 玩个丢子还给自己优越起来了？坦克要抓机会开团或者看阵容保后排反手，牺牲自己游戏体验来弥补团队短板提高团队胜率；战士刺客要看进场时机，什么时候该打一套拉开什么时候allin，操作要细不然伤害不一定够；adc更是被针对也是输出核心，就算被开指不定还能靠吸血拉扯继续输出。大家都在是在刀尖上操作的人，你丢子是个什么东西？预判中技能和走位躲技能也叫操作的话什么英雄不要操作？互丢局我还算你热血沸腾的对局，有前排的局不就是躲在前排后面丢对面？除了几个真能当英雄的法师，丢子就是前期上点压力，后期老实做功能性蹭局势。 看你那发言，丢子清兵还要考虑？兵线进塔就是丢子不干事。玩的那几个英雄也就木木泰坦能开团，也都是假坦克出全肉也脆的要死。你这种人我以前也碰到过两个，不看阵容只玩丢子，被冲脸杀了就说煞笔英雄纯靠数值一点操作都不需要，结果自己去玩轻装战士玩的像屎进去就死。 膈应心之钢是对的，无脑心之钢就是蠢。但是亚索胜率第11,yes,long,S051,false,
CAL_0147,TIEBA_0101_U01,还有一点，选了亮剑，你开E，也没有远程，攻击范围依然200,还有一点，选了亮剑，你开E，也没有远程，攻击范围依然200,yes,medium,S019,false,
CAL_0148,NGA_0062_U02,打到第15分钟的局点自己第四个海克斯是叠角龙以为自己无敌了的有懂的吗。,装备急速发明家，挂个心钢结束不到400层。打到第15分钟的局点自己第四个海克斯是叠角龙以为自己无敌了的有懂的吗。,yes,medium,S043,false,
CAL_0149,BILI_0011_U02,除去对线需求，就是必须要保证覆盖率，说白了就是菜才不爱出,单纯游戏理解不够，根本不是混不混的问题，海斗普遍吸血的情况下，800块可以大量克制，根本就该每个人都出，因为挂重伤的人死了意味着你也有高风险打不死对面了，就伤害转换的角度，出个重伤多打15%-25%的伤害，只要你的英雄不存在一刀秒和一个技能秒的情况，没有装备能有这个增伤量，比赛里经常三四个人出重伤的，难道比赛里没有前排和辅助？除去对线需求，就是必须要保证覆盖率，说白了就是菜才不爱出。,yes,medium,S067,false,RT_CAL_0149
CAL_0150,TIEBA_0018_U03,这版本天胡海克斯除非对面比你更天胡不然就是随便1V3 1V4,真不如心之钢版本，上个版本心之钢变态但是互相刚是真的爽，至少是肉搏不是那种缩后面当丢子 而且心之钢也不是没有英雄治，这版本天胡海克斯除非对面比你更天胡不然就是随便1V3 1V4,yes,medium,S006,false,
CAL_0151,NGA_0066_U04,哦对了，这塞拉斯第二个海克斯还是无限循环往复,我人看傻了，打着打着伤害不对，一按TAB弱质塞拉斯出的纯肉。我问他为什么出肉？他点了下自己第一个海克斯，xd我开局海克斯烂了我能怎么办？nmb我能怎么办？你就是没有海克斯你塞拉斯出纯肉都是脑残哦对了，这塞拉斯第二个海克斯还是无限循环往复,yes,medium,S043,false,
CAL_0152,TIEBA_0015_U02,这个时候我看了眼天使被动技能“16级:将你的攻击距离提升至625。”,海斗玩了把天使，第二个彩遇到了亮剑。这个时候我看了眼天使被动技能“16级:将你的攻击距离提升至625。”于是我就想着科研一下，先用亮剑减攻击距离，然后16级提升到625。结果诗山代码根本不支持我这个选择，到了16级估计距离一点没变，最恶心的是我一看破败怎么又变成了远程收益，从9%当前生命值减到了6%。好好好，亮剑变成近战你16级又给我变回去了。那我问你我失去的攻击距离谁给我补啊,yes,medium,S005,false,RT_CAL_0152
CAL_0153,NGA_0003_U01,真给我典飞了，没毛病你就是那种一眼玩丢子玩的。,真给我典飞了，没毛病你就是那种一眼玩丢子玩的。阵容摇出来，队伍拿完两个前排+两个丢子，你拿个唯一能出物理伤害的然后进去出ap还没问题。你真觉得五丢比没前排好赢？米利欧出ap还没问题，就一个技能火爆飞踢，你还不如去玩ap卢锡安。出辅助装在那混着，还有人会点你？输了也是不粘锅。非得当畜打起来少个人，q中伤害就那么点，q不中就ob。说到底喜欢丢子就是决定不了胜负的，要混还不如混到底。还有转型的，真闹麻了。一般对局也就四五件就结束了，还三件套转型。你从头出ad三件套差不多就该接管比赛了，三件套出完火炬面具穿透，再去补无尽攻速？出了法穿还能不能出大穿我也不知道，这问题太小众了。,yes,medium,S004,false,
CAL_0154,BILI_0002_U01,up主感觉有点抽象啊，后续的叠角龙刷出来用不到不拿就行了，就污染卡池多大点事，整一局下来也不见有多少人能有羁绊的，卡池就是长这样，不污染能有几个好东西,up主感觉有点抽象啊，后续的叠角龙刷出来用不到不拿就行了，就污染卡池多大点事，整一局下来也不见有多少人能有羁绊的，卡池就是长这样，不污染能有几个好东西。再说羁绊也能加强升级狂妄效果，我的理解是只要这英雄适合开局出狂妄的，开局来必拿，但是本人也很反感有些人选个adc开局没亮剑硬出狂妄的（男枪除外）。一开始海斗出的时候，还没羁绊，我也没仔细看，一直以为神级狂妄是陷阱，后面才发现加移速！！！我才意识到这是神中神，很多刺客英雄多点移速手感都不一样了。,yes,long,S033,false,
CAL_0155,NGA_0087_U02,你这个海克斯出个霸王血铠或者裂隙我都算你有点用,既然都不拉扯了，你更不需要出狂徒啊 你这个海克斯出个霸王血铠或者裂隙我都算你有点用 没有抗性往死里堆生命值有毛用，对面又是大面具又是破败的，你就是个用布缝的大沙包，随便打,yes,medium,S004,false,
CAL_0156,TIEBA_0037_U01,很久以前结算界面就是没显示的🥲,很久以前结算界面就是没显示的🥲,yes,short,S034,false,RT_CAL_0156
CAL_0157,TIEBA_0091_U03,后面来了穿针引线隐身过去放个大就赢了。,只需要知道自己的定位，就是虚空裂隙触发器，本来打不过的。来了直接质变。后面来了穿针引线隐身过去放个大就赢了。三波后，对面受不了直接点了。我应该装一下的,yes,medium,S005,false,
CAL_0158,TIEBA_0113_U01,一板一眼有点抽象了,一板一眼有点抽象了，火炮破败换穿甲一刀流还行,yes,short,S034,false,
CAL_0159,TIEBA_0003_U02,吸蓝刀回归耀光系后我已经无法理解做三相不做吸蓝刀了，更何况你这把还有升级无尽，你哪怕做狂妄／圆弧我也可以理解为你不爱做耀光系。,宁愿做红穿加重伤也不做绿穿吗？吸蓝刀回归耀光系后我已经无法理解做三相不做吸蓝刀了，更何况你这把还有升级无尽，你哪怕做狂妄／圆弧我也可以理解为你不爱做耀光系。至于收集者就不评价了，有一件装备是它的原画镜像叫c44我觉得对于小火龙来说是第二把无尽,yes,long,S068,false,
CAL_0160,TIEBA_0076_U02,我也想见识不对火速下一把，但是野排80%的情况做不到,因为太多不仅瞎选被爆杀，被血虐也死活不点，纯m来的，折磨队友一等一的在行，我也想见识不对火速下一把，但是野排80%的情况做不到,yes,medium,S055,false,
CAL_0161,BILI_0026_U01,开局领先一个锻造器价值750金币再领先300这就领先一千经济了,开局领先一个锻造器价值750金币再领先300这就领先一千经济了。后面还有自选的金变彩，还不是质变的随机彩，还有三个强化合剂。有等级跟没等级强度差距不是一点半点，没等级的人就是没体验被暴揍然后退游，加大新玩家入坑的门槛，到时候就剩一群结晶玩家在玩。,yes,medium,S057,false,
CAL_0162,NGA_0001_U03,编辑：2个提醒12赞，看来红叉区这么干的人不少啊。,海克斯大乱斗最弱智的就是为了叠什么然后选个钢化你心，然后你妈的为了钢化你心又出个心之钢。说真的，你选就选了，让个金，还要让3000的经济去出个八成打完一整把都不一定能做完任务的心之钢。编辑：2个提醒12赞，看来红叉区这么干的人不少啊。我猜你一定是那种为了凑叠角龙羁绊，战士法师选个踢踏舞的小天才。,yes,medium,S043,false,
CAL_0163,NGA_0040_U01,玩坦克的爽点在于自己很硬对面拿你没办法,玩坦克的爽点在于自己很硬对面拿你没办法 然而大部分心之钢加狂徒的出装只能让自己血条看起来厚，对面还是随便融化,yes,medium,S052,false,
CAL_0164,NGA_0020_U01,差不多吧，反正炽天使是换不掉，打的太后期了，带炽天使蓝也不够用,差不多吧，反正炽天使是换不掉，打的太后期了，带炽天使蓝也不够用，这把主要是掷骰羁绊来的早，锻体早，法穿cd啥的锻的多，对面也就一个特别肉，所以还能打动。3个大肉局躺平吧，普通法师等死就可以了，后面玩了把尤里卡+掷骰锻体的火男，对面狗熊蒙多+羊，毫无还手之力。,yes,medium,S052,false,
CAL_0165,NGA_0092_U01,还行在哪呢？,还行在哪呢？这种大招都还行吗？这种大招感觉放峡谷还能用来带节奏什么的，放在大乱斗鸟用啊,yes,short,S047,false,
CAL_0166,BILI_0077_U01,受着，喜欢乱出装当怯战蜥蜴恶心队友，队友点你就受着,受着，喜欢乱出装当怯战蜥蜴恶心队友，队友点你就受着,yes,medium,S015,false,
CAL_0167,NGA_0012_U01,拿到一把蛇女虚空裂隙+吸血习性+冰寒，队友还有个炼金，团一打起来两大摊缚地给地上铺满，然后我q都懒得按eeeeeeee对面被虚空裂隙+冰寒减速走又走不动位移又交不出来，大招看哪里人多往哪按都不管能不能晕住把裂隙触发出来了就行。感觉往键盘上撒把米放只鸡来啄都能打赢,拿到一把蛇女虚空裂隙+吸血习性+冰寒，队友还有个炼金，团一打起来两大摊缚地给地上铺满，然后我q都懒得按eeeeeeee对面被虚空裂隙+冰寒减速走又走不动位移又交不出来，大招看哪里人多往哪按都不管能不能晕住把裂隙触发出来了就行。感觉往键盘上撒把米放只鸡来啄都能打赢,yes,long,S051,false,RT_CAL_0167
CAL_0168,BILI_0020_U01,我们阵容5个ad输出，对面两坨大肉，我一个韦鲁斯出ap就这样还有人点我纳什和黄昏呢，关键点我装备的人也不出重伤，还要我单挂一个800重伤剑，其他队友的看不下去了帮我说话，叫他别点了，韦鲁斯ap打肉更快,我们阵容5个ad输出，对面两坨大肉，我一个韦鲁斯出ap就这样还有人点我纳什和黄昏呢，关键点我装备的人也不出重伤，还要我单挂一个800重伤剑，其他队友的看不下去了帮我说话，叫他别点了，韦鲁斯ap打肉更快,yes,long,S069,false,
CAL_0169,NGA_0003_U07,说到底喜欢丢子就是决定不了胜负的，要混还不如混到底。,真给我典飞了，没毛病你就是那种一眼玩丢子玩的。阵容摇出来，队伍拿完两个前排+两个丢子，你拿个唯一能出物理伤害的然后进去出ap还没问题。你真觉得五丢比没前排好赢？米利欧出ap还没问题，就一个技能火爆飞踢，你还不如去玩ap卢锡安。出辅助装在那混着，还有人会点你？输了也是不粘锅。非得当畜打起来少个人，q中伤害就那么点，q不中就ob。说到底喜欢丢子就是决定不了胜负的，要混还不如混到底。还有转型的，真闹麻了。一般对局也就四五件就结束了，还三件套转型。你从头出ad三件套差不多就该接管比赛了，三件套出完火炬面具穿透，再去补无尽攻速？出了法穿还能不能出大穿我也不知道，这问题太小众了。,yes,medium,S004,false,
CAL_0170,TIEBA_0099_U01,这个拉爆了,这个拉爆了 30%易伤buff还不如玻璃炮,yes,short,S034,false,
CAL_0171,TIEBA_0005_U03,挺多人说c44是好装备，但我不知道在哪出，前期后期出感觉会没攻速,除特殊adc，第一件都是荒野剑，因为感觉数值最高，后面跟大穿无尽，这里的特殊adc是云阿那，第一件飓风，后续补攻速。挺多人说c44是好装备，但我不知道在哪出，前期后期出感觉会没攻速。除非升级，不然不出收集者,yes,medium,S019,false,
CAL_0172,TIEBA_0103_U04,而且还有更好的装备可选，比如暴击书补暴击和cd,如果真有物转法加法爆其实问题不大，小鱼人q是有ad伤害的，所有属性包括物穿都能吃到，只不过别人看的不舒服再加上玩的唐，而且还有更好的装备可选，比如暴击书补暴击和cd,yes,medium,S005,false,
CAL_0173,TIEBA_0027_U01,虚空裂隙和辣椒油本质都是前中期海克斯,虚空裂隙和辣椒油本质都是前中期海克斯，到后期你的伤害或回血有瓶颈，没法和法爆、亮剑、飞升踢、骰子锻体等比较的，所以越早推完越好,yes,medium,S005,false,RT_CAL_0173
CAL_0174,NGA_0035_U06,第三件肯定是大穿/无尽，除非对面太肉无尽换破败之类的。,看了眼自己战绩，感觉自己拿到飞机不说把c也是把爽杀，我感觉玩飞机就一个理念问题，你W怎么交？我是主E副W的加点法，Q又慢伤害不高，我是拿来当耀光触发器的，W从来都是要么横着交被揍的队友方向拦人，要么雪球中对面的人后确定对面控制手没盯着直接开E二段雪球再W向后排或者人最多的位置。 装备第一件除非对面肉、回血怪大于2，必定是收集者，没几个AD有E和W这种每秒多段判定伤害的办法了，这就是和对面AD对撸的底气，收集者秒判定秒杀太强了。另外就是升级无尽了那首选肯定无尽啊。 第二件先跟着挂一件耀光，彩局做大穿，金局做无尽，对面有回血怪就再挂个800减治疗再出别的。 第三件肯定是大穿/无尽，除非对面太肉无尽换破败之类的。 之后暴击不满补c44，暴击满了按需求补防装/饮血。 要说后面不好赢也是真的，杀太多了啊都会被针对 比如输的那局，对面尤里卡提莫，我被单防了,yes,medium,S043,false,
CAL_0175,BILI_0044_U02,现在这一改完所有人无脑找经济羁绊和锻造器羁绊，这玩意到后面就是数值碾压你，玩起来恶心的一批,作为娱乐模式，最重要的不应该是用海克斯强化增加新的玩法吗？比如我玩盖伦，拿到一板一眼我可以考虑玩爆穿攻速流，拿到钢化你心玩肉之类的，怎么就非得做出来一堆数值羁绊数值海克斯呢？现在这一改完所有人无脑找经济羁绊和锻造器羁绊，这玩意到后面就是数值碾压你，玩起来恶心的一批。那个俯冲轰炸羁绊和全自动羁绊不是设计的挺有想法吗？为啥非得走数值路子呢？,yes,long,S033,false,
CAL_0176,TIEBA_0091_U02,来了直接质变。,只需要知道自己的定位，就是虚空裂隙触发器，本来打不过的。来了直接质变。后面来了穿针引线隐身过去放个大就赢了。三波后，对面受不了直接点了。我应该装一下的,yes,short,S034,false,
CAL_0177,BILI_0050_U01,觉得好玩的应该都是新玩家和运气很好的欧皇，胡了那么两三把，正巧对面还不点，所以就感觉挺好玩的，幸存者偏差,觉得好玩的应该都是新玩家和运气很好的欧皇，胡了那么两三把，正巧对面还不点，所以就感觉挺好玩的，幸存者偏差。我大乱斗十年老玩家了，一有空就高强度大乱斗，这版本玩了四五十把，很明确的结论就是不好玩，这两天更新后变得更不好玩了。我感觉我应该能代表大多数玩家的心声，那些觉得好玩的应该是玩的还不够多，加上运气不错的幸存者偏差。,yes,long,S070,false,
CAL_0178,NGA_0091_U01,能说这大招好的，这辈子有了。,能说这大招好的，这辈子有了。全是没伤害的大招有毛用。,yes,short,S047,false,
CAL_0179,NGA_0021_U02,说实话相当脑残,匹配机制就导致了一旦你连胜或者连败，要把你近期胜率“拉”回五十接下来就会反向连胜连败，说实话相当脑残,yes,short,S050,false,
CAL_0180,BILI_0013_U13,在暴击adc通常为团队大核的情况下，这是一件极其反常识的事，是设计师恶心玩家的产物,重伤装备现状，我感觉与其怪队友，不如狠狠骂设计师，分明就是设计师不想让大家随意去出。反甲，属性和价格还算不错。但覆盖率就是恶心人，被打能触发肯定是对的，毕竟坦克不容易摸到对面后排。但对面都贴我脸上半天了，凭什么只要他不碰我，就不会被挂重伤？这不恶心人吗？鬼书，看一次想骂一次的装备。按理说法师通常是大范围aoe，是挂重伤的最佳人选。但鬼书2850的价格不算低了，结果要法强没法强，要cd没cd，本身也不提供蓝量。除非我玩的工具人法师，不然玩正常法师，出一次鬼书就要把设计师全家问候一遍。链锯剑，价格属性中规中矩。但战士对装备效果要求挺高，而重伤效果占模严重，重伤装备只有重伤效果。出是能出，但也是捏着鼻子的出。矛盾最尖锐的绿穿和红穿。是，暴击adc几乎都该出绿穿而不是红穿。但凭什么？红穿存在的意义在哪？一个主打为团队牺牲，一个主打输出特化，为什么结果会出现一边倒的情况呢？因为重伤装备垃圾，所以暴击adc要放弃输出特化去为团队牺牲，而红穿的输出特化数值低，收益不够高。在暴击adc通常为团队大核的情况下，这是一件极其反常识的事，是设计师恶心玩家的产物。最后，凭什么重伤装备就这4件？你设计师不是喜欢搞镜像产物吗？怎么有物理版本反甲，却没有魔抗版本反甲？恶心坦克玩家吗？为什么没有带穿甲的重伤装备？逼刺客玩家去选择链锯剑，恶心刺客玩家吗？为什么没有攻速流adc的重伤装备？绿穿红穿都能设计两件，给攻速流英雄设计一件很难吗？总结，队友不出重伤是设计师不想让玩家随意覆盖重伤，重伤就是设计师的跌麻，设计师看见自己跌麻被玩家把玩就急眼，仅此而已。,yes,long,S010,false,
CAL_0181,BILI_0093_U01,我的建议是把不出重伤的锁死在一起，别放来霍霍别人，这样我们就能既不怕队友恶心自己，又能爽玩钢肉和游龙战士了,我的建议是把不出重伤的锁死在一起，别放来霍霍别人，这样我们就能既不怕队友恶心自己，又能爽玩钢肉和游龙战士了,yes,long,S069,false,
CAL_0182,NGA_0024_U06,唯一的ap装是时光杖，怎么又是你，这是什么很超模的装备吗？,但能一队五个人三个人乱出忍不了了。第一个干的是剑圣。在对面开局俩肉进游戏三腰带，自己选接二连三的情况下，第一件掏了个收集者。第二个干的是冰女。你说残疫很关键我能理解，但你第二件出了个时光杖？第三件金身是要防什么，对面这阵容需要你e进去开团吗？最后大虫子也干了。四下雪天能出全肉的啊，但凡黑屏的时候读读描述呢。唯一的ap装是时光杖，怎么又是你，这是什么很超模的装备吗？,yes,medium,S028,false,
CAL_0183,BILI_0084_U02,这种逆天的破坏平衡方式都不影响游戏,去看看炉石传说，通行证人家可以4个英雄选一个，没花钱只能2选1。这种逆天的破坏平衡方式都不影响游戏。游戏里面拼的还是技术和运气，赢不赢和你的通行证没关系，只能说提升一下游戏体验,yes,medium,S057,false,
CAL_0184,NGA_0090_U02,R 扣掉或者拿来刷被动,直接出 AD，R 扣掉或者拿来刷被动 全力寻找回归基本功,yes,short,S047,false,
CAL_0185,NGA_0085_U02,不然除非对面石头狐狸牛头凑一块了让你爽偷不然必下水道的,海斗选塞拉斯你就是在赌出不出基本功 不然除非对面石头狐狸牛头凑一块了让你爽偷不然必下水道的 不像以前普斗塞拉斯，没好大偷也能杀起来,yes,medium,S004,false,
CAL_0186,NGA_0034_U03,第一件必裸收集者，收集者前当的蛆出以后基本都硬气回来了，满爆后有很长的强势时间，非要说的话彩色可能没别人契合。,飞机到底哪里不好C了，我看了下我飞机战绩把C有必拿。我这里也不是挑战大数据胜率，而是很震惊这英雄只要暴击够伤害真夸张，任何给暴击的符文都能用。第一件必裸收集者，收集者前当的蛆出以后基本都硬气回来了，满爆后有很长的强势时间，非要说的话彩色可能没别人契合。至于三相蓝切什么的，看都不看一眼，导弹也就是刷咒刃的工具不是符文核心,yes,long,S071,false,
CAL_0187,BILI_0095_U01,女枪我一般都是走AD的，除非开局给个超凡邪恶,女枪我一般都是走AD的，除非开局给个超凡邪恶,yes,medium,S057,false,
CAL_0188,NGA_0014_U02,我问了句：20分钟了还没学会放大？,上次碰到一个奥恩，玩一整把玩到接近20分钟了大招一次二段羊都没撞到过(不是被打断，就是他自己二段撞不到)，我问了句：20分钟了还没学会放大？他就说：你这么厉害你带我赢吧然后就挂机去泉水里跳舞了,yes,medium,S004,false,
CAL_0189,NGA_0003_U08,还有转型的，真闹麻了。,真给我典飞了，没毛病你就是那种一眼玩丢子玩的。阵容摇出来，队伍拿完两个前排+两个丢子，你拿个唯一能出物理伤害的然后进去出ap还没问题。你真觉得五丢比没前排好赢？米利欧出ap还没问题，就一个技能火爆飞踢，你还不如去玩ap卢锡安。出辅助装在那混着，还有人会点你？输了也是不粘锅。非得当畜打起来少个人，q中伤害就那么点，q不中就ob。说到底喜欢丢子就是决定不了胜负的，要混还不如混到底。还有转型的，真闹麻了。一般对局也就四五件就结束了，还三件套转型。你从头出ad三件套差不多就该接管比赛了，三件套出完火炬面具穿透，再去补无尽攻速？出了法穿还能不能出大穿我也不知道，这问题太小众了。,yes,short,S047,false,
CAL_0190,TIEBA_0088_U01,事实上哪怕到这个有客户端可能性更大的游戏吧里也有七成人根本不了解环境，到现在还在呢ad就得出攻速。,事实上哪怕到这个有客户端可能性更大的游戏吧里也有七成人根本不了解环境，到现在还在呢ad就得出攻速。接受不了丢丢怪环境ad能不出站撸装还能打肉的更好。,yes,long,S058,false,
CAL_0191,NGA_0080_U02,单个强度不如无限循环往复的水平,凑三个不如大法师 单个强度不如无限循环往复的水平,yes,short,S047,false,
CAL_0192,TIEBA_0042_U02,不好度过前期,吸血鬼的强度在于w的冷却，不好度过前期，到后期该打不过的还是打不过,yes,short,S072,false,
CAL_0193,NGA_0116_U03,歌冠 月石 回响 3海克斯,你这都没怎么玩过猫吧 被动 w被动 r 歌冠 月石 回响 3海克斯 还有这一身以及海克斯提供的治疗加成,yes,short,S047,false,
CAL_0194,NGA_0068_U01,反正有时光我觉得必玩,反正有时光我觉得必玩，大法师真挺容易的，只要出了就无脑叠cd就行，选就虐,yes,short,S047,false,
CAL_0195,NGA_0002_U01,楼主比较喜欢莉莉娅这个英雄，所以会拿来打rank，大乱斗也打到29场76%胜率，自认为玩的也还行,楼主比较喜欢莉莉娅这个英雄，所以会拿来打rank，大乱斗也打到29场76%胜率，自认为玩的也还行，但是海斗我拿到这个英雄基本上都是蛆虫，虽然看数据莉莉娅都60%胜率去了，没有辣油扛不住还没伤害，就算赢了也是混子，海克斯适配也很少有能c的局，反而拿到人马有几个适配海克斯凑合用就能c起来了，想问问莉莉娅海斗到底怎么玩，出什么，我自己是火炬面具峡谷法穿棒补金身帽子女妖，不出鞋子冰杖这些,yes,long,S071,false,
CAL_0196,BILI_0009_U01,海都回血吸血手段太多了，玩ad必出绿穿，玩战士刺客也照样出绿穿，因为有时候队友即使出了重伤也不一定有机会挂上,海都回血吸血手段太多了，玩ad必出绿穿，玩战士刺客也照样出绿穿，因为有时候队友即使出了重伤也不一定有机会挂上,yes,long,S069,false,
CAL_0197,TIEBA_0075_U01,对于不会出装的。我一般不理。,对于不会出装的。我一般不理。对于不点的，我只能说，他家里就他一个了,yes,short,S034,false,
CAL_0198,TIEBA_0045_U01,一个绿穿和红穿就能看出一堆问题,一个绿穿和红穿就能看出一堆问题,yes,short,S034,false,
CAL_0199,TIEBA_0119_U01,到15级才发现少个海克斯,到15级才发现少个海克斯,yes,short,S044,false,
CAL_0200,NGA_0008_U03,但我觉得最胡的应该是三面包彩蛋了，直接250终极技能急速。,现在怒气增长吃终极技能急速，残疫、钢壁甚至猎魔人都能增加怒气获取，但偏偏不吃技能急速，公理圆弧效果也不能直接涨一截怒气。不清楚会不会吃全凭身法，但应该会吃“终极唤醒”和“和我一起困在这里”加的终极技能急速。但我觉得最胡的应该是三面包彩蛋了，直接250终极技能急速。,yes,medium,S049,false,
CAL_0201,TIEBA_0029_U04,自己能玩开心，比啥都重要,不纠结这些，怎么彰显自己的不同？对我来说。你爱出什么，爱玩什么，管我吊事。你摆我也摆，你C我就混，你努力我也不介意C一把。自己能玩开心，比啥都重要,yes,short,S034,false,
CAL_0202,NGA_0054_U05,我朋友玩莉莉亚就能遇到正常肉搏局,反正我玩莉莉亚都很难受 对面不是一堆丢子就是一堆控制 根本进不去 但是总能赢 我朋友玩莉莉亚就能遇到正常肉搏局，基本都能爽到,yes,medium,S073,false,
CAL_0203,BILI_0007_U02,说我不选前排要玩个屁用没有的星妈,确实，千万别一个人玩LOL，昨晚一把队友四个adc被人叼起来锤，然后开始发信号标记我装备，说我躲在后面干嘛，问题是，我是星妈啊！我要是一个人冲上去全解决了还要他们干嘛！说我不选前排要玩个屁用没有的星妈！奈何我满嘴的国粹打字打不出来，气得我直接下了去玩单机游戏了，后来两个朋友上号了才一起打了三四把，可以随便互相嘴臭，心情好多了。,yes,medium,S057,false,
CAL_0204,BILI_0119_U01,这种被虐泉还不点的队友，比对面还恶心，其实你只要不参团不清线，在他们旁边看戏，反正他们也打不过对面，要不了多久水晶就被小兵推了，大乱斗兵线刷新很快的,这种被虐泉还不点的队友，比对面还恶心，其实你只要不参团不清线，在他们旁边看戏，反正他们也打不过对面，要不了多久水晶就被小兵推了，大乱斗兵线刷新很快的,yes,long,S069,false,
CAL_0205,TIEBA_0023_U01,楼主是对的，直接公式出装就行了，要意识到自己是个裂隙触发器，中后期一个裂隙七八百一次大部分法师的小技能都没这么高频的触发伤害，更何况是在原技能的基础上再加这么多。,楼主是对的，直接公式出装就行了，要意识到自己是个裂隙触发器，中后期一个裂隙七八百一次大部分法师的小技能都没这么高频的触发伤害，更何况是在原技能的基础上再加这么多。,yes,long,S041,false,
CAL_0206,BILI_0112_U01,评论区一堆神人真给我整笑了，永远是对面领先自己，那有没有可能，你的队友和你也会领先对面呢,评论区一堆神人真给我整笑了，永远是对面领先自己，那有没有可能，你的队友和你也会领先对面呢？那时候你会留300块不用吗？最好笑的是在高手手里这个影响很大，推荐你去看一个主播，以前blg左手的替补阿黑路西，现在叫小胡，去看看他韩服乱杀的视频，再看看他这几天玩海斗的视频。影响平衡吗？影响。至于有多影响，只能说越dinner的人影响越大,yes,long,S054,false,
CAL_0207,TIEBA_0052_U03,眼泪后面不着急和,玩法师总爱开局挂个眼泪，然后第二件直接出影焰，眼泪后面不着急和，看能不能出物转法，当提前叠了,yes,short,S034,false,
CAL_0208,NGA_0064_U01,我说句不好听的肉拉斯和AP拉斯就胜率来说谁也别说谁，影焰47%心之钢46%胜率的英雄罢了,我说句不好听的肉拉斯和AP拉斯就胜率来说谁也别说谁，影焰47%心之钢46%胜率的英雄罢了，而且看数据海斗玩爆杀流塞拉斯的虽然胜率高，但也没有特别高，可出场率被刚裂隙无终这套肉拉斯爆了倍不止,yes,long,S051,false,
CAL_0209,NGA_0077_U02,龙形态死亡,以前也难受，龙形态死亡，复活期间0怒气，守家团少半个人,yes,short,S047,false,
CAL_0210,TIEBA_0031_U02,说明这瑞兹一直在前边顶着给你创造输出空间,承伤比亚索都高 说明这瑞兹一直在前边顶着给你创造输出空间 没有由心及物跟你一样也是个脆皮 一直在前排顶着还只死两次 这瑞兹可以了,yes,medium,S005,false,
CAL_0211,NGA_0038_U01,海斗炼金非常强，因为它所有技能都是神技，而且法师坦克海克斯双吃。,海斗炼金非常强，因为它所有技能都是神技，而且法师坦克海克斯双吃。重点是别出时光，眼泪速通冰杖，冰杖寒冬双核补防装，面具非顺风或者有适配海克斯也不出。永远记住q等于火男吃啥你吃啥，火男吃不动得你都能吃，安妮肩上恶魔到不详契约都能吃满。带缚地克一切战士，而且触发大部分坦克海克斯比如控制加血上限，胶水粘几个等于控几个等于加几次血上限。e强制位移可以背脆皮进人堆可以背战士出去，e到w上满级缚地快两秒等于宣判死刑。r不但加大量坦度还给重伤所以炼金不用做重伤打团开大毒一圈就得了。拿海克斯优先移动速度冷却坦度之类的，炼金多站一秒输出都会增加许多，炼金跑的越快对面血头大，不会控毒就打团开q别关有寒冬不缺蓝，非特殊情况不出刚。,yes,medium,S049,false,RT_CAL_0211
CAL_0212,NGA_0066_U01,我人看傻了，打着打着伤害不对，一按TAB弱质塞拉斯出的纯肉。,我人看傻了，打着打着伤害不对，一按TAB弱质塞拉斯出的纯肉。我问他为什么出肉？他点了下自己第一个海克斯，xd我开局海克斯烂了我能怎么办？nmb我能怎么办？你就是没有海克斯你塞拉斯出纯肉都是脑残哦对了，这塞拉斯第二个海克斯还是无限循环往复,yes,medium,S052,false,
CAL_0213,BILI_0037_U02,人家死歌也不推，就一直在家放大，我复活20秒必死,遇到个10秒一个大的死歌，我玩的老鼠，活不过20秒，然后自己这边三个肉一个刺客，就我和刺客有输出，两个肉开黑的炼金和锤石一直不点，还嘲讽我们就是这样玩游戏的光点投降？人家死歌也不推，就一直在家放大，我复活20秒必死。给我气的使劲喷这个炼金,yes,medium,S057,false,
CAL_0214,BILI_0060_U01,没真金白银十年很难说出这种理解来,没真金白银十年很难说出这种理解来。数据不会骗人，并且你的理论有很多错误，叠角龙就算不拿又怎么样，这个海克斯单挂就很厉害了，加上你所说的一系列所谓缺点，胜率还是达到了56，不要再误导大众。胜率做到比我高了再来做视频。,yes,medium,S057,false,
CAL_0215,BILI_0026_U02,后面还有自选的金变彩，还不是质变的随机彩，还有三个强化合剂,开局领先一个锻造器价值750金币再领先300这就领先一千经济了。后面还有自选的金变彩，还不是质变的随机彩，还有三个强化合剂。有等级跟没等级强度差距不是一点半点，没等级的人就是没体验被暴揍然后退游，加大新玩家入坑的门槛，到时候就剩一群结晶玩家在玩。,yes,medium,S057,false,
CAL_0216,TIEBA_0088_U02,接受不了丢丢怪环境ad能不出站撸装还能打肉的更好。,事实上哪怕到这个有客户端可能性更大的游戏吧里也有七成人根本不了解环境，到现在还在呢ad就得出攻速。接受不了丢丢怪环境ad能不出站撸装还能打肉的更好。,yes,medium,S074,false,
CAL_0217,NGA_0067_U03,如果是什么男刀小火龙出钢就算了,爆杀流塞拉斯玩的人就是少啊，大部分人海斗随到塞拉斯都是半肉，如果是什么男刀小火龙出钢就算了，塞拉斯海克斯烂完尖端+钢化出钢裂隙无终那套也不至于到要被挂的程度吧,yes,short,S047,false,
CAL_0218,NGA_0057_U04,你觉得是混还是carry，我啥也多不了啥也少不了,啊对对对，你开心就好，我不想也没空引战，你觉得肉坦就是比丢子强你就玩 反正我玩我的法师丢子也就为了舒服，你觉得是混还是carry，我啥也多不了啥也少不了,yes,medium,S004,false,
CAL_0219,NGA_0067_U04,塞拉斯海克斯烂完尖端+钢化出钢裂隙无终那套也不至于到要被挂的程度吧,爆杀流塞拉斯玩的人就是少啊，大部分人海斗随到塞拉斯都是半肉，如果是什么男刀小火龙出钢就算了，塞拉斯海克斯烂完尖端+钢化出钢裂隙无终那套也不至于到要被挂的程度吧,yes,medium,S043,false,
CAL_0220,NGA_0111_U01,后期真是摸一下就寄,后期真是摸一下就寄，幸好质变了个神圣雪球，那个无敌救了好几次命,yes,short,S075,false,
CAL_0221,NGA_0005_U08,打个团只会站后面，闪现不是逃跑就是k头，技能只能打到上来冲你的前排还以为自己老有操作了，这叫丢子。,我没见过ap米利欧？真给你幽默完了你出ap我不看伤害看什么，要看功能性不会出辅助装？你出ap装一把六神下来多少cd？全部技能服务一个踢皮球，你什么绝活哥q技能这么好中？ ad前期缩塔捡人头有什么问题？你倒是告诉我你怎么转型，卖装备不要钱？转型穿透你出法穿还是物穿？你把把红包雨？卡莎我算你还有黄昏和纳什魔切，卢登完转三进化，老鼠混伤怎么做？ 收收你的神通吧，真法师绝活哥估摸着在中路上分呢，大乱斗丢子还不混呢 坦克能开团，刺客能秒c，全都为战士ad提供环境收割，你丢子能干嘛？摸奖，混输出，站的比谁都后面，看到团不过就开始往家里跑。 搞搞清楚，不是不喜欢丢子所以说丢子混，是丢子混所以不喜欢丢子。你要是玩球女狐狸打团能控到对面ad一套带走，黄鸡维克托能收割战场，毛笔人火男团战技能爆炸伤害，这种我都不会说是丢子，开团盯着你开叫尊重。打个团只会站后面，闪现不是逃跑就是k头，技能只能打到上来冲你的前排还以为自己老有操作了，这叫丢子。这种人就是我牛头一个二连起来直接接ctrl3给你敲丧钟,yes,long,S040,false,
CAL_0222,NGA_0005_U01,我没见过ap米利欧？真给你幽默完了你出ap我不看伤害看什么，要看功能性不会出辅助装？你出ap装一把六神下来多少cd？全部技能服务一个踢皮球，你什么绝活哥q技能这么好中？,我没见过ap米利欧？真给你幽默完了你出ap我不看伤害看什么，要看功能性不会出辅助装？你出ap装一把六神下来多少cd？全部技能服务一个踢皮球，你什么绝活哥q技能这么好中？ ad前期缩塔捡人头有什么问题？你倒是告诉我你怎么转型，卖装备不要钱？转型穿透你出法穿还是物穿？你把把红包雨？卡莎我算你还有黄昏和纳什魔切，卢登完转三进化，老鼠混伤怎么做？ 收收你的神通吧，真法师绝活哥估摸着在中路上分呢，大乱斗丢子还不混呢 坦克能开团，刺客能秒c，全都为战士ad提供环境收割，你丢子能干嘛？摸奖，混输出，站的比谁都后面，看到团不过就开始往家里跑。 搞搞清楚，不是不喜欢丢子所以说丢子混，是丢子混所以不喜欢丢子。你要是玩球女狐狸打团能控到对面ad一套带走，黄鸡维克托能收割战场，毛笔人火男团战技能爆炸伤害，这种我都不会说是丢子，开团盯着你开叫尊重。打个团只会站后面，闪现不是逃跑就是k头，技能只能打到上来冲你的前排还以为自己老有操作了，这叫丢子。这种人就是我牛头一个二连起来直接接ctrl3给你敲丧钟,yes,long,S051,false,
CAL_0223,NGA_0080_U01,凑三个不如大法师,凑三个不如大法师 单个强度不如无限循环往复的水平,yes,short,S047,false,
CAL_0224,NGA_0038_U05,e强制位移可以背脆皮进人堆可以背战士出去，e到w上满级缚地快两秒等于宣判死刑。,海斗炼金非常强，因为它所有技能都是神技，而且法师坦克海克斯双吃。重点是别出时光，眼泪速通冰杖，冰杖寒冬双核补防装，面具非顺风或者有适配海克斯也不出。永远记住q等于火男吃啥你吃啥，火男吃不动得你都能吃，安妮肩上恶魔到不详契约都能吃满。带缚地克一切战士，而且触发大部分坦克海克斯比如控制加血上限，胶水粘几个等于控几个等于加几次血上限。e强制位移可以背脆皮进人堆可以背战士出去，e到w上满级缚地快两秒等于宣判死刑。r不但加大量坦度还给重伤所以炼金不用做重伤打团开大毒一圈就得了。拿海克斯优先移动速度冷却坦度之类的，炼金多站一秒输出都会增加许多，炼金跑的越快对面血头大，不会控毒就打团开q别关有寒冬不缺蓝，非特殊情况不出刚。,yes,medium,S052,false,
CAL_0225,NGA_0070_U05,要么就是开局辣椒油续航无敌,你说的没问题 我一直觉得莉莉娅虚高了 榜单一直都是霸榜胜率接近60% 进去看看出装不到50%的胜率 赢的局要么就是对面短手多抽陀螺 要么就是开局辣椒油续航无敌,yes,short,S047,false,RT_CAL_0225
CAL_0226,TIEBA_0022_U01,要杀18次才能拿到，只能第1个海克斯拿，做出来起码10分钟起步了，前期相当于让1个棱彩在打。,要杀18次才能拿到，只能第1个海克斯拿，做出来起码10分钟起步了，前期相当于让1个棱彩在打。而且做出来之后还自带DEBUFF，给自己挂上易伤、重伤、巨牙，幽默完了。,yes,long,S076,false,
CAL_0227,TIEBA_0058_U02,不过你们这阵容你玩石头其实出肉会好一点,逆天队友看着他们死就好了，不过你们这阵容你玩石头其实出肉会好一点，你们家不缺伤害，缺前排，虽然玩肉会被抽陀螺，但是阵容里面的坦克还是很重要的，尤其是对面偏冲阵,yes,medium,S019,false,
CAL_0228,NGA_0114_U04,因为你可能还是个光板,普斗最多13连胜，海斗7胜左右就要开始一场极难的对局了。而且海斗对面胡起来，你更难反抗，因为你可能还是个光板。,yes,short,S050,false,
CAL_0229,NGA_0073_U01,主要是海斗坦克都有debuff，玩着真挺恶心的,主要是海斗坦克都有debuff，玩着真挺恶心的，峡谷坦克起码有等级优势,yes,medium,S052,false,
CAL_0230,NGA_0037_U01,这个胜率和选取率就决定了这英雄不会是什么必须要会玩才有用的英雄。,这个胜率和选取率就决定了这英雄不会是什么必须要会玩才有用的英雄。除非数据作假，否则就是炼金的价值在你还没理解的地方。很多人知道死歌对兵线的影响力，但不知道炼金的影响力不比死歌差。,yes,medium,S052,false,
CAL_0231,BILI_0019_U01,我遇到的几个新手，把把出狂徒心之钢当陀螺，然后把把说坐牢，没感觉他们有多爽,我遇到的几个新手，把把出狂徒心之钢当陀螺，然后把把说坐牢，没感觉他们有多爽。按照阵容出装虐对面不比被虐爽吗？,yes,medium,S077,false,
CAL_0232,TIEBA_0058_U05,尤其是对面偏冲阵,逆天队友看着他们死就好了，不过你们这阵容你玩石头其实出肉会好一点，你们家不缺伤害，缺前排，虽然玩肉会被抽陀螺，但是阵容里面的坦克还是很重要的，尤其是对面偏冲阵,yes,short,S034,false,RT_CAL_0232
CAL_0233,BILI_0016_U03,我现在一胡就在想怎么控温，偶尔死一两波,这版本胡羁绊比上版本爽的多，四随机谁玩谁知道，20分钟四十层锻体，四叠四鞭炮也贼夸张。缺点就是胡出来太强了，强到对面没有一点希望，二塔一掉就点了，爽不起来。我现在一胡就在想怎么控温，偶尔死一两波。,yes,medium,S057,false,RT_CAL_0233
CAL_0234,TIEBA_0117_U01,有一说一，这金克丝更坑，第一件收集者，收集啥呢，输出也没别人高。,有一说一，这金克丝更坑，第一件收集者，收集啥呢，输出也没别人高。还有海克斯大乱斗不是娱乐模式吗，这还指教呢,yes,medium,S006,false,
CAL_0235,NGA_0028_U05,海克斯变数太大，再唐的玩家海克斯胡了也能乱杀,目前450把，55%的胜率，很少有那种一胜一负的局，大部分情况都是赢就连着赢，输就连着输三把以上，想让你赢的时候，我人马开局来最终唤醒，对面八分就点，让你输的时候，进去看选人就知道这把如果海克斯不胡就是八分的局，大乱斗还能有人单排七八十连胜，海斗能二三十都不可思议了，海克斯变数太大，再唐的玩家海克斯胡了也能乱杀,yes,medium,S028,false,
CAL_0236,TIEBA_0043_U01,需求高法强cd移速 法穿,需求高法强cd移速 法穿 啥玩意都要,yes,short,S037,false,
CAL_0237,BILI_0041_U01,测试服出羁绊的时候我就说了，原本挺好玩的出了羁绊看似选择更多其实选择更少了，因为固定强度的羁绊比随机搭配符文提升更大更稳定,测试服出羁绊的时候我就说了，原本挺好玩的出了羁绊看似选择更多其实选择更少了，因为固定强度的羁绊比随机搭配符文提升更大更稳定。本来就是娱乐模式，大家都是玩创新科技的，你出了一个稳定提升能力的羁绊系统，胜负欲望强的肯定就是选不需要赌命的英雄，稳定羁绊类海克斯，每把都能遇到，就跟加强版峡谷一样，海克斯的精神丢失了，娱乐不起来。,yes,long,S033,false,
CAL_0238,BILI_0029_U05,这样对于单次没拿到强力符文的玩家，也是种补偿机制,现在版本我个人认为最大的问题就是：1.局外养成影响局内游戏，这是MOBA游戏大忌。2.羁绊系统的崩坏，其实是调整弱符文的好工具，弱符文的羁绊就应该是0.5+0.5=2的效果，强符文就是1+1=1的效果，比如你是选择拿一个单个效果的垃圾符文，赌强力的羁绊，还是选择保底，选择当个强力的符文，但是羁绊就很一般。这样对于单次没拿到强力符文的玩家，也是种补偿机制。3.经济系符文和羁绊的数值，经济的优势，是一种无法反制的优势，同时先发永远赢后发，其他符文你还有可能用操作，针对出装来反制，但是经济类不行，数值还要调整。4.还是经济类符文，过于强势且适用性广，挤占了其他符文的选择空间，整局游戏大家都在找经济类符文，海克斯大乱斗变成了极地乱斗极速版。5.坦克位的生存环境恶劣，坦克作为游戏内经济最低的位置，经济类符文的泛滥，心之钢的削弱，导致坦克选出来就成了一个混子，大家就都不太愿意玩坦克了，又成为了丢子大乱斗。总感觉设计师像换人了一样，上版本经济符文保守，这版本直接走向了另一个极端，小蛋糕这种前两个来就是假卡级别的，或者可以考虑进一步削弱金币获取，强调它的治疗效果，敌方只有减速，没有治疗，这样可以作为坦克或者软辅的备选符文，增加这两位置的功能性和经济补充。最后个人要求，能不能删了你那开局锻造器，300你都删了，又不删干净，删完了显得设计师会蠢，所以要保留一部分是吧。up说的总体上我是认可的，原本海克斯乱斗是比较平衡的，极少有天胡打不了的对局，大部分对局都是主要看思路和操作，如果对面坦克横行或者刺客横行，那大概率是因为你们阵容构成本来有问题，符文进一步放大了这个问题，下把开局的时候，你会下意识的补。,yes,medium,S057,false,
CAL_0239,NGA_0018_U04,那把我杀了52个 500攻击力饮血红药丁真娜美带个布隆被动的卢仙，现在想想都直流水,遥想当年还是神话版本，讯刃还是攻击力。我玩了一把野排卢仙，你想象一下，我的后面一个丁真一个娜美，我的前面一个布隆一个日女，纯纯人型自走炮。我清楚记得对面有个女枪，对面一开大，你懂那种布隆加盾火光四射，五人稳步前进的救赎感吗？那把我杀了52个 500攻击力饮血红药丁真娜美带个布隆被动的卢仙，现在想想都直流水,yes,long,S040,false,
CAL_0240,NGA_0025_U03,你还怪大虫子出肉和冰女出时光沙漏，这俩如果不出点肉，你没血后撤谁上去拉仇恨抗伤害？,如果队友这种出装你还需要出警的话，那我可不可以说你魔抗做得太晚了，对面4个AP伤害+1个半肉AD，你前三件都不出个魔抗，狂徒优先级有那么高么？你有多少机会能脱战？你还怪大虫子出肉和冰女出时光沙漏，这俩如果不出点肉，你没血后撤谁上去拉仇恨抗伤害？,yes,long,S051,false,
CAL_0241,BILI_0058_U02,蒙多这种肉的池子干净的呀，把把都是专武局,又在这种论调，这里面坦克的好东西已经不少了，你觉得玩的难受无非就是队友只有你一个前排，想轻松1抗5这哪有那么容易，输出位胡了也很难1打5因为容易被秒，基本两个前排互抗拆火，就已经很恶心了。蒙多这种肉的池子干净的呀，把把都是专武局。,yes,medium,S057,false,
CAL_0242,BILI_0116_U01,本质赌博游戏，开始玩的爽，玩多了系统开始宰猪，随垃圾英雄，随垃圾海克斯，固定流程,本质赌博游戏，开始玩的爽，玩多了系统开始宰猪，随垃圾英雄，随垃圾海克斯，固定流程,yes,medium,S065,false,
CAL_0243,TIEBA_0060_U03,因为刺客战士出守护者无法合成狂妄,目前不是很想出守护者，除了法师会出那个法球，因为刺客战士出守护者无法合成狂妄，坦克直接心之刚，做守护者感觉没什么用,yes,medium,S019,false,RT_CAL_0243
CAL_0244,NGA_0015_U02,我公屏问了一句哥们你这装备有伤害吗，他就挂机骂我出装警察，娱乐模式还要指指点点，然后说自己无所谓输了就输了。,有一把我们女警打团一点伤害都没有，点开tab看了一眼万瞄飓风的女警。我公屏问了一句哥们你这装备有伤害吗，他就挂机骂我出装警察，娱乐模式还要指指点点，然后说自己无所谓输了就输了。后面我们4打5推到对面水晶他来了一句为什么不投降，看可能要赢了又自己走出来打打团。不清楚这种队友脑回路是什么样的，我也没教他出什么选什么海克斯也没言语骂他，如果这陈述事实也算骂人那我没得说了。虽然输了这把是真的爽，回归基本功巨杀缩小引擎的人马，对面还基本上是战士刺客，玩一把爽一年。,yes,long,S078,false,
CAL_0245,NGA_0005_U06,搞搞清楚，不是不喜欢丢子所以说丢子混，是丢子混所以不喜欢丢子。,我没见过ap米利欧？真给你幽默完了你出ap我不看伤害看什么，要看功能性不会出辅助装？你出ap装一把六神下来多少cd？全部技能服务一个踢皮球，你什么绝活哥q技能这么好中？ ad前期缩塔捡人头有什么问题？你倒是告诉我你怎么转型，卖装备不要钱？转型穿透你出法穿还是物穿？你把把红包雨？卡莎我算你还有黄昏和纳什魔切，卢登完转三进化，老鼠混伤怎么做？ 收收你的神通吧，真法师绝活哥估摸着在中路上分呢，大乱斗丢子还不混呢 坦克能开团，刺客能秒c，全都为战士ad提供环境收割，你丢子能干嘛？摸奖，混输出，站的比谁都后面，看到团不过就开始往家里跑。 搞搞清楚，不是不喜欢丢子所以说丢子混，是丢子混所以不喜欢丢子。你要是玩球女狐狸打团能控到对面ad一套带走，黄鸡维克托能收割战场，毛笔人火男团战技能爆炸伤害，这种我都不会说是丢子，开团盯着你开叫尊重。打个团只会站后面，闪现不是逃跑就是k头，技能只能打到上来冲你的前排还以为自己老有操作了，这叫丢子。这种人就是我牛头一个二连起来直接接ctrl3给你敲丧钟,yes,medium,S043,false,RT_CAL_0245
CAL_0246,BILI_0031_U05,其次讲一下局外养成，首先我表态，我也不太支持，但是也有让我惊喜的地方,不知道你新版玩了多少把，我一开始也是和up一样的观点，接下来我说说深度游玩后我的想法吧，和你的有区别。首先，我目前通行证24级，证明我游玩的次数还是比较多的。新版海克斯随着各个羁绊，其实拓展了大乱斗的玩法，原来就是打团，推塔，现在很多时候变成各路神仙打架，其实有点像之前的斗魂，就是说多重羁绊让后期也有的玩内容。整体给我的体验是优于更新前的。虽然我知道有各种不平衡，但是破题之法不是非要打赢的，总体来说还是可以各得其乐我只能说，战士坦克爽在后期锻体，前期坐牢，丢丢怪前期爽，后期坐牢。其次讲一下局外养成，首先我表态，我也不太支持，但是也有让我惊喜的地方。但是我发现游戏是根据玩家的通行证等级匹配的（当然不完全是，有这个因素），我没有初始金币，我的队友基本上也没有。其次，通行证让这个游戏有了追求，肝是一方面，让你有了新的获得感和乐子，我觉得还可以，但是平衡性做的确实有待商榷。,yes,medium,S038,false,
CAL_0247,BILI_0029_U10,最后个人要求，能不能删了你那开局锻造器，300你都删了，又不删干净，删完了显得设计师会蠢，所以要保留一部分是吧,现在版本我个人认为最大的问题就是：1.局外养成影响局内游戏，这是MOBA游戏大忌。2.羁绊系统的崩坏，其实是调整弱符文的好工具，弱符文的羁绊就应该是0.5+0.5=2的效果，强符文就是1+1=1的效果，比如你是选择拿一个单个效果的垃圾符文，赌强力的羁绊，还是选择保底，选择当个强力的符文，但是羁绊就很一般。这样对于单次没拿到强力符文的玩家，也是种补偿机制。3.经济系符文和羁绊的数值，经济的优势，是一种无法反制的优势，同时先发永远赢后发，其他符文你还有可能用操作，针对出装来反制，但是经济类不行，数值还要调整。4.还是经济类符文，过于强势且适用性广，挤占了其他符文的选择空间，整局游戏大家都在找经济类符文，海克斯大乱斗变成了极地乱斗极速版。5.坦克位的生存环境恶劣，坦克作为游戏内经济最低的位置，经济类符文的泛滥，心之钢的削弱，导致坦克选出来就成了一个混子，大家就都不太愿意玩坦克了，又成为了丢子大乱斗。总感觉设计师像换人了一样，上版本经济符文保守，这版本直接走向了另一个极端，小蛋糕这种前两个来就是假卡级别的，或者可以考虑进一步削弱金币获取，强调它的治疗效果，敌方只有减速，没有治疗，这样可以作为坦克或者软辅的备选符文，增加这两位置的功能性和经济补充。最后个人要求，能不能删了你那开局锻造器，300你都删了，又不删干净，删完了显得设计师会蠢，所以要保留一部分是吧。up说的总体上我是认可的，原本海克斯乱斗是比较平衡的，极少有天胡打不了的对局，大部分对局都是主要看思路和操作，如果对面坦克横行或者刺客横行，那大概率是因为你们阵容构成本来有问题，符文进一步放大了这个问题，下把开局的时候，你会下意识的补。,yes,long,S010,false,
CAL_0248,NGA_0072_U03,如果对面一堆远程没法钢,彩局出啥都是被融化的命，开局金银出钢也顶得住，如果对面一堆远程没法钢，我也感觉出buff装也比烂肉有前途,yes,short,S075,false,
CAL_0249,NGA_0024_U02,第一个干的是剑圣。在对面开局俩肉进游戏三腰带，自己选接二连三的情况下，第一件掏了个收集者。,但能一队五个人三个人乱出忍不了了。第一个干的是剑圣。在对面开局俩肉进游戏三腰带，自己选接二连三的情况下，第一件掏了个收集者。第二个干的是冰女。你说残疫很关键我能理解，但你第二件出了个时光杖？第三件金身是要防什么，对面这阵容需要你e进去开团吗？最后大虫子也干了。四下雪天能出全肉的啊，但凡黑屏的时候读读描述呢。唯一的ap装是时光杖，怎么又是你，这是什么很超模的装备吗？,yes,long,S040,false,RT_CAL_0249
CAL_0250,BILI_0084_U03,游戏里面拼的还是技术和运气，赢不赢和你的通行证没关系，只能说提升一下游戏体验,去看看炉石传说，通行证人家可以4个英雄选一个，没花钱只能2选1。这种逆天的破坏平衡方式都不影响游戏。游戏里面拼的还是技术和运气，赢不赢和你的通行证没关系，只能说提升一下游戏体验,yes,medium,S057,false,
CAL_0251,NGA_0120_U02,那种时光大天使一起出的凤凰龙王我见多了，然后第三件还要补冰杖，除了提供一点控制真的吊用没有不如拿个套盾的辅助。,时光杖确实在大乱斗里是一件比较废物的装备，只有个别英雄可以考虑出，但是到不了出警的程度。那种时光大天使一起出的凤凰龙王我见多了，然后第三件还要补冰杖，除了提供一点控制真的吊用没有不如拿个套盾的辅助。游戏里的唯一作用就是对面也是沙雕喜欢无脑冲他们，他们可以承担一些伤害,yes,long,S051,false,
CAL_0252,BILI_0074_U01,这把看阵容都想秒了，幸亏几个后排队友虽然英雄垃圾但是开团秒跟,这把看阵容都想秒了，幸亏几个后排队友虽然英雄垃圾但是开团秒跟,yes,medium,S042,false,
CAL_0253,NGA_0035_U09,比如输的那局，对面尤里卡提莫，我被单防了,看了眼自己战绩，感觉自己拿到飞机不说把c也是把爽杀，我感觉玩飞机就一个理念问题，你W怎么交？我是主E副W的加点法，Q又慢伤害不高，我是拿来当耀光触发器的，W从来都是要么横着交被揍的队友方向拦人，要么雪球中对面的人后确定对面控制手没盯着直接开E二段雪球再W向后排或者人最多的位置。 装备第一件除非对面肉、回血怪大于2，必定是收集者，没几个AD有E和W这种每秒多段判定伤害的办法了，这就是和对面AD对撸的底气，收集者秒判定秒杀太强了。另外就是升级无尽了那首选肯定无尽啊。 第二件先跟着挂一件耀光，彩局做大穿，金局做无尽，对面有回血怪就再挂个800减治疗再出别的。 第三件肯定是大穿/无尽，除非对面太肉无尽换破败之类的。 之后暴击不满补c44，暴击满了按需求补防装/饮血。 要说后面不好赢也是真的，杀太多了啊都会被针对 比如输的那局，对面尤里卡提莫，我被单防了,yes,medium,S052,false,
CAL_0254,NGA_0041_U01,半夜打了一局，中期有点处理不掉韦鲁斯，结果对面一直不推，宁愿送泉水也要继续玩，输了好几波团终于迎来一次反推的机会，我抬到韦鲁斯队友集火把他给秒了，直接一波了。,半夜打了一局，中期有点处理不掉韦鲁斯，结果对面一直不推，宁愿送泉水也要继续玩，输了好几波团终于迎来一次反推的机会，我抬到韦鲁斯队友集火把他给秒了，直接一波了。所以这就是宁愿输也要爽吗？我体会不到爽点,yes,long,S040,false,
CAL_0255,BILI_0110_U01,海克斯凑羁绊之后又全是丢子了，新加的海克斯90%都是丢子比近战适配更高,海克斯凑羁绊之后又全是丢子了，新加的海克斯90%都是丢子比近战适配更高。羁绊海克斯新幻神 时光老头，拿到魔法师羁绊，近战可以不用玩了。,yes,medium,S002,false,
CAL_0256,TIEBA_0046_U01,两件蓝量装的石头人也好意思说别人,两件蓝量装的石头人也好意思说别人，对面至少3个战士，出点魔抗不知道你出ap有啥用，大招打得掉血吗,yes,medium,S079,false,
CAL_0257,NGA_0045_U05,到了锻体 都是大后期了 基本上都是互相秒了 那时候输出早就溢出了，比的就是先手,就是垃圾 打10把能1把锻体局么？ 现在很多时候15级都到不了就被推平了 或者点了 而且就算到了锻体局 那点数值也不够看啊，你要累加起来 就要多次锻体，而都多次锻体了 早就互相秒了，比的是先手 那点多的数值 作用不大。 如果装备加成多给几倍，锻体正常 那还有点说法，现在正常帽子装加那点属性 有屁用 到了锻体 都是大后期了 基本上都是互相秒了 那时候输出早就溢出了，比的就是先手 这海克斯垃圾就在于 他是纯数值的 但是前期又没数值，后期能感受点数值的时候 数值已经早就溢出了~,yes,medium,S052,false,
CAL_0258,NGA_0051_U03,有时真不知道怎么出装了,所以AP大后期打肉就这样出装吗，我最近的局经常对面2，3个大肉到中后期我们这边就打不动的，有时真不知道怎么出装了,yes,short,S050,false,
CAL_0259,BILI_0013_U04,这不恶心人吗,重伤装备现状，我感觉与其怪队友，不如狠狠骂设计师，分明就是设计师不想让大家随意去出。反甲，属性和价格还算不错。但覆盖率就是恶心人，被打能触发肯定是对的，毕竟坦克不容易摸到对面后排。但对面都贴我脸上半天了，凭什么只要他不碰我，就不会被挂重伤？这不恶心人吗？鬼书，看一次想骂一次的装备。按理说法师通常是大范围aoe，是挂重伤的最佳人选。但鬼书2850的价格不算低了，结果要法强没法强，要cd没cd，本身也不提供蓝量。除非我玩的工具人法师，不然玩正常法师，出一次鬼书就要把设计师全家问候一遍。链锯剑，价格属性中规中矩。但战士对装备效果要求挺高，而重伤效果占模严重，重伤装备只有重伤效果。出是能出，但也是捏着鼻子的出。矛盾最尖锐的绿穿和红穿。是，暴击adc几乎都该出绿穿而不是红穿。但凭什么？红穿存在的意义在哪？一个主打为团队牺牲，一个主打输出特化，为什么结果会出现一边倒的情况呢？因为重伤装备垃圾，所以暴击adc要放弃输出特化去为团队牺牲，而红穿的输出特化数值低，收益不够高。在暴击adc通常为团队大核的情况下，这是一件极其反常识的事，是设计师恶心玩家的产物。最后，凭什么重伤装备就这4件？你设计师不是喜欢搞镜像产物吗？怎么有物理版本反甲，却没有魔抗版本反甲？恶心坦克玩家吗？为什么没有带穿甲的重伤装备？逼刺客玩家去选择链锯剑，恶心刺客玩家吗？为什么没有攻速流adc的重伤装备？绿穿红穿都能设计两件，给攻速流英雄设计一件很难吗？总结，队友不出重伤是设计师不想让玩家随意覆盖重伤，重伤就是设计师的跌麻，设计师看见自己跌麻被玩家把玩就急眼，仅此而已。,yes,short,S080,false,RT_CAL_0259
CAL_0260,TIEBA_0010_U02,然后想了一下，觉得出来死了只有五秒的被动清半波线，收益不如再等一波大消耗对面血量,至于为什么大招时间小于复活时间后再开始挂，不出来和对面换血叠超凡邪恶，其实也是因为忘记换雪球了，然后想了一下，觉得出来死了只有五秒的被动清半波线，收益不如再等一波大消耗对面血量，当时的法强已经1100了，cd是400，在挂着之前是正常的上去换血和清兵的,yes,medium,S053,false,
CAL_0261,NGA_0055_U04,没移速海克斯别把自己当法坦,莉莉娅胜率取决对面硬控数量和伤害爆发 技师水平影响有限 硬要说就是要懂对面全脆皮时把自己当丢子玩 没移速海克斯别把自己当法坦,yes,short,S050,false,
CAL_0262,TIEBA_0064_U02,本人砖二，出装问题我都懒得吐槽了，就是思路和游戏理解严重有问题。,先不说玩家蠢不蠢的问题，感觉跟他们玩的不是一个游戏。本人砖二，出装问题我都懒得吐槽了，就是思路和游戏理解严重有问题。屏蔽战绩的算怂的，都是一堆白银青铜的。说真的，不如高级人机。我当年白银的时候也没这么捞吧，吓人。,yes,medium,S019,false,
CAL_0263,NGA_0007_U04,现在只有js能带来愉悦，如果再来个裁决使将会是绝杀。,大部分对局全是丢子在那隔着屏幕互相丢，不加入吧基本游戏体验还不如挂机，加入吧，又实在是觉得毫无交互体验，丢子能玩的海克斯太多了。我感觉很多丢子玩家对近战玩家的恶意来源于那些无脑钢，乱冲的近战导致游戏体验不好，但是前排尽职尽责挨打抗伤害的时候碰到那些瞎丢瞎玩的后排时又找谁说理去呢是吧。我想体验一下新龙女的肉搏能力，选了10把，只有1把对面有个曙光，其余全是法师ad刺客，真给我打得人麻了。现在只有js能带来愉悦，如果再来个裁决使将会是绝杀。,yes,medium,S043,false,RT_CAL_0263
CAL_0264,TIEBA_0046_U03,大招打得掉血吗,两件蓝量装的石头人也好意思说别人，对面至少3个战士，出点魔抗不知道你出ap有啥用，大招打得掉血吗,yes,short,S037,false,
CAL_0265,NGA_0101_U02,破模式bug没停过啊,好吧 还有这种操作 破模式bug没停过啊,yes,short,S050,false,
CAL_0266,NGA_0031_U01,海斗连跪起来几页几页红，拿分奴英雄都赢不了那种,海斗连跪起来几页几页红，拿分奴英雄都赢不了那种 所以连跪3把立刻换区换号玩。 我自己也是做过各种服务器开发的，猜测匹配数据也是有缓存的， 缓存一过就正常了,yes,medium,S052,false,RT_CAL_0266
CAL_0267,NGA_0071_U05,毫无上限可言,新龙女就是下限高点因为q基础伤害高了 自带aoe等于半个提亚马特 W带个盾前期大家数值低的时候好用 后期和老龙女比就是一条区 毫无上限可言,yes,short,S047,false,
CAL_0268,BILI_0078_U01,出装还是小事，最离谱的有些人左右脑胡博，玩ap卡莎，海克斯拿双刀流,出装还是小事，最离谱的有些人左右脑胡博，玩ap卡莎，海克斯拿双刀流；拿个量子计算不敢雪球突脸，拿了坦克引擎又拿自爆海克斯；只能说还是太有理解了[笑哭],yes,medium,S002,false,RT_CAL_0268
CAL_0269,NGA_0050_U02,而且裂隙好像打一个人两次也能触发？,只要有点范围伤害的ap出个法穿鞋裂隙触发就三分之一血没了，而且裂隙好像打一个人两次也能触发？前期的神，和量子计算一桌但比量子计算更恶心，至少量子能被骗出来cd,yes,medium,S043,false,
CAL_0270,BILI_0063_U01,成流量俘虏了，视频只有引战带节奏，娱乐性都没了，看的人头大,成流量俘虏了，视频只有引战带节奏，娱乐性都没了，看的人头大,yes,medium,S057,false,
CAL_0271,BILI_0031_U04,虽然我知道有各种不平衡，但是破题之法不是非要打赢的，总体来说还是可以各得其乐我只能说，战士坦克爽在后期锻体，前期坐牢，丢丢怪前期爽，后期坐牢,不知道你新版玩了多少把，我一开始也是和up一样的观点，接下来我说说深度游玩后我的想法吧，和你的有区别。首先，我目前通行证24级，证明我游玩的次数还是比较多的。新版海克斯随着各个羁绊，其实拓展了大乱斗的玩法，原来就是打团，推塔，现在很多时候变成各路神仙打架，其实有点像之前的斗魂，就是说多重羁绊让后期也有的玩内容。整体给我的体验是优于更新前的。虽然我知道有各种不平衡，但是破题之法不是非要打赢的，总体来说还是可以各得其乐我只能说，战士坦克爽在后期锻体，前期坐牢，丢丢怪前期爽，后期坐牢。其次讲一下局外养成，首先我表态，我也不太支持，但是也有让我惊喜的地方。但是我发现游戏是根据玩家的通行证等级匹配的（当然不完全是，有这个因素），我没有初始金币，我的队友基本上也没有。其次，通行证让这个游戏有了追求，肝是一方面，让你有了新的获得感和乐子，我觉得还可以，但是平衡性做的确实有待商榷。,yes,long,S033,false,
CAL_0272,NGA_0063_U01,叠角龙是脑残最多的,叠角龙是脑残最多的，经常有人拿个踢踏舞和物法就为了凑那个银色羁绊，让个彩出个破心之钢被暴打,yes,short,S047,false,
CAL_0273,NGA_0087_U04,对面又是大面具又是破败的,既然都不拉扯了，你更不需要出狂徒啊 你这个海克斯出个霸王血铠或者裂隙我都算你有点用 没有抗性往死里堆生命值有毛用，对面又是大面具又是破败的，你就是个用布缝的大沙包，随便打,yes,short,S047,false,RT_CAL_0273
CAL_0274,BILI_0030_U03,羁绊都凑不起来，坦克连钢化你心是什么样子都不知道，我们莎弥拉从来就没亮过剑，对面莎弥拉把把都亮剑,我这几天见到的最多的评价就是这把运气差了点/对面海克斯太糊了，你还知道我运气差呀？我发的海克斯那都是人用的吗，坦克的给射手的射手都给法师的法师的给辅助的辅助的给坦克的？？？羁绊都凑不起来，坦克连钢化你心是什么样子都不知道，我们莎弥拉从来就没亮过剑，对面莎弥拉把把都亮剑。,yes,long,S033,false,
CAL_0275,BILI_0051_U01,加点坦克的海克斯吧，目前坦克的海克斯就那么几个，强势一点的钢化你心，歌莉娅巨人，慢炖，坦克引擎等等,加点坦克的海克斯吧，目前坦克的海克斯就那么几个，强势一点的钢化你心，歌莉娅巨人，慢炖，坦克引擎等等。还有一大堆招笑的，比如控制敌人回血，控制敌人加护甲魔抗的，太弱了这些。目前就是输出海克斯比防御类海克斯多太多，玩坦克大部分很难能拿到适配的海克斯，这种情况下毫无游戏体验。建议加一些减伤的，加双抗的海克斯。,yes,long,S033,false,
CAL_0276,NGA_0096_U01,塞拉斯就是对面大招好出ap，不好出ad,塞拉斯就是对面大招好出ap，不好出ad，没手法别玩，没了,yes,medium,S043,false,
CAL_0277,TIEBA_0014_U01,海斗在队友已经选出了莎弥拉的情况下，还能硬选两个射手？,海斗在队友已经选出了莎弥拉的情况下，还能硬选两个射手？把队友逼的为了防止3射手放弃莎弥拉，结果一个玩AP卡莎，一个被虐到超鬼直接挂机，马服玩家对射手就真的执着吗？人人都梦想着自己是UZI，结果都是一群猪比，说到底马服玩家素质这么低，无团队概念，纯自我的废,yes,medium,S081,false,
CAL_0278,BILI_0073_U01,小火龙，塞纳，提莫，猫咪，炸弹人，今天遇到一把ap巨魔扔柱子加猫咪的，一点不想打,小火龙，塞纳，提莫，猫咪，炸弹人，今天遇到一把ap巨魔扔柱子加猫咪的，一点不想打。想投降也不投，他们四个人开黑的。,yes,medium,S057,false,
CAL_0279,TIEBA_0107_U01,适配的装备是这样的,适配的装备是这样的 强行搭就没必要了,yes,short,S034,false,
CAL_0280,NGA_0053_U01,现在应该怎么玩 打了几局感觉先憋大招cd装备不如出即时战力装能打 不先做大团又憋不出大,现在应该怎么玩 打了几局感觉先憋大招cd装备不如出即时战力装能打 不先做大团又憋不出大,yes,long,S051,false,
CAL_0281,NGA_0114_U01,普斗最多13连胜,普斗最多13连胜，海斗7胜左右就要开始一场极难的对局了。而且海斗对面胡起来，你更难反抗，因为你可能还是个光板。,yes,short,S047,false,
CAL_0282,NGA_0003_U03,你真觉得五丢比没前排好赢？,真给我典飞了，没毛病你就是那种一眼玩丢子玩的。阵容摇出来，队伍拿完两个前排+两个丢子，你拿个唯一能出物理伤害的然后进去出ap还没问题。你真觉得五丢比没前排好赢？米利欧出ap还没问题，就一个技能火爆飞踢，你还不如去玩ap卢锡安。出辅助装在那混着，还有人会点你？输了也是不粘锅。非得当畜打起来少个人，q中伤害就那么点，q不中就ob。说到底喜欢丢子就是决定不了胜负的，要混还不如混到底。还有转型的，真闹麻了。一般对局也就四五件就结束了，还三件套转型。你从头出ad三件套差不多就该接管比赛了，三件套出完火炬面具穿透，再去补无尽攻速？出了法穿还能不能出大穿我也不知道，这问题太小众了。,yes,short,S050,false,
CAL_0283,NGA_0071_U01,新龙女就是下限高点因为q基础伤害高了,新龙女就是下限高点因为q基础伤害高了 自带aoe等于半个提亚马特 W带个盾前期大家数值低的时候好用 后期和老龙女比就是一条区 毫无上限可言,yes,medium,S049,false,
CAL_0284,TIEBA_0006_U04,首先残疫一定要换鬼书,没有进场条件就创造进场条件啊，你有尤里卡的情况下残疫的大招cd被严重稀释收益低的可怕，对面还有人马和塞拉斯两个吸血战士，首先残疫一定要换鬼书，接着风暴肯定是要换的，然后看你队友的玩法，喜欢冲就风暴换推推棒能跟一下，想保杰斯和兔子就风暴换冰杖限制人马进场,yes,short,S034,false,
CAL_0285,TIEBA_0019_U01,第一个海克斯出来前不要用掉锻造器兑换券，不然会把第一个海克斯卡掉给你第二个海克斯，血的教训,第一个海克斯出来前不要用掉锻造器兑换券，不然会把第一个海克斯卡掉给你第二个海克斯，血的教训,yes,long,S082,false,
CAL_0286,NGA_0107_U03,峡谷还能吸点血，就这么出了,装备换了几次，基本没啥可换的了，因为锻的早，法穿和血量锻的多，峡谷还能吸点血，就这么出了,yes,short,S047,false,
CAL_0287,TIEBA_0026_U04,如果做大天使，我就感觉之前叠的亏了,玩瑞兹眼泪出门时光杖，然后冰甲+大天使，我感觉冰甲根据蓝加血和瑞兹特别配，大天使7.5冰甲4.5，如果做大天使，我就感觉之前叠的亏了，所以先做冰甲，后面补帽子制造者,yes,medium,S079,false,
CAL_0288,BILI_0025_U03,如果像我平时只打人机、打海斗只为了做做任务拿拿活动给的皮肤这样，每周只打三把做个周常的话，一周平均下来是900经验，就打五到六周差不多能打满的样子,这个通行证现在分循环任务和周常任务，周常是每周打3把无论输赢给600经验，循环是每两把给200经验；通行证一共32级，150经验升一级，升满需要4800经验。如果像我平时只打人机、打海斗只为了做做任务拿拿活动给的皮肤这样，每周只打三把做个周常的话，一周平均下来是900经验，就打五到六周差不多能打满的样子。我只会玩硬辅和法师，实战体验下来也就那样吧，该乐乐该坐牢坐牢，就是之前做赢一把的任务被elo做局了连跪10把让我很气。顺带一提今天虚空裂隙牛头让我顶爽了。,yes,long,S054,false,
CAL_0289,BILI_0013_U05,鬼书，看一次想骂一次的装备,重伤装备现状，我感觉与其怪队友，不如狠狠骂设计师，分明就是设计师不想让大家随意去出。反甲，属性和价格还算不错。但覆盖率就是恶心人，被打能触发肯定是对的，毕竟坦克不容易摸到对面后排。但对面都贴我脸上半天了，凭什么只要他不碰我，就不会被挂重伤？这不恶心人吗？鬼书，看一次想骂一次的装备。按理说法师通常是大范围aoe，是挂重伤的最佳人选。但鬼书2850的价格不算低了，结果要法强没法强，要cd没cd，本身也不提供蓝量。除非我玩的工具人法师，不然玩正常法师，出一次鬼书就要把设计师全家问候一遍。链锯剑，价格属性中规中矩。但战士对装备效果要求挺高，而重伤效果占模严重，重伤装备只有重伤效果。出是能出，但也是捏着鼻子的出。矛盾最尖锐的绿穿和红穿。是，暴击adc几乎都该出绿穿而不是红穿。但凭什么？红穿存在的意义在哪？一个主打为团队牺牲，一个主打输出特化，为什么结果会出现一边倒的情况呢？因为重伤装备垃圾，所以暴击adc要放弃输出特化去为团队牺牲，而红穿的输出特化数值低，收益不够高。在暴击adc通常为团队大核的情况下，这是一件极其反常识的事，是设计师恶心玩家的产物。最后，凭什么重伤装备就这4件？你设计师不是喜欢搞镜像产物吗？怎么有物理版本反甲，却没有魔抗版本反甲？恶心坦克玩家吗？为什么没有带穿甲的重伤装备？逼刺客玩家去选择链锯剑，恶心刺客玩家吗？为什么没有攻速流adc的重伤装备？绿穿红穿都能设计两件，给攻速流英雄设计一件很难吗？总结，队友不出重伤是设计师不想让玩家随意覆盖重伤，重伤就是设计师的跌麻，设计师看见自己跌麻被玩家把玩就急眼，仅此而已。,yes,short,S029,false,
CAL_0290,BILI_0034_U01,海克斯大乱斗跟这个普通大乱斗不一样的点在于普通大乱斗英雄一抽完差不多知道结局了，海克斯大乱斗每次符文对每个英雄都可能带来质变，不确定性很多,海克斯大乱斗跟这个普通大乱斗不一样的点在于普通大乱斗英雄一抽完差不多知道结局了，海克斯大乱斗每次符文对每个英雄都可能带来质变，不确定性很多。,yes,long,S063,false,
CAL_0291,NGA_0033_U03,回归均值这一块真是让藤子玩明白了,两三百场的时候胜率在56左右，然后越来越低，最近一两个星期输麻了，四百场左右还有53胜率，现在每天都是赢两三把输五六把，昨晚更夸张八连败，一直熬到十二点多才断连败，队也越来越逆天，符文发的也越来越脑溢血，气得我直接不想上游戏了 回归均值这一块真是让藤子玩明白了,yes,medium,S043,false,
CAL_0292,NGA_0114_U03,而且海斗对面胡起来，你更难反抗,普斗最多13连胜，海斗7胜左右就要开始一场极难的对局了。而且海斗对面胡起来，你更难反抗，因为你可能还是个光板。,yes,short,S050,false,
CAL_0293,TIEBA_0102_U01,你一个蹭局势的英雄装什么呢？,你一个蹭局势的英雄装什么呢？会玩的ad出个布甲鞋后期锻点护甲你这三十多人头都打不过，吸血鬼,yes,short,S064,false,
CAL_0294,NGA_0107_U02,因为锻的早，法穿和血量锻的多,装备换了几次，基本没啥可换的了，因为锻的早，法穿和血量锻的多，峡谷还能吸点血，就这么出了,yes,short,S047,false,
CAL_0295,TIEBA_0116_U01,选了一板一眼后再选潘多拉一板一眼的攻击力会消失但攻速不会返还,选了一板一眼后再选潘多拉一板一眼的攻击力会消失但攻速不会返还,yes,medium,S006,false,
CAL_0296,TIEBA_0016_U02,变身红凯两个召唤师技能全变成小丑学院但是只有一个能用,我玩凯隐选了个小丑学院把雪球换了一开始还正常，变身红凯两个召唤师技能全变成小丑学院但是只有一个能用，直到游戏结束都少了个闪现，同一局队友潘森雪球不能用按了没反应,yes,medium,S019,false,
CAL_0297,BILI_0001_U01,他把坦克海克斯加强了别的更厉害了，星届躯体1500生命值只掉10%输出缺可以增加大量存活时间和输出时间，叠角龙羁绊里的缩小引擎无限循环往复这些属于白搭谁都能用，人均都能挂个叠角龙，坦克只有飞身踢，随到了就是爽局，随不到折磨一整把，除非阵容克制,他把坦克海克斯加强了别的更厉害了，星届躯体1500生命值只掉10%输出缺可以增加大量存活时间和输出时间，叠角龙羁绊里的缩小引擎无限循环往复这些属于白搭谁都能用，人均都能挂个叠角龙，坦克只有飞身踢，随到了就是爽局，随不到折磨一整把，除非阵容克制,yes,long,S008,false,
CAL_0298,BILI_0115_U01,海克斯大乱斗真的凉了，我今早四点多排，居然排了十几秒才排到,海克斯大乱斗真的凉了，我今早四点多排，居然排了十几秒才排到,yes,medium,S013,false,
CAL_0299,BILI_0026_U03,有等级跟没等级强度差距不是一点半点，没等级的人就是没体验被暴揍然后退游，加大新玩家入坑的门槛，到时候就剩一群结晶玩家在玩,开局领先一个锻造器价值750金币再领先300这就领先一千经济了。后面还有自选的金变彩，还不是质变的随机彩，还有三个强化合剂。有等级跟没等级强度差距不是一点半点，没等级的人就是没体验被暴揍然后退游，加大新玩家入坑的门槛，到时候就剩一群结晶玩家在玩。,yes,long,S021,false,
CAL_0300,NGA_0003_U02,阵容摇出来，队伍拿完两个前排+两个丢子，你拿个唯一能出物理伤害的然后进去出ap还没问题。,真给我典飞了，没毛病你就是那种一眼玩丢子玩的。阵容摇出来，队伍拿完两个前排+两个丢子，你拿个唯一能出物理伤害的然后进去出ap还没问题。你真觉得五丢比没前排好赢？米利欧出ap还没问题，就一个技能火爆飞踢，你还不如去玩ap卢锡安。出辅助装在那混着，还有人会点你？输了也是不粘锅。非得当畜打起来少个人，q中伤害就那么点，q不中就ob。说到底喜欢丢子就是决定不了胜负的，要混还不如混到底。还有转型的，真闹麻了。一般对局也就四五件就结束了，还三件套转型。你从头出ad三件套差不多就该接管比赛了，三件套出完火炬面具穿透，再去补无尽攻速？出了法穿还能不能出大穿我也不知道，这问题太小众了。,yes,long,S051,false,
CAL_R001,BILI_0010_U01,我认为法师的鬼书性价比是几个重伤里面最低的,我认为法师的鬼书性价比是几个重伤里面最低的。最超模的当属凡性。现在ADC打肉无非就是出轻语+破败，但如果对面同时有肉+强回复，还可以凡性+破败，既能克制回复，又有一定打肉能力，属性也不亏。法师的装备大部分就是垃圾，以前辅助的炼金科技纯化器还在的时候，如果对面有回复，我压根不出鬼书，直接出这个。,yes,medium,S046,true,RT_CAL_0051
CAL_R002,BILI_0011_U02,除去对线需求，就是必须要保证覆盖率，说白了就是菜才不爱出,单纯游戏理解不够，根本不是混不混的问题，海斗普遍吸血的情况下，800块可以大量克制，根本就该每个人都出，因为挂重伤的人死了意味着你也有高风险打不死对面了，就伤害转换的角度，出个重伤多打15%-25%的伤害，只要你的英雄不存在一刀秒和一个技能秒的情况，没有装备能有这个增伤量，比赛里经常三四个人出重伤的，难道比赛里没有前排和辅助？除去对线需求，就是必须要保证覆盖率，说白了就是菜才不爱出。,yes,medium,S067,true,RT_CAL_0149
CAL_R003,BILI_0013_U04,这不恶心人吗,重伤装备现状，我感觉与其怪队友，不如狠狠骂设计师，分明就是设计师不想让大家随意去出。反甲，属性和价格还算不错。但覆盖率就是恶心人，被打能触发肯定是对的，毕竟坦克不容易摸到对面后排。但对面都贴我脸上半天了，凭什么只要他不碰我，就不会被挂重伤？这不恶心人吗？鬼书，看一次想骂一次的装备。按理说法师通常是大范围aoe，是挂重伤的最佳人选。但鬼书2850的价格不算低了，结果要法强没法强，要cd没cd，本身也不提供蓝量。除非我玩的工具人法师，不然玩正常法师，出一次鬼书就要把设计师全家问候一遍。链锯剑，价格属性中规中矩。但战士对装备效果要求挺高，而重伤效果占模严重，重伤装备只有重伤效果。出是能出，但也是捏着鼻子的出。矛盾最尖锐的绿穿和红穿。是，暴击adc几乎都该出绿穿而不是红穿。但凭什么？红穿存在的意义在哪？一个主打为团队牺牲，一个主打输出特化，为什么结果会出现一边倒的情况呢？因为重伤装备垃圾，所以暴击adc要放弃输出特化去为团队牺牲，而红穿的输出特化数值低，收益不够高。在暴击adc通常为团队大核的情况下，这是一件极其反常识的事，是设计师恶心玩家的产物。最后，凭什么重伤装备就这4件？你设计师不是喜欢搞镜像产物吗？怎么有物理版本反甲，却没有魔抗版本反甲？恶心坦克玩家吗？为什么没有带穿甲的重伤装备？逼刺客玩家去选择链锯剑，恶心刺客玩家吗？为什么没有攻速流adc的重伤装备？绿穿红穿都能设计两件，给攻速流英雄设计一件很难吗？总结，队友不出重伤是设计师不想让玩家随意覆盖重伤，重伤就是设计师的跌麻，设计师看见自己跌麻被玩家把玩就急眼，仅此而已。,yes,short,S080,true,RT_CAL_0259
CAL_R004,BILI_0016_U03,我现在一胡就在想怎么控温，偶尔死一两波,这版本胡羁绊比上版本爽的多，四随机谁玩谁知道，20分钟四十层锻体，四叠四鞭炮也贼夸张。缺点就是胡出来太强了，强到对面没有一点希望，二塔一掉就点了，爽不起来。我现在一胡就在想怎么控温，偶尔死一两波。,yes,medium,S057,true,RT_CAL_0233
CAL_R005,BILI_0035_U01,我感觉最大的问题就是 它是大乱斗 你想玩一个套路你甚至得先赌自己这一把有没有玩这个套路的资格 在此基础的恶性体验最上限是一随到自己既不会玩+不知道适用什么套路的英雄+天谴海克斯 对局十分熟练完全知道怎么玩+知道适用套路+天胡海克斯 就会导致对局完全没有任何体验 但凡依旧大乱斗地图但是改成英雄自选都比现在好 至少能保证在天谴海克斯的情况下自己至少能发挥英雄本身的实力来应对对面 而不是完全没有任何可用操作,我感觉最大的问题就是 它是大乱斗 你想玩一个套路你甚至得先赌自己这一把有没有玩这个套路的资格 在此基础的恶性体验最上限是一随到自己既不会玩+不知道适用什么套路的英雄+天谴海克斯 对局十分熟练完全知道怎么玩+知道适用套路+天胡海克斯 就会导致对局完全没有任何体验 但凡依旧大乱斗地图但是改成英雄自选都比现在好 至少能保证在天谴海克斯的情况下自己至少能发挥英雄本身的实力来应对对面 而不是完全没有任何可用操作,yes,long,S020,true,RT_CAL_0021
CAL_R006,BILI_0076_U01,普通乱斗用阵容限制胜率，海克斯用阵容加海克斯限制胜率，现在又多个通行证，死都不让你赢了说是，50％控制的死死地，你家永远是炸弹人泽拉斯轮子妈,普通乱斗用阵容限制胜率，海克斯用阵容加海克斯限制胜率，现在又多个通行证，死都不让你赢了说是，50％控制的死死地，你家永远是炸弹人泽拉斯轮子妈。对面开局回归基本功船长瑞兹，小丑瑞文。,yes,long,S033,true,RT_CAL_0129
CAL_R007,BILI_0078_U01,出装还是小事，最离谱的有些人左右脑胡博，玩ap卡莎，海克斯拿双刀流,出装还是小事，最离谱的有些人左右脑胡博，玩ap卡莎，海克斯拿双刀流；拿个量子计算不敢雪球突脸，拿了坦克引擎又拿自爆海克斯；只能说还是太有理解了[笑哭],yes,medium,S002,true,RT_CAL_0268
CAL_R008,BILI_0084_U01,去看看炉石传说，通行证人家可以4个英雄选一个，没花钱只能2选1,去看看炉石传说，通行证人家可以4个英雄选一个，没花钱只能2选1。这种逆天的破坏平衡方式都不影响游戏。游戏里面拼的还是技术和运气，赢不赢和你的通行证没关系，只能说提升一下游戏体验,yes,medium,S002,true,RT_CAL_0002
CAL_R009,BILI_0092_U01,视频展现《英雄联盟》海克斯模式下的玩家互怼趣事,视频展现《英雄联盟》海克斯模式下的玩家互怼趣事。主角们疯狂吐槽“毒瘤”阵容：一人狂喜AP女枪“爽飞天”却误伤队友，另人笑称“双刀流吃红烧还是香辣？”双方争执间穿插经典梗——“光速融化弹”“积水秒脆皮”，生动还原电竞圈“嘴臭胜过操作”的欢乐窘态。海克斯玩家速逃！双刀流配香辣才够劲儿，本喵舔屏都能赢你两波~,yes,medium,S013,true,RT_CAL_0013
CAL_R010,NGA_0005_U06,搞搞清楚，不是不喜欢丢子所以说丢子混，是丢子混所以不喜欢丢子。,我没见过ap米利欧？真给你幽默完了你出ap我不看伤害看什么，要看功能性不会出辅助装？你出ap装一把六神下来多少cd？全部技能服务一个踢皮球，你什么绝活哥q技能这么好中？ ad前期缩塔捡人头有什么问题？你倒是告诉我你怎么转型，卖装备不要钱？转型穿透你出法穿还是物穿？你把把红包雨？卡莎我算你还有黄昏和纳什魔切，卢登完转三进化，老鼠混伤怎么做？ 收收你的神通吧，真法师绝活哥估摸着在中路上分呢，大乱斗丢子还不混呢 坦克能开团，刺客能秒c，全都为战士ad提供环境收割，你丢子能干嘛？摸奖，混输出，站的比谁都后面，看到团不过就开始往家里跑。 搞搞清楚，不是不喜欢丢子所以说丢子混，是丢子混所以不喜欢丢子。你要是玩球女狐狸打团能控到对面ad一套带走，黄鸡维克托能收割战场，毛笔人火男团战技能爆炸伤害，这种我都不会说是丢子，开团盯着你开叫尊重。打个团只会站后面，闪现不是逃跑就是k头，技能只能打到上来冲你的前排还以为自己老有操作了，这叫丢子。这种人就是我牛头一个二连起来直接接ctrl3给你敲丧钟,yes,medium,S043,true,RT_CAL_0245
CAL_R011,NGA_0007_U04,现在只有js能带来愉悦，如果再来个裁决使将会是绝杀。,大部分对局全是丢子在那隔着屏幕互相丢，不加入吧基本游戏体验还不如挂机，加入吧，又实在是觉得毫无交互体验，丢子能玩的海克斯太多了。我感觉很多丢子玩家对近战玩家的恶意来源于那些无脑钢，乱冲的近战导致游戏体验不好，但是前排尽职尽责挨打抗伤害的时候碰到那些瞎丢瞎玩的后排时又找谁说理去呢是吧。我想体验一下新龙女的肉搏能力，选了10把，只有1把对面有个曙光，其余全是法师ad刺客，真给我打得人麻了。现在只有js能带来愉悦，如果再来个裁决使将会是绝杀。,yes,medium,S043,true,RT_CAL_0263
CAL_R012,NGA_0012_U01,拿到一把蛇女虚空裂隙+吸血习性+冰寒，队友还有个炼金，团一打起来两大摊缚地给地上铺满，然后我q都懒得按eeeeeeee对面被虚空裂隙+冰寒减速走又走不动位移又交不出来，大招看哪里人多往哪按都不管能不能晕住把裂隙触发出来了就行。感觉往键盘上撒把米放只鸡来啄都能打赢,拿到一把蛇女虚空裂隙+吸血习性+冰寒，队友还有个炼金，团一打起来两大摊缚地给地上铺满，然后我q都懒得按eeeeeeee对面被虚空裂隙+冰寒减速走又走不动位移又交不出来，大招看哪里人多往哪按都不管能不能晕住把裂隙触发出来了就行。感觉往键盘上撒把米放只鸡来啄都能打赢,yes,long,S051,true,RT_CAL_0167
CAL_R013,NGA_0024_U02,第一个干的是剑圣。在对面开局俩肉进游戏三腰带，自己选接二连三的情况下，第一件掏了个收集者。,但能一队五个人三个人乱出忍不了了。第一个干的是剑圣。在对面开局俩肉进游戏三腰带，自己选接二连三的情况下，第一件掏了个收集者。第二个干的是冰女。你说残疫很关键我能理解，但你第二件出了个时光杖？第三件金身是要防什么，对面这阵容需要你e进去开团吗？最后大虫子也干了。四下雪天能出全肉的啊，但凡黑屏的时候读读描述呢。唯一的ap装是时光杖，怎么又是你，这是什么很超模的装备吗？,yes,long,S040,true,RT_CAL_0249
CAL_R014,NGA_0031_U01,海斗连跪起来几页几页红，拿分奴英雄都赢不了那种,海斗连跪起来几页几页红，拿分奴英雄都赢不了那种 所以连跪3把立刻换区换号玩。 我自己也是做过各种服务器开发的，猜测匹配数据也是有缓存的， 缓存一过就正常了,yes,medium,S052,true,RT_CAL_0266
CAL_R015,NGA_0038_U01,海斗炼金非常强，因为它所有技能都是神技，而且法师坦克海克斯双吃。,海斗炼金非常强，因为它所有技能都是神技，而且法师坦克海克斯双吃。重点是别出时光，眼泪速通冰杖，冰杖寒冬双核补防装，面具非顺风或者有适配海克斯也不出。永远记住q等于火男吃啥你吃啥，火男吃不动得你都能吃，安妮肩上恶魔到不详契约都能吃满。带缚地克一切战士，而且触发大部分坦克海克斯比如控制加血上限，胶水粘几个等于控几个等于加几次血上限。e强制位移可以背脆皮进人堆可以背战士出去，e到w上满级缚地快两秒等于宣判死刑。r不但加大量坦度还给重伤所以炼金不用做重伤打团开大毒一圈就得了。拿海克斯优先移动速度冷却坦度之类的，炼金多站一秒输出都会增加许多，炼金跑的越快对面血头大，不会控毒就打团开q别关有寒冬不缺蓝，非特殊情况不出刚。,yes,medium,S049,true,RT_CAL_0211
CAL_R016,NGA_0043_U02,露露+酸辣粉+娜美+丁真，四软辅保我一个金克斯,这我真爽过，不过几年前了，露露+酸辣粉+娜美+丁真，四软辅保我一个金克斯，对面什么阵容忘了 前期没伤害只能清线撑到两件套就基本都是站撸了，盾根本打不掉,yes,medium,S043,true,RT_CAL_0144
CAL_R017,NGA_0043_U03,对面什么阵容忘了,这我真爽过，不过几年前了，露露+酸辣粉+娜美+丁真，四软辅保我一个金克斯，对面什么阵容忘了 前期没伤害只能清线撑到两件套就基本都是站撸了，盾根本打不掉,yes,short,S047,true,RT_CAL_0127
CAL_R018,NGA_0063_U02,经常有人拿个踢踏舞和物法就为了凑那个银色羁绊,叠角龙是脑残最多的，经常有人拿个踢踏舞和物法就为了凑那个银色羁绊，让个彩出个破心之钢被暴打,yes,medium,S043,true,RT_CAL_0140
CAL_R019,NGA_0070_U05,要么就是开局辣椒油续航无敌,你说的没问题 我一直觉得莉莉娅虚高了 榜单一直都是霸榜胜率接近60% 进去看看出装不到50%的胜率 赢的局要么就是对面短手多抽陀螺 要么就是开局辣椒油续航无敌,yes,short,S047,true,RT_CAL_0225
CAL_R020,NGA_0087_U04,对面又是大面具又是破败的,既然都不拉扯了，你更不需要出狂徒啊 你这个海克斯出个霸王血铠或者裂隙我都算你有点用 没有抗性往死里堆生命值有毛用，对面又是大面具又是破败的，你就是个用布缝的大沙包，随便打,yes,short,S047,true,RT_CAL_0273
CAL_R021,NGA_0089_U02,巴德大玩的来的话也算一个,也就风女，格温，塞恩堪堪能用吧 巴德大玩的来的话也算一个,yes,short,S047,true,RT_CAL_0117
CAL_R022,NGA_0100_U01,这炼金真有用吗？,这炼金真有用吗？把把队友选这个然后团战相当于四打五输了，搁那苍蝇一个到处乱跑到后面都没人看他一眼,yes,short,S050,true,RT_CAL_0101
CAL_R023,TIEBA_0014_U02,把队友逼的为了防止3射手放弃莎弥拉，结果一个玩AP卡莎，一个被虐到超鬼直接挂机，,海斗在队友已经选出了莎弥拉的情况下，还能硬选两个射手？把队友逼的为了防止3射手放弃莎弥拉，结果一个玩AP卡莎，一个被虐到超鬼直接挂机，马服玩家对射手就真的执着吗？人人都梦想着自己是UZI，结果都是一群猪比，说到底马服玩家素质这么低，无团队概念，纯自我的废,yes,medium,S032,true,RT_CAL_0034
CAL_R024,TIEBA_0015_U02,这个时候我看了眼天使被动技能“16级:将你的攻击距离提升至625。”,海斗玩了把天使，第二个彩遇到了亮剑。这个时候我看了眼天使被动技能“16级:将你的攻击距离提升至625。”于是我就想着科研一下，先用亮剑减攻击距离，然后16级提升到625。结果诗山代码根本不支持我这个选择，到了16级估计距离一点没变，最恶心的是我一看破败怎么又变成了远程收益，从9%当前生命值减到了6%。好好好，亮剑变成近战你16级又给我变回去了。那我问你我失去的攻击距离谁给我补啊,yes,medium,S005,true,RT_CAL_0152
CAL_R025,TIEBA_0027_U01,虚空裂隙和辣椒油本质都是前中期海克斯,虚空裂隙和辣椒油本质都是前中期海克斯，到后期你的伤害或回血有瓶颈，没法和法爆、亮剑、飞升踢、骰子锻体等比较的，所以越早推完越好,yes,medium,S005,true,RT_CAL_0173
CAL_R026,TIEBA_0037_U01,很久以前结算界面就是没显示的🥲,很久以前结算界面就是没显示的🥲,yes,short,S034,true,RT_CAL_0156
CAL_R027,TIEBA_0058_U05,尤其是对面偏冲阵,逆天队友看着他们死就好了，不过你们这阵容你玩石头其实出肉会好一点，你们家不缺伤害，缺前排，虽然玩肉会被抽陀螺，但是阵容里面的坦克还是很重要的，尤其是对面偏冲阵,yes,short,S034,true,RT_CAL_0232
CAL_R028,TIEBA_0060_U03,因为刺客战士出守护者无法合成狂妄,目前不是很想出守护者，除了法师会出那个法球，因为刺客战士出守护者无法合成狂妄，坦克直接心之刚，做守护者感觉没什么用,yes,medium,S019,true,RT_CAL_0243
CAL_R029,TIEBA_0086_U02,主要还是他们对兵线已经对里少人的情况理解太少,对的，思路和游戏理解问题太严重了，主要还是他们对兵线已经对里少人的情况理解太少,yes,medium,S019,true,RT_CAL_0132
CAL_R030,TIEBA_0105_U03,这你都分不清我懒得跟你解释了。,只会拉黑的唇沟，q是技能，卡萨丁的w是普攻啊？卡萨丁开w平a也能吃1.0AD加成啊。这你都分不清我懒得跟你解释了。你拿老鼠的AP加成举例，小鱼人有物转法是纯AP然后硬拿10穿甲，你老鼠出AD然后出法穿鞋有用？,yes,short,S062,true,RT_CAL_0119
