sample_id,platform_source,platform_sequence,window_tag,theme_bucket,reply_type,date,raw_text,public_text,migration_status
BILI_0001,Bili,1,w1,balance_mechanic,recent_reply,,他把坦克海克斯加强了别的更厉害了，星届躯体1500生命值只掉10%输出缺可以增加大量存活时间和输出时间，叠角龙羁绊里的缩小引擎无限循环往复这些属于白搭谁都能用，人均都能挂个叠角龙，坦克只有飞身踢，随到了就是爽局，随不到折磨一整把，除非阵容克制,他把坦克海克斯加强了别的更厉害了，星届躯体1500生命值只掉10%输出缺可以增加大量存活时间和输出时间，叠角龙羁绊里的缩小引擎无限循环往复这些属于白搭谁都能用，人均都能挂个叠角龙，坦克只有飞身踢，随到了就是爽局，随不到折磨一整把，除非阵容克制,migrated_from_legacy_clean
BILI_0002,Bili,2,w1,balance_mechanic,recent_reply,,up主感觉有点抽象啊，后续的叠角龙刷出来用不到不拿就行了，就污染卡池多大点事，整一局下来也不见有多少人能有羁绊的，卡池就是长这样，不污染能有几个好东西。再说羁绊也能加强升级狂妄效果，我的理解是只要这英雄适合开局出狂妄的，开局来必拿，但是本人也很反感有些人选个adc开局没亮剑硬出狂妄的（男枪除外）。一开始海斗出的时候，还没羁绊，我也没仔细看，一直以为神级狂妄是陷阱，后面才发现加移速！！！我才意识到这是神中神，很多刺客英雄多点移速手感都不一样了。,up主感觉有点抽象啊，后续的叠角龙刷出来用不到不拿就行了，就污染卡池多大点事，整一局下来也不见有多少人能有羁绊的，卡池就是长这样，不污染能有几个好东西。再说羁绊也能加强升级狂妄效果，我的理解是只要这英雄适合开局出狂妄的，开局来必拿，但是本人也很反感有些人选个adc开局没亮剑硬出狂妄的（男枪除外）。一开始海斗出的时候，还没羁绊，我也没仔细看，一直以为神级狂妄是陷阱，后面才发现加移速！！！我才意识到这是神中神，很多刺客英雄多点移速手感都不一样了。,migrated_from_legacy_clean
BILI_0003,Bili,3,w1,balance_mechanic,recent_reply,,还有，有人说不能搞出坦克版本，因为无法反制，然而这就是个错误的命题，坦克版本从来不存在，哪怕是之前的版本，坦克绝大部分时候也只是承担一个控制加承伤的作用，依然是ad和法师在打伤害，只是因为坦克能抗更久，可玩性增强，导致玩的人变多，实际上那个版本反而是每个位置都能玩的版本,还有，有人说不能搞出坦克版本，因为无法反制，然而这就是个错误的命题，坦克版本从来不存在，哪怕是之前的版本，坦克绝大部分时候也只是承担一个控制加承伤的作用，依然是ad和法师在打伤害，只是因为坦克能抗更久，可玩性增强，导致玩的人变多，实际上那个版本反而是每个位置都能玩的版本,migrated_from_legacy_clean
BILI_0004,Bili,4,w1,balance_mechanic,recent_reply,,我建议是：远程英雄从海克斯获取的移速和全能吸血都减半，所有叠层类海克斯远程阵亡时掉落更多层数，比如近战-65%远程-80%,我建议是：远程英雄从海克斯获取的移速和全能吸血都减半，所有叠层类海克斯远程阵亡时掉落更多层数，比如近战-65%远程-80%,migrated_from_legacy_clean
BILI_0005,Bili,5,w2,team_interaction,recent_reply,,之前有一把，我跟朋友双排，匹配队友是三排，我朋友肉我女枪，前期我顺风打的对面还不了手，三排开始疯狂浪，各种冲塔送，追到人家门牙送，技能打团不交留着各种k残血头，最后对面海克斯也糊了，我们被暴打，这三个崽种想投降了，我跟我朋友就是反对，几次之后他们三个直接全退，最后全体打字我朋友跟对面互刚，对面不打我我清兵线，一直打了一个多小时，中途三排以为输了，重连了好几次，最后对面爽完了让我推了赢了，没别的，就想制裁一下这种浪13队友,之前有一把，我跟朋友双排，匹配队友是三排，我朋友肉我女枪，前期我顺风打的对面还不了手，三排开始疯狂浪，各种冲塔送，追到人家门牙送，技能打团不交留着各种k残血头，最后对面海克斯也糊了，我们被暴打，这三个崽种想投降了，我跟我朋友就是反对，几次之后他们三个直接全退，最后全体打字我朋友跟对面互刚，对面不打我我清兵线，一直打了一个多小时，中途三排以为输了，重连了好几次，最后对面爽完了让我推了赢了，没别的，就想制裁一下这种浪13队友,migrated_from_legacy_clean
BILI_0006,Bili,6,w2,team_interaction,recent_reply,,单排匹配了一堆牛马队友，选的都是最low的英雄，打着打着就打不过了，4分钟没2塔，满血见到残血就去换，不一会人头差距就翻倍，哪怕前期玩的很顺，推爆对面，也舍不得推塔，我们这边一个adc没有，过去送了几波对面adc经济直接起飞，一下子又推回来，然后队友一个一个去送。,单排匹配了一堆牛马队友，选的都是最low的英雄，打着打着就打不过了，4分钟没2塔，满血见到残血就去换，不一会人头差距就翻倍，哪怕前期玩的很顺，推爆对面，也舍不得推塔，我们这边一个adc没有，过去送了几波对面adc经济直接起飞，一下子又推回来，然后队友一个一个去送。,migrated_from_legacy_clean
BILI_0007,Bili,7,w2,team_interaction,recent_reply,,确实，千万别一个人玩LOL，昨晚一把队友四个adc被人叼起来锤，然后开始发信号标记我装备，说我躲在后面干嘛，问题是，我是星妈啊！我要是一个人冲上去全解决了还要他们干嘛！说我不选前排要玩个屁用没有的星妈！奈何我满嘴的国粹打字打不出来，气得我直接下了去玩单机游戏了，后来两个朋友上号了才一起打了三四把，可以随便互相嘴臭，心情好多了。,确实，千万别一个人玩LOL，昨晚一把队友四个adc被人叼起来锤，然后开始发信号标记我装备，说我躲在后面干嘛，问题是，我是星妈啊！我要是一个人冲上去全解决了还要他们干嘛！说我不选前排要玩个屁用没有的星妈！奈何我满嘴的国粹打字打不出来，气得我直接下了去玩单机游戏了，后来两个朋友上号了才一起打了三四把，可以随便互相嘴臭，心情好多了。,migrated_from_legacy_clean
BILI_0008,Bili,8,w1,balance_mechanic,recent_reply,,狂妄就是大乱斗刺客的底层代码，而移速更是刺客很重要的一个属性我不知道有什么理由不选升级狂妄，而且还给钱出门多一个散件,狂妄就是大乱斗刺客的底层代码，而移速更是刺客很重要的一个属性我不知道有什么理由不选升级狂妄，而且还给钱出门多一个散件,migrated_from_legacy_clean
BILI_0009,Bili,9,w1,balance_mechanic,recent_reply,,海都回血吸血手段太多了，玩ad必出绿穿，玩战士刺客也照样出绿穿，因为有时候队友即使出了重伤也不一定有机会挂上,海都回血吸血手段太多了，玩ad必出绿穿，玩战士刺客也照样出绿穿，因为有时候队友即使出了重伤也不一定有机会挂上,migrated_from_legacy_clean
BILI_0010,Bili,10,w1,balance_mechanic,recent_reply,,我认为法师的鬼书性价比是几个重伤里面最低的。最超模的当属凡性。现在ADC打肉无非就是出轻语+破败，但如果对面同时有肉+强回复，还可以凡性+破败，既能克制回复，又有一定打肉能力，属性也不亏。法师的装备大部分就是垃圾，以前辅助的炼金科技纯化器还在的时候，如果对面有回复，我压根不出鬼书，直接出这个。,我认为法师的鬼书性价比是几个重伤里面最低的。最超模的当属凡性。现在ADC打肉无非就是出轻语+破败，但如果对面同时有肉+强回复，还可以凡性+破败，既能克制回复，又有一定打肉能力，属性也不亏。法师的装备大部分就是垃圾，以前辅助的炼金科技纯化器还在的时候，如果对面有回复，我压根不出鬼书，直接出这个。,migrated_from_legacy_clean
BILI_0011,Bili,11,w1,balance_mechanic,recent_reply,,单纯游戏理解不够，根本不是混不混的问题，海斗普遍吸血的情况下，800块可以大量克制，根本就该每个人都出，因为挂重伤的人死了意味着你也有高风险打不死对面了，就伤害转换的角度，出个重伤多打15%-25%的伤害，只要你的英雄不存在一刀秒和一个技能秒的情况，没有装备能有这个增伤量，比赛里经常三四个人出重伤的，难道比赛里没有前排和辅助？除去对线需求，就是必须要保证覆盖率，说白了就是菜才不爱出。,单纯游戏理解不够，根本不是混不混的问题，海斗普遍吸血的情况下，800块可以大量克制，根本就该每个人都出，因为挂重伤的人死了意味着你也有高风险打不死对面了，就伤害转换的角度，出个重伤多打15%-25%的伤害，只要你的英雄不存在一刀秒和一个技能秒的情况，没有装备能有这个增伤量，比赛里经常三四个人出重伤的，难道比赛里没有前排和辅助？除去对线需求，就是必须要保证覆盖率，说白了就是菜才不爱出。,migrated_from_legacy_clean
BILI_0012,Bili,12,w1,hero_experience,recent_reply,,一开始我也不信邪，认为ap女枪是邪教，先后试过了暴击攻速流，上去点两枪，人快被aoe干死了，又试了穿甲大招流，大招被打断就有点查无此人了，要么开大原地等着被人切。最后，还得是ap女枪，把对面丢残血了，队友就嗷嗷冲上去了。,一开始我也不信邪，认为ap女枪是邪教，先后试过了暴击攻速流，上去点两枪，人快被aoe干死了，又试了穿甲大招流，大招被打断就有点查无此人了，要么开大原地等着被人切。最后，还得是ap女枪，把对面丢残血了，队友就嗷嗷冲上去了。,migrated_from_legacy_clean
BILI_0013,Bili,13,w1,balance_mechanic,recent_reply,,重伤装备现状，我感觉与其怪队友，不如狠狠骂设计师，分明就是设计师不想让大家随意去出。反甲，属性和价格还算不错。但覆盖率就是恶心人，被打能触发肯定是对的，毕竟坦克不容易摸到对面后排。但对面都贴我脸上半天了，凭什么只要他不碰我，就不会被挂重伤？这不恶心人吗？鬼书，看一次想骂一次的装备。按理说法师通常是大范围aoe，是挂重伤的最佳人选。但鬼书2850的价格不算低了，结果要法强没法强，要cd没cd，本身也不提供蓝量。除非我玩的工具人法师，不然玩正常法师，出一次鬼书就要把设计师全家问候一遍。链锯剑，价格属性中规中矩。但战士对装备效果要求挺高，而重伤效果占模严重，重伤装备只有重伤效果。出是能出，但也是捏着鼻子的出。矛盾最尖锐的绿穿和红穿。是，暴击adc几乎都该出绿穿而不是红穿。但凭什么？红穿存在的意义在哪？一个主打为团队牺牲，一个主打输出特化，为什么结果会出现一边倒的情况呢？因为重伤装备垃圾，所以暴击adc要放弃输出特化去为团队牺牲，而红穿的输出特化数值低，收益不够高。在暴击adc通常为团队大核的情况下，这是一件极其反常识的事，是设计师恶心玩家的产物。最后，凭什么重伤装备就这4件？你设计师不是喜欢搞镜像产物吗？怎么有物理版本反甲，却没有魔抗版本反甲？恶心坦克玩家吗？为什么没有带穿甲的重伤装备？逼刺客玩家去选择链锯剑，恶心刺客玩家吗？为什么没有攻速流adc的重伤装备？绿穿红穿都能设计两件，给攻速流英雄设计一件很难吗？总结，队友不出重伤是设计师不想让玩家随意覆盖重伤，重伤就是设计师的跌麻，设计师看见自己跌麻被玩家把玩就急眼，仅此而已。,重伤装备现状，我感觉与其怪队友，不如狠狠骂设计师，分明就是设计师不想让大家随意去出。反甲，属性和价格还算不错。但覆盖率就是恶心人，被打能触发肯定是对的，毕竟坦克不容易摸到对面后排。但对面都贴我脸上半天了，凭什么只要他不碰我，就不会被挂重伤？这不恶心人吗？鬼书，看一次想骂一次的装备。按理说法师通常是大范围aoe，是挂重伤的最佳人选。但鬼书2850的价格不算低了，结果要法强没法强，要cd没cd，本身也不提供蓝量。除非我玩的工具人法师，不然玩正常法师，出一次鬼书就要把设计师全家问候一遍。链锯剑，价格属性中规中矩。但战士对装备效果要求挺高，而重伤效果占模严重，重伤装备只有重伤效果。出是能出，但也是捏着鼻子的出。矛盾最尖锐的绿穿和红穿。是，暴击adc几乎都该出绿穿而不是红穿。但凭什么？红穿存在的意义在哪？一个主打为团队牺牲，一个主打输出特化，为什么结果会出现一边倒的情况呢？因为重伤装备垃圾，所以暴击adc要放弃输出特化去为团队牺牲，而红穿的输出特化数值低，收益不够高。在暴击adc通常为团队大核的情况下，这是一件极其反常识的事，是设计师恶心玩家的产物。最后，凭什么重伤装备就这4件？你设计师不是喜欢搞镜像产物吗？怎么有物理版本反甲，却没有魔抗版本反甲？恶心坦克玩家吗？为什么没有带穿甲的重伤装备？逼刺客玩家去选择链锯剑，恶心刺客玩家吗？为什么没有攻速流adc的重伤装备？绿穿红穿都能设计两件，给攻速流英雄设计一件很难吗？总结，队友不出重伤是设计师不想让玩家随意覆盖重伤，重伤就是设计师的跌麻，设计师看见自己跌麻被玩家把玩就急眼，仅此而已。,migrated_from_legacy_clean
BILI_0014,Bili,14,w1,balance_mechanic,recent_reply,,海克斯大乱斗看情况重伤该出就出，别等队友，对面血魔多也别考虑自己挂重伤效率高不高，海斗现在这环境大家伤害都高的一，后期团战很容易出现出重伤的辅助或者aoe法师不小心先被秒了，你ad自己不出重伤难道等着输吗？我见过太多自以为自己很c的后排玩家，把把抱着个红穿不撒手，被对面战士刺客大爹两刀剁死然后无能狂怒。,海克斯大乱斗看情况重伤该出就出，别等队友，对面血魔多也别考虑自己挂重伤效率高不高，海斗现在这环境大家伤害都高的一，后期团战很容易出现出重伤的辅助或者aoe法师不小心先被秒了，你ad自己不出重伤难道等着输吗？我见过太多自以为自己很c的后排玩家，把把抱着个红穿不撒手，被对面战士刺客大爹两刀剁死然后无能狂怒。,migrated_from_legacy_clean
BILI_0015,Bili,15,w1,balance_mechanic,recent_reply,,还不是那个设计师把重伤装备搞那么垃圾，鬼书抱着那b300生命值不放，炼金链锯那点属性和大面具坐一桌了，绿穿自从巨杀被改回来就失去竞争力了，反甲倒是老见坦克出，高额护甲可以无脑叠生命和魔抗了。,还不是那个设计师把重伤装备搞那么垃圾，鬼书抱着那b300生命值不放，炼金链锯那点属性和大面具坐一桌了，绿穿自从巨杀被改回来就失去竞争力了，反甲倒是老见坦克出，高额护甲可以无脑叠生命和魔抗了。,migrated_from_legacy_clean
BILI_0016,Bili,16,w2,balance_mechanic,recent_reply,,这版本胡羁绊比上版本爽的多，四随机谁玩谁知道，20分钟四十层锻体，四叠四鞭炮也贼夸张。缺点就是胡出来太强了，强到对面没有一点希望，二塔一掉就点了，爽不起来。我现在一胡就在想怎么控温，偶尔死一两波。,这版本胡羁绊比上版本爽的多，四随机谁玩谁知道，20分钟四十层锻体，四叠四鞭炮也贼夸张。缺点就是胡出来太强了，强到对面没有一点希望，二塔一掉就点了，爽不起来。我现在一胡就在想怎么控温，偶尔死一两波。,migrated_from_legacy_clean
BILI_0017,Bili,17,w2,balance_mechanic,recent_reply,,更新的一坨，之前海克斯好玩是因为合理的海克斯可以更好的发挥每个英雄的特性，让很多本来不适合大乱斗的英雄也能玩起来。现在则是海克斯+羁绊远大于英雄特性本身了，举个例子中东套，任何英雄拿个俯冲轰炸+大运都可以无脑雪球直接冲过去炸就完事。见面就是互秒，无聊的一比,更新的一坨，之前海克斯好玩是因为合理的海克斯可以更好的发挥每个英雄的特性，让很多本来不适合大乱斗的英雄也能玩起来。现在则是海克斯+羁绊远大于英雄特性本身了，举个例子中东套，任何英雄拿个俯冲轰炸+大运都可以无脑雪球直接冲过去炸就完事。见面就是互秒，无聊的一比,migrated_from_legacy_clean
BILI_0018,Bili,18,w1,balance_mechanic,recent_reply,,其实我觉得一个游戏在大家都不会玩的时候才是最好玩的，因为当一个人自己和他人都会玩后往往都开始注重所谓提升技术，或则说执着于打出一些惊人操作，能意识到队友是猪的拉对面是小代的好而生气，以及各种因素，而海斗则是通过加入新机制，来一定程度上削弱了大部分玩家通过曾经的游戏经验带来的技术提升，并出现很多运气大于操作的游戏体验。从而给了不少人不错的体验吧，不用像排位那么执着输赢和技术，回归了开游戏就是想来把爽局。,其实我觉得一个游戏在大家都不会玩的时候才是最好玩的，因为当一个人自己和他人都会玩后往往都开始注重所谓提升技术，或则说执着于打出一些惊人操作，能意识到队友是猪的拉对面是小代的好而生气，以及各种因素，而海斗则是通过加入新机制，来一定程度上削弱了大部分玩家通过曾经的游戏经验带来的技术提升，并出现很多运气大于操作的游戏体验。从而给了不少人不错的体验吧，不用像排位那么执着输赢和技术，回归了开游戏就是想来把爽局。,migrated_from_legacy_clean
BILI_0019,Bili,19,w1,hero_experience,recent_reply,,我遇到的几个新手，把把出狂徒心之钢当陀螺，然后把把说坐牢，没感觉他们有多爽。按照阵容出装虐对面不比被虐爽吗？,我遇到的几个新手，把把出狂徒心之钢当陀螺，然后把把说坐牢，没感觉他们有多爽。按照阵容出装虐对面不比被虐爽吗？,migrated_from_legacy_clean
BILI_0020,Bili,20,w1,team_interaction,recent_reply,,我们阵容5个ad输出，对面两坨大肉，我一个韦鲁斯出ap就这样还有人点我纳什和黄昏呢，关键点我装备的人也不出重伤，还要我单挂一个800重伤剑，其他队友的看不下去了帮我说话，叫他别点了，韦鲁斯ap打肉更快,我们阵容5个ad输出，对面两坨大肉，我一个韦鲁斯出ap就这样还有人点我纳什和黄昏呢，关键点我装备的人也不出重伤，还要我单挂一个800重伤剑，其他队友的看不下去了帮我说话，叫他别点了，韦鲁斯ap打肉更快,migrated_from_legacy_clean
BILI_0021,Bili,21,w1,hero_experience,recent_reply,,提莫低等英雄，萨芬纯种高等英雄，w是丢子关键移速，e技能是高贵的穿兵线穿人控制，同类型的妮寇e短的离谱，光辉只能穿两，出了冰杖就是全游戏最高贵的丢子控制，cd也不算长，r在大乱斗地形也是随便放，纯纯的高等英雄，海克斯适配度也高，银色扇巴掌，家园卫士，法师通用类，金色cd，叠角龙系列全能完美消化，法师系都吃，棱彩法师系都吃，残忍裂隙这种拿到也是瞎几把乱杀，怎么玩怎么赢，队友没控制就e抽奖，队友有控制就e后放稳定控制链，总结就是高等丢子英雄,提莫低等英雄，萨芬纯种高等英雄，w是丢子关键移速，e技能是高贵的穿兵线穿人控制，同类型的妮寇e短的离谱，光辉只能穿两，出了冰杖就是全游戏最高贵的丢子控制，cd也不算长，r在大乱斗地形也是随便放，纯纯的高等英雄，海克斯适配度也高，银色扇巴掌，家园卫士，法师通用类，金色cd，叠角龙系列全能完美消化，法师系都吃，棱彩法师系都吃，残忍裂隙这种拿到也是瞎几把乱杀，怎么玩怎么赢，队友没控制就e抽奖，队友有控制就e后放稳定控制链，总结就是高等丢子英雄,migrated_from_legacy_clean
BILI_0022,Bili,22,w1,team_interaction,recent_reply,,昨天玩一把海克斯大乱斗，我们前期被对面吊打，我方卡牌点了投降，我们4个人都没点，然后卡牌心态崩了就开始挂机，结果卡牌挂机以后，对面就打不过我们了，我们4打5把对面打的节节败退，最后赢了,昨天玩一把海克斯大乱斗，我们前期被对面吊打，我方卡牌点了投降，我们4个人都没点，然后卡牌心态崩了就开始挂机，结果卡牌挂机以后，对面就打不过我们了，我们4打5把对面打的节节败退，最后赢了,migrated_from_legacy_clean
BILI_0023,Bili,23,w2,balance_mechanic,recent_reply,,之前海克斯差点还能靠操作弥补一下，现在胡了是真的挡不住，甩个技能特效满天飞，经济高你大几千，也不是说要平衡，但是至少也要给用操作战胜运气的余地吧,之前海克斯差点还能靠操作弥补一下，现在胡了是真的挡不住，甩个技能特效满天飞，经济高你大几千，也不是说要平衡，但是至少也要给用操作战胜运气的余地吧,migrated_from_legacy_clean
BILI_0024,Bili,24,w1,hero_experience,recent_reply,,玩了300多把海斗，印象中提莫没有正战绩过，不管对面还是己方，为什么我会记住提莫的战绩，之前有人提醒我这个英雄是吸队友血的，我就默默记住了,玩了300多把海斗，印象中提莫没有正战绩过，不管对面还是己方，为什么我会记住提莫的战绩，之前有人提醒我这个英雄是吸队友血的，我就默默记住了,migrated_from_legacy_clean
BILI_0025,Bili,25,w2,balance_mechanic,recent_reply,,这个通行证现在分循环任务和周常任务，周常是每周打3把无论输赢给600经验，循环是每两把给200经验；通行证一共32级，150经验升一级，升满需要4800经验。如果像我平时只打人机、打海斗只为了做做任务拿拿活动给的皮肤这样，每周只打三把做个周常的话，一周平均下来是900经验，就打五到六周差不多能打满的样子。我只会玩硬辅和法师，实战体验下来也就那样吧，该乐乐该坐牢坐牢，就是之前做赢一把的任务被elo做局了连跪10把让我很气。顺带一提今天虚空裂隙牛头让我顶爽了。,这个通行证现在分循环任务和周常任务，周常是每周打3把无论输赢给600经验，循环是每两把给200经验；通行证一共32级，150经验升一级，升满需要4800经验。如果像我平时只打人机、打海斗只为了做做任务拿拿活动给的皮肤这样，每周只打三把做个周常的话，一周平均下来是900经验，就打五到六周差不多能打满的样子。我只会玩硬辅和法师，实战体验下来也就那样吧，该乐乐该坐牢坐牢，就是之前做赢一把的任务被elo做局了连跪10把让我很气。顺带一提今天虚空裂隙牛头让我顶爽了。,migrated_from_legacy_clean
BILI_0026,Bili,26,w2,balance_mechanic,recent_reply,,开局领先一个锻造器价值750金币再领先300这就领先一千经济了。后面还有自选的金变彩，还不是质变的随机彩，还有三个强化合剂。有等级跟没等级强度差距不是一点半点，没等级的人就是没体验被暴揍然后退游，加大新玩家入坑的门槛，到时候就剩一群结晶玩家在玩。,开局领先一个锻造器价值750金币再领先300这就领先一千经济了。后面还有自选的金变彩，还不是质变的随机彩，还有三个强化合剂。有等级跟没等级强度差距不是一点半点，没等级的人就是没体验被暴揍然后退游，加大新玩家入坑的门槛，到时候就剩一群结晶玩家在玩。,migrated_from_legacy_clean
BILI_0027,Bili,27,w2,balance_mechanic,recent_reply,,一、bug多 二、伤害溢出，节奏快，坦克没有生存空间 三、局外成长不平衡,一、bug多 二、伤害溢出，节奏快，坦克没有生存空间 三、局外成长不平衡,migrated_from_legacy_clean
BILI_0028,Bili,28,w2,balance_mechanic,recent_reply,,感觉现在伤害都太高了，不是你秒我就是我秒你，肉都扛不住，而且海克斯不胡队友死活不点，胡了不是对面点就是队友点,感觉现在伤害都太高了，不是你秒我就是我秒你，肉都扛不住，而且海克斯不胡队友死活不点，胡了不是对面点就是队友点,migrated_from_legacy_clean
BILI_0029,Bili,29,w2,balance_mechanic,recent_reply,,现在版本我个人认为最大的问题就是：1.局外养成影响局内游戏，这是MOBA游戏大忌。2.羁绊系统的崩坏，其实是调整弱符文的好工具，弱符文的羁绊就应该是0.5+0.5=2的效果，强符文就是1+1=1的效果，比如你是选择拿一个单个效果的垃圾符文，赌强力的羁绊，还是选择保底，选择当个强力的符文，但是羁绊就很一般。这样对于单次没拿到强力符文的玩家，也是种补偿机制。3.经济系符文和羁绊的数值，经济的优势，是一种无法反制的优势，同时先发永远赢后发，其他符文你还有可能用操作，针对出装来反制，但是经济类不行，数值还要调整。4.还是经济类符文，过于强势且适用性广，挤占了其他符文的选择空间，整局游戏大家都在找经济类符文，海克斯大乱斗变成了极地乱斗极速版。5.坦克位的生存环境恶劣，坦克作为游戏内经济最低的位置，经济类符文的泛滥，心之钢的削弱，导致坦克选出来就成了一个混子，大家就都不太愿意玩坦克了，又成为了丢子大乱斗。总感觉设计师像换人了一样，上版本经济符文保守，这版本直接走向了另一个极端，小蛋糕这种前两个来就是假卡级别的，或者可以考虑进一步削弱金币获取，强调它的治疗效果，敌方只有减速，没有治疗，这样可以作为坦克或者软辅的备选符文，增加这两位置的功能性和经济补充。最后个人要求，能不能删了你那开局锻造器，300你都删了，又不删干净，删完了显得设计师会蠢，所以要保留一部分是吧。up说的总体上我是认可的，原本海克斯乱斗是比较平衡的，极少有天胡打不了的对局，大部分对局都是主要看思路和操作，如果对面坦克横行或者刺客横行，那大概率是因为你们阵容构成本来有问题，符文进一步放大了这个问题，下把开局的时候，你会下意识的补。,现在版本我个人认为最大的问题就是：1.局外养成影响局内游戏，这是MOBA游戏大忌。2.羁绊系统的崩坏，其实是调整弱符文的好工具，弱符文的羁绊就应该是0.5+0.5=2的效果，强符文就是1+1=1的效果，比如你是选择拿一个单个效果的垃圾符文，赌强力的羁绊，还是选择保底，选择当个强力的符文，但是羁绊就很一般。这样对于单次没拿到强力符文的玩家，也是种补偿机制。3.经济系符文和羁绊的数值，经济的优势，是一种无法反制的优势，同时先发永远赢后发，其他符文你还有可能用操作，针对出装来反制，但是经济类不行，数值还要调整。4.还是经济类符文，过于强势且适用性广，挤占了其他符文的选择空间，整局游戏大家都在找经济类符文，海克斯大乱斗变成了极地乱斗极速版。5.坦克位的生存环境恶劣，坦克作为游戏内经济最低的位置，经济类符文的泛滥，心之钢的削弱，导致坦克选出来就成了一个混子，大家就都不太愿意玩坦克了，又成为了丢子大乱斗。总感觉设计师像换人了一样，上版本经济符文保守，这版本直接走向了另一个极端，小蛋糕这种前两个来就是假卡级别的，或者可以考虑进一步削弱金币获取，强调它的治疗效果，敌方只有减速，没有治疗，这样可以作为坦克或者软辅的备选符文，增加这两位置的功能性和经济补充。最后个人要求，能不能删了你那开局锻造器，300你都删了，又不删干净，删完了显得设计师会蠢，所以要保留一部分是吧。up说的总体上我是认可的，原本海克斯乱斗是比较平衡的，极少有天胡打不了的对局，大部分对局都是主要看思路和操作，如果对面坦克横行或者刺客横行，那大概率是因为你们阵容构成本来有问题，符文进一步放大了这个问题，下把开局的时候，你会下意识的补。,migrated_from_legacy_clean
BILI_0030,Bili,30,w2,balance_mechanic,recent_reply,,我这几天见到的最多的评价就是这把运气差了点/对面海克斯太糊了，你还知道我运气差呀？我发的海克斯那都是人用的吗，坦克的给射手的射手都给法师的法师的给辅助的辅助的给坦克的？？？羁绊都凑不起来，坦克连钢化你心是什么样子都不知道，我们莎弥拉从来就没亮过剑，对面莎弥拉把把都亮剑。,我这几天见到的最多的评价就是这把运气差了点/对面海克斯太糊了，你还知道我运气差呀？我发的海克斯那都是人用的吗，坦克的给射手的射手都给法师的法师的给辅助的辅助的给坦克的？？？羁绊都凑不起来，坦克连钢化你心是什么样子都不知道，我们莎弥拉从来就没亮过剑，对面莎弥拉把把都亮剑。,migrated_from_legacy_clean
BILI_0031,Bili,31,w2,balance_mechanic,recent_reply,,不知道你新版玩了多少把，我一开始也是和up一样的观点，接下来我说说深度游玩后我的想法吧，和你的有区别。首先，我目前通行证24级，证明我游玩的次数还是比较多的。新版海克斯随着各个羁绊，其实拓展了大乱斗的玩法，原来就是打团，推塔，现在很多时候变成各路神仙打架，其实有点像之前的斗魂，就是说多重羁绊让后期也有的玩内容。整体给我的体验是优于更新前的。虽然我知道有各种不平衡，但是破题之法不是非要打赢的，总体来说还是可以各得其乐我只能说，战士坦克爽在后期锻体，前期坐牢，丢丢怪前期爽，后期坐牢。其次讲一下局外养成，首先我表态，我也不太支持，但是也有让我惊喜的地方。但是我发现游戏是根据玩家的通行证等级匹配的（当然不完全是，有这个因素），我没有初始金币，我的队友基本上也没有。其次，通行证让这个游戏有了追求，肝是一方面，让你有了新的获得感和乐子，我觉得还可以，但是平衡性做的确实有待商榷。,不知道你新版玩了多少把，我一开始也是和up一样的观点，接下来我说说深度游玩后我的想法吧，和你的有区别。首先，我目前通行证24级，证明我游玩的次数还是比较多的。新版海克斯随着各个羁绊，其实拓展了大乱斗的玩法，原来就是打团，推塔，现在很多时候变成各路神仙打架，其实有点像之前的斗魂，就是说多重羁绊让后期也有的玩内容。整体给我的体验是优于更新前的。虽然我知道有各种不平衡，但是破题之法不是非要打赢的，总体来说还是可以各得其乐我只能说，战士坦克爽在后期锻体，前期坐牢，丢丢怪前期爽，后期坐牢。其次讲一下局外养成，首先我表态，我也不太支持，但是也有让我惊喜的地方。但是我发现游戏是根据玩家的通行证等级匹配的（当然不完全是，有这个因素），我没有初始金币，我的队友基本上也没有。其次，通行证让这个游戏有了追求，肝是一方面，让你有了新的获得感和乐子，我觉得还可以，但是平衡性做的确实有待商榷。,migrated_from_legacy_clean
BILI_0032,Bili,32,w2,balance_mechanic,recent_reply,,玩了十几把新版海斗果断退坑了，主要还是因为平衡崩坏了。上个版本即使遇到对面一两个天胡的，这边只要想赢还是可以通过沟通团队合作，抓对面失误，卡复活时间，强开打人数差等等用操作和一点运营思路翻盘。这个版本就是一直打架激情互秒，要么被虐，要么无脑屠杀，几乎都是一边倒的对局，少了很多拉扯，操作和博弈的乐趣，而少了的这些我认为就是英雄联盟这个游戏的精髓。,玩了十几把新版海斗果断退坑了，主要还是因为平衡崩坏了。上个版本即使遇到对面一两个天胡的，这边只要想赢还是可以通过沟通团队合作，抓对面失误，卡复活时间，强开打人数差等等用操作和一点运营思路翻盘。这个版本就是一直打架激情互秒，要么被虐，要么无脑屠杀，几乎都是一边倒的对局，少了很多拉扯，操作和博弈的乐趣，而少了的这些我认为就是英雄联盟这个游戏的精髓。,migrated_from_legacy_clean
BILI_0033,Bili,33,w2,balance_mechanic,recent_reply,,海斗至少不会全是丢丢怪的天下，有时候玩普通大乱斗对面丢子多就是坐牢局，就算赢了也感觉很心累，海斗感觉至少有那一丝抽到好海克斯的希望,海斗至少不会全是丢丢怪的天下，有时候玩普通大乱斗对面丢子多就是坐牢局，就算赢了也感觉很心累，海斗感觉至少有那一丝抽到好海克斯的希望,migrated_from_legacy_clean
BILI_0034,Bili,34,w2,balance_mechanic,recent_reply,,海克斯大乱斗跟这个普通大乱斗不一样的点在于普通大乱斗英雄一抽完差不多知道结局了，海克斯大乱斗每次符文对每个英雄都可能带来质变，不确定性很多。,海克斯大乱斗跟这个普通大乱斗不一样的点在于普通大乱斗英雄一抽完差不多知道结局了，海克斯大乱斗每次符文对每个英雄都可能带来质变，不确定性很多。,migrated_from_legacy_clean
BILI_0035,Bili,35,w2,balance_mechanic,recent_reply,,我感觉最大的问题就是 它是大乱斗 你想玩一个套路你甚至得先赌自己这一把有没有玩这个套路的资格 在此基础的恶性体验最上限是一随到自己既不会玩+不知道适用什么套路的英雄+天谴海克斯 对局十分熟练完全知道怎么玩+知道适用套路+天胡海克斯 就会导致对局完全没有任何体验 但凡依旧大乱斗地图但是改成英雄自选都比现在好 至少能保证在天谴海克斯的情况下自己至少能发挥英雄本身的实力来应对对面 而不是完全没有任何可用操作,我感觉最大的问题就是 它是大乱斗 你想玩一个套路你甚至得先赌自己这一把有没有玩这个套路的资格 在此基础的恶性体验最上限是一随到自己既不会玩+不知道适用什么套路的英雄+天谴海克斯 对局十分熟练完全知道怎么玩+知道适用套路+天胡海克斯 就会导致对局完全没有任何体验 但凡依旧大乱斗地图但是改成英雄自选都比现在好 至少能保证在天谴海克斯的情况下自己至少能发挥英雄本身的实力来应对对面 而不是完全没有任何可用操作,migrated_from_legacy_clean
BILI_0036,Bili,36,w2,balance_mechanic,recent_reply,,确实，对面来2个2500，搞个小蛋糕，我们这边没有，就没法打，装备碾压了，昨天我一个400护甲的老黑被对面菜刀队融了就离谱，雪球进去开w死了。还有开局锻造器太亏贼了，别人银的我彩的，开局25%全吸，比别人多个吸血习性，对面怎么打，昨天一把狮子狗开局20固穿，队友天使25%全吸，因为是6级前锻出的，天使是近战，不会减半，再配上9级给的大红药，直接给对面打投了，第三个海克斯都没见着。,确实，对面来2个2500，搞个小蛋糕，我们这边没有，就没法打，装备碾压了，昨天我一个400护甲的老黑被对面菜刀队融了就离谱，雪球进去开w死了。还有开局锻造器太亏贼了，别人银的我彩的，开局25%全吸，比别人多个吸血习性，对面怎么打，昨天一把狮子狗开局20固穿，队友天使25%全吸，因为是6级前锻出的，天使是近战，不会减半，再配上9级给的大红药，直接给对面打投了，第三个海克斯都没见着。,migrated_from_legacy_clean
BILI_0037,Bili,37,w2,team_interaction,recent_reply,,遇到个10秒一个大的死歌，我玩的老鼠，活不过20秒，然后自己这边三个肉一个刺客，就我和刺客有输出，两个肉开黑的炼金和锤石一直不点，还嘲讽我们就是这样玩游戏的光点投降？人家死歌也不推，就一直在家放大，我复活20秒必死。给我气的使劲喷这个炼金,遇到个10秒一个大的死歌，我玩的老鼠，活不过20秒，然后自己这边三个肉一个刺客，就我和刺客有输出，两个肉开黑的炼金和锤石一直不点，还嘲讽我们就是这样玩游戏的光点投降？人家死歌也不推，就一直在家放大，我复活20秒必死。给我气的使劲喷这个炼金,migrated_from_legacy_clean
BILI_0038,Bili,38,w2,balance_mechanic,recent_reply,,总场数600多盘但是我现在已经不想玩了，一坨大便的平衡性，强化越来越非人类，坦克得不到经济补充后排装备起得比前排快，路人局普遍不想玩前排整一盘阵容畸形到不得了还有那鬼一样的海克斯池子，你就玩吧,总场数600多盘但是我现在已经不想玩了，一坨大便的平衡性，强化越来越非人类，坦克得不到经济补充后排装备起得比前排快，路人局普遍不想玩前排整一盘阵容畸形到不得了还有那鬼一样的海克斯池子，你就玩吧,migrated_from_legacy_clean
BILI_0039,Bili,39,w2,balance_mechanic,recent_reply,,最近我是真感觉池子被污染了，谁家剑圣、瘸子池子里有尤里卡、神射这种法师海克斯，我打了好几场的瘸子，全给法师海克斯，碎片一堆法穿法强，一点穿甲攻击不给,最近我是真感觉池子被污染了，谁家剑圣、瘸子池子里有尤里卡、神射这种法师海克斯，我打了好几场的瘸子，全给法师海克斯，碎片一堆法穿法强，一点穿甲攻击不给,migrated_from_legacy_clean
BILI_0040,Bili,40,w2,balance_mechanic,recent_reply,,很多人就喜欢不平衡，越不平越支持，说娱乐模式就是要不公平，不然像排位无限斗魂越平衡越暴死。我还是觉得海斗步子迈大了，加速暴死，之前都是什么丢子王朝，坦克王朝，只有建议不玩什么，没说不好玩不够爽，现在出现两极分化了，一边说太爽太好玩了，一边说无论输赢对局太快，没爽就结束，拿不到好的符文投，没对面好的投，二塔没了投，为了局外奖励投，人头全被K战绩不好投,很多人就喜欢不平衡，越不平越支持，说娱乐模式就是要不公平，不然像排位无限斗魂越平衡越暴死。我还是觉得海斗步子迈大了，加速暴死，之前都是什么丢子王朝，坦克王朝，只有建议不玩什么，没说不好玩不够爽，现在出现两极分化了，一边说太爽太好玩了，一边说无论输赢对局太快，没爽就结束，拿不到好的符文投，没对面好的投，二塔没了投，为了局外奖励投，人头全被K战绩不好投,migrated_from_legacy_clean
BILI_0041,Bili,41,w2,balance_mechanic,recent_reply,,测试服出羁绊的时候我就说了，原本挺好玩的出了羁绊看似选择更多其实选择更少了，因为固定强度的羁绊比随机搭配符文提升更大更稳定。本来就是娱乐模式，大家都是玩创新科技的，你出了一个稳定提升能力的羁绊系统，胜负欲望强的肯定就是选不需要赌命的英雄，稳定羁绊类海克斯，每把都能遇到，就跟加强版峡谷一样，海克斯的精神丢失了，娱乐不起来。,测试服出羁绊的时候我就说了，原本挺好玩的出了羁绊看似选择更多其实选择更少了，因为固定强度的羁绊比随机搭配符文提升更大更稳定。本来就是娱乐模式，大家都是玩创新科技的，你出了一个稳定提升能力的羁绊系统，胜负欲望强的肯定就是选不需要赌命的英雄，稳定羁绊类海克斯，每把都能遇到，就跟加强版峡谷一样，海克斯的精神丢失了，娱乐不起来。,migrated_from_legacy_clean
BILI_0042,Bili,42,w2,balance_mechanic,recent_reply,,过于娱乐化，导致大乱斗本身的竞技性没了，从为英雄定制海克斯变成为凑羁绊拿海克斯，阵容和英雄还有手法熟练度对对局的影响力下滑太多了，玩起来反而乏味。看到对面神人拿到胡牌海克斯用猪鼻操作大杀四方，感觉像吃了坨谢特，玩回普通乱斗了。,过于娱乐化，导致大乱斗本身的竞技性没了，从为英雄定制海克斯变成为凑羁绊拿海克斯，阵容和英雄还有手法熟练度对对局的影响力下滑太多了，玩起来反而乏味。看到对面神人拿到胡牌海克斯用猪鼻操作大杀四方，感觉像吃了坨谢特，玩回普通乱斗了。,migrated_from_legacy_clean
BILI_0043,Bili,43,w2,balance_mechanic,recent_reply,,新版本海斗没有英雄和海克斯联动的乐趣，全在凑羁绊，没羁绊的海克斯天生低人一等，上版本很多能作为保本选的海克斯这版本因为不带羁绊导致玩家看都不想看一眼，选海克斯从和英雄的适配性考虑变成能不能凑出羁绊，一些弱势海克斯不仅没加强也没进羁绊系统，而红包小蛋糕捐赠缩小引擎这些本身强度都超模到天上去的海克斯却还能进羁绊系统。,新版本海斗没有英雄和海克斯联动的乐趣，全在凑羁绊，没羁绊的海克斯天生低人一等，上版本很多能作为保本选的海克斯这版本因为不带羁绊导致玩家看都不想看一眼，选海克斯从和英雄的适配性考虑变成能不能凑出羁绊，一些弱势海克斯不仅没加强也没进羁绊系统，而红包小蛋糕捐赠缩小引擎这些本身强度都超模到天上去的海克斯却还能进羁绊系统。,migrated_from_legacy_clean
BILI_0044,Bili,44,w2,balance_mechanic,recent_reply,,作为娱乐模式，最重要的不应该是用海克斯强化增加新的玩法吗？比如我玩盖伦，拿到一板一眼我可以考虑玩爆穿攻速流，拿到钢化你心玩肉之类的，怎么就非得做出来一堆数值羁绊数值海克斯呢？现在这一改完所有人无脑找经济羁绊和锻造器羁绊，这玩意到后面就是数值碾压你，玩起来恶心的一批。那个俯冲轰炸羁绊和全自动羁绊不是设计的挺有想法吗？为啥非得走数值路子呢？,作为娱乐模式，最重要的不应该是用海克斯强化增加新的玩法吗？比如我玩盖伦，拿到一板一眼我可以考虑玩爆穿攻速流，拿到钢化你心玩肉之类的，怎么就非得做出来一堆数值羁绊数值海克斯呢？现在这一改完所有人无脑找经济羁绊和锻造器羁绊，这玩意到后面就是数值碾压你，玩起来恶心的一批。那个俯冲轰炸羁绊和全自动羁绊不是设计的挺有想法吗？为啥非得走数值路子呢？,migrated_from_legacy_clean
BILI_0045,Bili,45,w2,balance_mechanic,recent_reply,,这版本丢子太恶心了 都说娱乐模式不需要平衡 但是丢子是最影响游戏体验的 十个人互丢的局更是走位练习 毫无体验感 坦克稍微强点可以让战士射手刺客以及坦克本身都有游戏体验 丢子只能让自己获得游戏体验 丢爽了后期还是会被翻 恶心得很,这版本丢子太恶心了 都说娱乐模式不需要平衡 但是丢子是最影响游戏体验的 十个人互丢的局更是走位练习 毫无体验感 坦克稍微强点可以让战士射手刺客以及坦克本身都有游戏体验 丢子只能让自己获得游戏体验 丢爽了后期还是会被翻 恶心得很,migrated_from_legacy_clean
BILI_0046,Bili,46,w2,balance_mechanic,recent_reply,,现在肉压根玩不了，像小丑一样，我不理解钢为啥削到百6，没刚化你心出钢跟浪费钱没啥区别了，全是丢子伤害还高的不行，玩adc想玩神龙烈焰，狠着出魔法飞弹？选个大虫子玩刚化你心，第二个给我出踢踏舞？卡池还更垃圾了很多纯法师居然会出法转物，设计师左右脑互搏，蛋糕这东西的数值为啥能活出测试服，我说白了必须得做卡池区分，不然设计出来的东西他们自己驾驭不了,现在肉压根玩不了，像小丑一样，我不理解钢为啥削到百6，没刚化你心出钢跟浪费钱没啥区别了，全是丢子伤害还高的不行，玩adc想玩神龙烈焰，狠着出魔法飞弹？选个大虫子玩刚化你心，第二个给我出踢踏舞？卡池还更垃圾了很多纯法师居然会出法转物，设计师左右脑互搏，蛋糕这东西的数值为啥能活出测试服，我说白了必须得做卡池区分，不然设计出来的东西他们自己驾驭不了,migrated_from_legacy_clean
BILI_0047,Bili,47,w2,balance_mechanic,recent_reply,,这模式一旦没人爱玩前排就是纯坐牢，两边都是丢子互丢和刺客对秒，纯折磨，我玩大乱斗就是来无脑战斗的，我还得躲弹幕一样的游戏，我还得小心那个比小丑和法师莫名其妙的飞弹，那个比骰子和金币羁绊一旦糊起来就是纯纯的成帝，还有海克斯需要通行证解锁又是哪个设计师脑子进大分了设计出来的？我玩的少天生低人一等？,这模式一旦没人爱玩前排就是纯坐牢，两边都是丢子互丢和刺客对秒，纯折磨，我玩大乱斗就是来无脑战斗的，我还得躲弹幕一样的游戏，我还得小心那个比小丑和法师莫名其妙的飞弹，那个比骰子和金币羁绊一旦糊起来就是纯纯的成帝，还有海克斯需要通行证解锁又是哪个设计师脑子进大分了设计出来的？我玩的少天生低人一等？,migrated_from_legacy_clean
BILI_0048,Bili,48,w2,balance_mechanic,recent_reply,,我的建议是直接加一个棱彩海克斯，而且只能极地地图有概率出现，叫做极寒渊狱，效果非常简单因为风暴的影响不受到450码以外任何伤害--实际上就是赵信大招。直接选到就不让丢子玩了，这个海克斯甚至可以出现概率非常低，地图1/3概率，加出彩概率，加降低其本身出现概率。其存在的核心意义是“威慑纪元”，你选五个丢子之前要掂量一下，对面有没有可能拿到这个海克斯直接一个打五个开爽。这样既不真正削弱其它海克斯，和丢子玩家的实际游玩体验，还能减少丢子,我的建议是直接加一个棱彩海克斯，而且只能极地地图有概率出现，叫做极寒渊狱，效果非常简单因为风暴的影响不受到450码以外任何伤害--实际上就是赵信大招。直接选到就不让丢子玩了，这个海克斯甚至可以出现概率非常低，地图1/3概率，加出彩概率，加降低其本身出现概率。其存在的核心意义是“威慑纪元”，你选五个丢子之前要掂量一下，对面有没有可能拿到这个海克斯直接一个打五个开爽。这样既不真正削弱其它海克斯，和丢子玩家的实际游玩体验，还能减少丢子,migrated_from_legacy_clean
BILI_0049,Bili,49,w2,balance_mechanic,recent_reply,,1. 近战海克斯和远程海克斯不作区分是最蠢的设计；2. 全能吸血需要削弱，不然本身缺伤害的英雄一辈子打不赢一个有全能吸血的脆皮；3. 削弱移速类海克斯或者降低前期的数值；4. 削弱当前版本人人都有的气定神闲前期强度。,1. 近战海克斯和远程海克斯不作区分是最蠢的设计；2. 全能吸血需要削弱，不然本身缺伤害的英雄一辈子打不赢一个有全能吸血的脆皮；3. 削弱移速类海克斯或者降低前期的数值；4. 削弱当前版本人人都有的气定神闲前期强度。,migrated_from_legacy_clean
BILI_0050,Bili,50,w2,balance_mechanic,recent_reply,,觉得好玩的应该都是新玩家和运气很好的欧皇，胡了那么两三把，正巧对面还不点，所以就感觉挺好玩的，幸存者偏差。我大乱斗十年老玩家了，一有空就高强度大乱斗，这版本玩了四五十把，很明确的结论就是不好玩，这两天更新后变得更不好玩了。我感觉我应该能代表大多数玩家的心声，那些觉得好玩的应该是玩的还不够多，加上运气不错的幸存者偏差。,觉得好玩的应该都是新玩家和运气很好的欧皇，胡了那么两三把，正巧对面还不点，所以就感觉挺好玩的，幸存者偏差。我大乱斗十年老玩家了，一有空就高强度大乱斗，这版本玩了四五十把，很明确的结论就是不好玩，这两天更新后变得更不好玩了。我感觉我应该能代表大多数玩家的心声，那些觉得好玩的应该是玩的还不够多，加上运气不错的幸存者偏差。,migrated_from_legacy_clean
BILI_0051,Bili,51,w2,balance_mechanic,recent_reply,,加点坦克的海克斯吧，目前坦克的海克斯就那么几个，强势一点的钢化你心，歌莉娅巨人，慢炖，坦克引擎等等。还有一大堆招笑的，比如控制敌人回血，控制敌人加护甲魔抗的，太弱了这些。目前就是输出海克斯比防御类海克斯多太多，玩坦克大部分很难能拿到适配的海克斯，这种情况下毫无游戏体验。建议加一些减伤的，加双抗的海克斯。,加点坦克的海克斯吧，目前坦克的海克斯就那么几个，强势一点的钢化你心，歌莉娅巨人，慢炖，坦克引擎等等。还有一大堆招笑的，比如控制敌人回血，控制敌人加护甲魔抗的，太弱了这些。目前就是输出海克斯比防御类海克斯多太多，玩坦克大部分很难能拿到适配的海克斯，这种情况下毫无游戏体验。建议加一些减伤的，加双抗的海克斯。,migrated_from_legacy_clean
BILI_0052,Bili,52,w2,hero_experience,recent_reply,,这说的太对了 玩战士坦克纯纯坐牢 你不上队友不上 9个人在丢 你上了团开了 你送了 队友收割 你一个助攻 等级经济全场倒一,这说的太对了 玩战士坦克纯纯坐牢 你不上队友不上 9个人在丢 你上了团开了 你送了 队友收割 你一个助攻 等级经济全场倒一,migrated_from_legacy_clean
BILI_0053,Bili,53,w2,team_interaction,recent_reply,,为什么我不爱玩大乱斗这个模式，就是因为这模式里面的人大部分段位低，只为了自己爽。谁管你厉害不厉害，能不能翻盘，人家不爽就点。要么就是你玩ad坦克不探草，没人保护你。一个一个玩的贼自私。而排位随着段位越高那种沟通和理解能力越来越高，才让我感受到那是一个团队游戏。如果一个游戏的玩家都是自私的，只为了自己爽的。那谁还玩ad，谁还玩辅助。谁愿意牺牲自己体验保护队友发育。谁会把队友当为队友,为什么我不爱玩大乱斗这个模式，就是因为这模式里面的人大部分段位低，只为了自己爽。谁管你厉害不厉害，能不能翻盘，人家不爽就点。要么就是你玩ad坦克不探草，没人保护你。一个一个玩的贼自私。而排位随着段位越高那种沟通和理解能力越来越高，才让我感受到那是一个团队游戏。如果一个游戏的玩家都是自私的，只为了自己爽的。那谁还玩ad，谁还玩辅助。谁愿意牺牲自己体验保护队友发育。谁会把队友当为队友,migrated_from_legacy_clean
BILI_0054,Bili,54,w2,balance_mechanic,recent_reply,,我现在对海斗最大的意见就是这个模式太火了，甚至吸引了一些人回坑和入坑。这就导致匹到的神人越来越多。把把感觉家里都有起码一个负作用的人。反倒是海克斯之类的我意见不大。因为我个人操作比较强。只要对面不是胡到那种闭着眼都能踢死人的地步，我都还能靠操作打一打。但是应付对面的同时还得防一手队友这种感觉太折磨了。海斗也是有elo的，这个东西想必只要玩的多都不会反驳我，一页绿第二天一页红是常有的事。玩个娱乐模式也像单双一样天天被神人折磨这一点是真的南蚌。,我现在对海斗最大的意见就是这个模式太火了，甚至吸引了一些人回坑和入坑。这就导致匹到的神人越来越多。把把感觉家里都有起码一个负作用的人。反倒是海克斯之类的我意见不大。因为我个人操作比较强。只要对面不是胡到那种闭着眼都能踢死人的地步，我都还能靠操作打一打。但是应付对面的同时还得防一手队友这种感觉太折磨了。海斗也是有elo的，这个东西想必只要玩的多都不会反驳我，一页绿第二天一页红是常有的事。玩个娱乐模式也像单双一样天天被神人折磨这一点是真的南蚌。,migrated_from_legacy_clean
BILI_0055,Bili,55,w2,balance_mechanic,recent_reply,,因为纯纯就是谁运气好谁赢，对于技术好的人来说自己的长处发挥不出来，看着一帮操作很菜的人拿着极致的数值碾压自己肯定不喜欢玩,因为纯纯就是谁运气好谁赢，对于技术好的人来说自己的长处发挥不出来，看着一帮操作很菜的人拿着极致的数值碾压自己肯定不喜欢玩,migrated_from_legacy_clean
BILI_0056,Bili,56,w2,balance_mechanic,recent_reply,,我个人最反感的就是羁绊，我更喜欢各种奇奇妙妙的海克斯组合给的快感而不是搁那祈祷下一个是某一个级别的某个海克斯，而且有些海克斯还不错但有羁绊就导致池子会直接被污染，给我小鱼人发升级收集者这是人吗，这个羁绊系统就应该直接给删了而不是调整,我个人最反感的就是羁绊，我更喜欢各种奇奇妙妙的海克斯组合给的快感而不是搁那祈祷下一个是某一个级别的某个海克斯，而且有些海克斯还不错但有羁绊就导致池子会直接被污染，给我小鱼人发升级收集者这是人吗，这个羁绊系统就应该直接给删了而不是调整,migrated_from_legacy_clean
BILI_0057,Bili,57,w1,balance_mechanic,recent_reply,,坦克海克斯全是些没用的东西，除了血量就是回血。连个双抗海克斯都没有。减伤也只有一个星界。增伤海克斯30%都是烂大街的。,坦克海克斯全是些没用的东西，除了血量就是回血。连个双抗海克斯都没有。减伤也只有一个星界。增伤海克斯30%都是烂大街的。,migrated_from_legacy_clean
BILI_0058,Bili,58,w1,balance_mechanic,recent_reply,,又在这种论调，这里面坦克的好东西已经不少了，你觉得玩的难受无非就是队友只有你一个前排，想轻松1抗5这哪有那么容易，输出位胡了也很难1打5因为容易被秒，基本两个前排互抗拆火，就已经很恶心了。蒙多这种肉的池子干净的呀，把把都是专武局。,又在这种论调，这里面坦克的好东西已经不少了，你觉得玩的难受无非就是队友只有你一个前排，想轻松1抗5这哪有那么容易，输出位胡了也很难1打5因为容易被秒，基本两个前排互抗拆火，就已经很恶心了。蒙多这种肉的池子干净的呀，把把都是专武局。,migrated_from_legacy_clean
BILI_0059,Bili,59,w1,balance_mechanic,op_context,,设计师最破防的一集，疯狂加强海斗坦克，整体胜率却越来越低！,设计师最破防的一集，疯狂加强海斗坦克，整体胜率却越来越低！,migrated_from_legacy_clean
BILI_0060,Bili,60,w1,balance_mechanic,recent_reply,,没真金白银十年很难说出这种理解来。数据不会骗人，并且你的理论有很多错误，叠角龙就算不拿又怎么样，这个海克斯单挂就很厉害了，加上你所说的一系列所谓缺点，胜率还是达到了56，不要再误导大众。胜率做到比我高了再来做视频。,没真金白银十年很难说出这种理解来。数据不会骗人，并且你的理论有很多错误，叠角龙就算不拿又怎么样，这个海克斯单挂就很厉害了，加上你所说的一系列所谓缺点，胜率还是达到了56，不要再误导大众。胜率做到比我高了再来做视频。,migrated_from_legacy_clean
BILI_0061,Bili,61,w1,balance_mechanic,recent_reply,,别刻板印象ap女枪弱了，现在拖女枪胜率后腿的是ad女枪，大数据都明明白白告诉你出ap好赢,别刻板印象ap女枪弱了，现在拖女枪胜率后腿的是ad女枪，大数据都明明白白告诉你出ap好赢,migrated_from_legacy_clean
BILI_0062,Bili,62,w1,hero_experience,recent_reply,,AP女枪还是可以玩玩，队友没AP选出来玩没问题，就是打肉确实难，要海克斯很糊。,AP女枪还是可以玩玩，队友没AP选出来玩没问题，就是打肉确实难，要海克斯很糊。,migrated_from_legacy_clean
BILI_0063,Bili,63,w1,team_interaction,recent_reply,,成流量俘虏了，视频只有引战带节奏，娱乐性都没了，看的人头大,成流量俘虏了，视频只有引战带节奏，娱乐性都没了，看的人头大,migrated_from_legacy_clean
BILI_0064,Bili,64,w1,balance_mechanic,recent_reply,,升级狂妄就是所有战士刺客保三争二一的海克斯,升级狂妄就是所有战士刺客保三争二一的海克斯,migrated_from_legacy_clean
BILI_0065,Bili,65,w1,balance_mechanic,recent_reply,,坦克之前还能靠自身数值玩一玩，现在丢子各个跑得飞快，还一堆打百分比的，现在玩坦克有点静水监狱那味了,坦克之前还能靠自身数值玩一玩，现在丢子各个跑得飞快，还一堆打百分比的，现在玩坦克有点静水监狱那味了,migrated_from_legacy_clean
BILI_0066,Bili,66,w1,balance_mechanic,recent_reply,,现在池子乱成这样你就玩吧 把把奥恩开局给我来升级无尽 纯恶心人 本来坦克就弱 debuff就多 还刷不到牌 纯恶心人,现在池子乱成这样你就玩吧 把把奥恩开局给我来升级无尽 纯恶心人 本来坦克就弱 debuff就多 还刷不到牌 纯恶心人,migrated_from_legacy_clean
BILI_0067,Bili,67,w1,balance_mechanic,op_context,,为什么说升级狂妄是陷阱；简介用心了,为什么说升级狂妄是陷阱；简介用心了,migrated_from_legacy_clean
BILI_0068,Bili,68,w1,balance_mechanic,recent_reply,,死标题党，我还以为干嘛了，你是害怕没控制的选了会多出几个叠角龙的羁绊污染你海克斯池，我还以为干嘛不能选[疑惑],死标题党，我还以为干嘛了，你是害怕没控制的选了会多出几个叠角龙的羁绊污染你海克斯池，我还以为干嘛不能选[疑惑],migrated_from_legacy_clean
BILI_0069,Bili,69,w1,balance_mechanic,recent_reply,,自己放个神人虚空裂隙和属性叠属性出来，问坦克为什么玩不爽，坦克扛不住虚空裂隙，开团死了又捡不到锻造器，巫妖王玩法全在鼓励当丢子，你说为什么丢子多,自己放个神人虚空裂隙和属性叠属性出来，问坦克为什么玩不爽，坦克扛不住虚空裂隙，开团死了又捡不到锻造器，巫妖王玩法全在鼓励当丢子，你说为什么丢子多,migrated_from_legacy_clean
BILI_0070,Bili,70,w2,team_interaction,recent_reply,,个人经历，单排是真的牢中牢，英雄牢、海克斯牢、队友牢，连败不停。组队的话队友都是自己熟悉的能互相兜底，海克斯也非常胡。,个人经历，单排是真的牢中牢，英雄牢、海克斯牢、队友牢，连败不停。组队的话队友都是自己熟悉的能互相兜底，海克斯也非常胡。,migrated_from_legacy_clean
BILI_0071,Bili,71,w2,team_interaction,op_context,,千万不要单排海克斯！！！！！！如果你还在单排海克斯可以看评论区置顶小群一起玩！！！千万不要单排大乱斗！！！可怜主播的朋友们可以关注三连一下哦~,千万不要单排海克斯！！！！！！如果你还在单排海克斯可以看评论区置顶小群一起玩！！！千万不要单排大乱斗！！！可怜主播的朋友们可以关注三连一下哦~,migrated_from_legacy_clean
BILI_0072,Bili,72,w2,balance_mechanic,recent_reply,,其实没必要在意那些羁绊，毕竟提升都不太大，尽量选这适配英雄的海克斯，骰子羁绊除外,其实没必要在意那些羁绊，毕竟提升都不太大，尽量选这适配英雄的海克斯，骰子羁绊除外,migrated_from_legacy_clean
BILI_0073,Bili,73,w1,team_interaction,recent_reply,,小火龙，塞纳，提莫，猫咪，炸弹人，今天遇到一把ap巨魔扔柱子加猫咪的，一点不想打。想投降也不投，他们四个人开黑的。,小火龙，塞纳，提莫，猫咪，炸弹人，今天遇到一把ap巨魔扔柱子加猫咪的，一点不想打。想投降也不投，他们四个人开黑的。,migrated_from_legacy_clean
BILI_0074,Bili,74,w1,team_interaction,recent_reply,,这把看阵容都想秒了，幸亏几个后排队友虽然英雄垃圾但是开团秒跟,这把看阵容都想秒了，幸亏几个后排队友虽然英雄垃圾但是开团秒跟,migrated_from_legacy_clean
BILI_0075,Bili,75,w1,team_interaction,recent_reply,,看到池子里有提莫豹女巴德这种我都是秒选的，卡到最后一秒再选别的，我宁愿抢不到我想玩的英雄我也不冒队友玩这些死冯英雄的风险,看到池子里有提莫豹女巴德这种我都是秒选的，卡到最后一秒再选别的，我宁愿抢不到我想玩的英雄我也不冒队友玩这些死冯英雄的风险,migrated_from_legacy_clean
BILI_0076,Bili,76,w2,balance_mechanic,recent_reply,,普通乱斗用阵容限制胜率，海克斯用阵容加海克斯限制胜率，现在又多个通行证，死都不让你赢了说是，50％控制的死死地，你家永远是炸弹人泽拉斯轮子妈。对面开局回归基本功船长瑞兹，小丑瑞文。,普通乱斗用阵容限制胜率，海克斯用阵容加海克斯限制胜率，现在又多个通行证，死都不让你赢了说是，50％控制的死死地，你家永远是炸弹人泽拉斯轮子妈。对面开局回归基本功船长瑞兹，小丑瑞文。,migrated_from_legacy_clean
BILI_0077,Bili,77,w1,team_interaction,recent_reply,,受着，喜欢乱出装当怯战蜥蜴恶心队友，队友点你就受着,受着，喜欢乱出装当怯战蜥蜴恶心队友，队友点你就受着,migrated_from_legacy_clean
BILI_0078,Bili,78,w1,balance_mechanic,recent_reply,,出装还是小事，最离谱的有些人左右脑胡博，玩ap卡莎，海克斯拿双刀流；拿个量子计算不敢雪球突脸，拿了坦克引擎又拿自爆海克斯；只能说还是太有理解了[笑哭],出装还是小事，最离谱的有些人左右脑胡博，玩ap卡莎，海克斯拿双刀流；拿个量子计算不敢雪球突脸，拿了坦克引擎又拿自爆海克斯；只能说还是太有理解了[笑哭],migrated_from_legacy_clean
BILI_0079,Bili,79,w1,balance_mechanic,op_context,,海克斯大乱斗的火爆是否说明人人超模的加法机制才是正道，抗吧热议,海克斯大乱斗的火爆是否说明人人超模的加法机制才是正道，抗吧热议,migrated_from_legacy_clean
BILI_0080,Bili,80,w1,balance_mechanic,recent_reply,,即时游戏，就要有随机性。我操作差，反应慢，就一定赢不了，那我还玩个毛，玩游戏去了。你强，总有比你更强，卷到最后曲高和寡,即时游戏，就要有随机性。我操作差，反应慢，就一定赢不了，那我还玩个毛，玩游戏去了。你强，总有比你更强，卷到最后曲高和寡,migrated_from_legacy_clean
BILI_0081,Bili,81,w1,balance_mechanic,recent_reply,,核心是类似肉鸽的玩法，每局都能有不同的可能性,核心是类似肉鸽的玩法，每局都能有不同的可能性,migrated_from_legacy_clean
BILI_0082,Bili,82,w1,balance_mechanic,recent_reply,,还可以整点活儿，比如“兑子”用自己两个海克斯封印对面某人的一个海克斯，趣味性肯定拉满,还可以整点活儿，比如“兑子”用自己两个海克斯封印对面某人的一个海克斯，趣味性肯定拉满,migrated_from_legacy_clean
BILI_0083,Bili,83,w1,hero_experience,recent_reply,,酸辣粉还低等吗？出个冰杖，三个小技能拉克丝有什么区别，一个直线控制的，一个圆型打伤害的，一个给队友套盾的，已经是软辅里面最像法师的了,酸辣粉还低等吗？出个冰杖，三个小技能拉克丝有什么区别，一个直线控制的，一个圆型打伤害的，一个给队友套盾的，已经是软辅里面最像法师的了,migrated_from_legacy_clean
BILI_0084,Bili,84,w2,balance_mechanic,recent_reply,,去看看炉石传说，通行证人家可以4个英雄选一个，没花钱只能2选1。这种逆天的破坏平衡方式都不影响游戏。游戏里面拼的还是技术和运气，赢不赢和你的通行证没关系，只能说提升一下游戏体验,去看看炉石传说，通行证人家可以4个英雄选一个，没花钱只能2选1。这种逆天的破坏平衡方式都不影响游戏。游戏里面拼的还是技术和运气，赢不赢和你的通行证没关系，只能说提升一下游戏体验,migrated_from_legacy_clean
BILI_0085,Bili,85,w1,balance_mechanic,recent_reply,,我那把队友的男枪，第一个海克斯一板一眼，直接出了狂妄收集者大穿，后面也没拿到亮剑，神装一点攻速没有，最后还问了一句一板一眼是不是削了，这能崩住的真是人物,我那把队友的男枪，第一个海克斯一板一眼，直接出了狂妄收集者大穿，后面也没拿到亮剑，神装一点攻速没有，最后还问了一句一板一眼是不是削了，这能崩住的真是人物,migrated_from_legacy_clean
BILI_0086,Bili,86,w1,team_interaction,recent_reply,,海斗一共就三个组成部分，英雄海克斯装备，你海克斯拿对了瞎出装备，根本发挥不出海克斯的优点，然后被对面抽陀螺，队友善意提醒你你还不乐意，那我只能说这种抖m还是去应聘一下人形沙袋吧，那个劲大会更爽,海斗一共就三个组成部分，英雄海克斯装备，你海克斯拿对了瞎出装备，根本发挥不出海克斯的优点，然后被对面抽陀螺，队友善意提醒你你还不乐意，那我只能说这种抖m还是去应聘一下人形沙袋吧，那个劲大会更爽,migrated_from_legacy_clean
BILI_0087,Bili,87,w1,team_interaction,recent_reply,,就怕出装警察自己不会玩还瞎点，真的没空给他打字解释,就怕出装警察自己不会玩还瞎点，真的没空给他打字解释,migrated_from_legacy_clean
BILI_0088,Bili,88,w1,team_interaction,recent_reply,,我想赢，队友瞎出装，我还被喷出装警察。我不想赢，我瞎出装，队友又点我装备。真难侍候呢,我想赢，队友瞎出装，我还被喷出装警察。我不想赢，我瞎出装，队友又点我装备。真难侍候呢,migrated_from_legacy_clean
BILI_0089,Bili,89,w1,balance_mechanic,op_context,,贴吧热议都玩海克斯大乱斗了还惦记胜率干什么？,贴吧热议都玩海克斯大乱斗了还惦记胜率干什么？,migrated_from_legacy_clean
BILI_0090,Bili,90,w1,balance_mechanic,recent_reply,,狂妄并非只有刺客能出，亚恒剑魔这种，控虽然不如个别一身控制的坦克多后续补个扇巴掌真的猛的要命。还是那句话，如果有吸血习性，裁决使，质变棱彩这种何必选升级狂妄。,狂妄并非只有刺客能出，亚恒剑魔这种，控虽然不如个别一身控制的坦克多后续补个扇巴掌真的猛的要命。还是那句话，如果有吸血习性，裁决使，质变棱彩这种何必选升级狂妄。,migrated_from_legacy_clean
BILI_0091,Bili,91,w1,balance_mechanic,recent_reply,,不是升级狂妄恶心，是羁绊恶心，这个版本整个就恶心,不是升级狂妄恶心，是羁绊恶心，这个版本整个就恶心,migrated_from_legacy_clean
BILI_0092,Bili,92,w1,team_interaction,recent_reply,,视频展现《英雄联盟》海克斯模式下的玩家互怼趣事。主角们疯狂吐槽“毒瘤”阵容：一人狂喜AP女枪“爽飞天”却误伤队友，另人笑称“双刀流吃红烧还是香辣？”双方争执间穿插经典梗——“光速融化弹”“积水秒脆皮”，生动还原电竞圈“嘴臭胜过操作”的欢乐窘态。海克斯玩家速逃！双刀流配香辣才够劲儿，本喵舔屏都能赢你两波~,视频展现《英雄联盟》海克斯模式下的玩家互怼趣事。主角们疯狂吐槽“毒瘤”阵容：一人狂喜AP女枪“爽飞天”却误伤队友，另人笑称“双刀流吃红烧还是香辣？”双方争执间穿插经典梗——“光速融化弹”“积水秒脆皮”，生动还原电竞圈“嘴臭胜过操作”的欢乐窘态。海克斯玩家速逃！双刀流配香辣才够劲儿，本喵舔屏都能赢你两波~,migrated_from_legacy_clean
BILI_0093,Bili,93,w1,balance_mechanic,recent_reply,,我的建议是把不出重伤的锁死在一起，别放来霍霍别人，这样我们就能既不怕队友恶心自己，又能爽玩钢肉和游龙战士了,我的建议是把不出重伤的锁死在一起，别放来霍霍别人，这样我们就能既不怕队友恶心自己，又能爽玩钢肉和游龙战士了,migrated_from_legacy_clean
BILI_0094,Bili,94,w1,balance_mechanic,op_context,,标题：海克斯乱斗心理学之为什么你的队友不出重伤；简介：AI...它真的....太好用了,标题：海克斯乱斗心理学之为什么你的队友不出重伤；简介：AI...它真的....太好用了,migrated_from_legacy_clean
BILI_0095,Bili,95,w1,hero_experience,recent_reply,,女枪我一般都是走AD的，除非开局给个超凡邪恶,女枪我一般都是走AD的，除非开局给个超凡邪恶,migrated_from_legacy_clean
BILI_0096,Bili,96,w1,balance_mechanic,recent_reply,,扫码设计师怎么想出爆破手这个扫码海克斯的,扫码设计师怎么想出爆破手这个扫码海克斯的,migrated_from_legacy_clean
BILI_0097,Bili,97,w1,team_interaction,recent_reply,,我号单人匹配遇到的，大部分路人都会出重伤。比如你连胜后开始连跪的局，或者30min以上的局，就会遇到讲了一次仍然不出的人，这种就没必要打字沟通了，这局游戏接下来你该考虑是照顾自己的游戏体验，然后怎么恶心这个人，输出位一定要爆爽了，就整收集者影焰狂妄这种狠狠K,我号单人匹配遇到的，大部分路人都会出重伤。比如你连胜后开始连跪的局，或者30min以上的局，就会遇到讲了一次仍然不出的人，这种就没必要打字沟通了，这局游戏接下来你该考虑是照顾自己的游戏体验，然后怎么恶心这个人，输出位一定要爆爽了，就整收集者影焰狂妄这种狠狠K,migrated_from_legacy_clean
BILI_0098,Bili,98,w1,balance_mechanic,recent_reply,,AP女枪是对面四个以上丢子无脑选的，不用看符文，这把对面五个丢子，第一个符文不管啥都直接做AP就对了。,AP女枪是对面四个以上丢子无脑选的，不用看符文，这把对面五个丢子，第一个符文不管啥都直接做AP就对了。,migrated_from_legacy_clean
BILI_0099,Bili,99,w1,balance_mechanic,recent_reply,,那以后出个减益模式，星界躯体-1000血，暗影疾奔用技能减速，一板一眼固定攻速不加攻击力。打到最后成残奥会,那以后出个减益模式，星界躯体-1000血，暗影疾奔用技能减速，一板一眼固定攻速不加攻击力。打到最后成残奥会,migrated_from_legacy_clean
BILI_0100,Bili,100,w1,hero_experience,recent_reply,,玩酸辣粉是对的，这个英雄往上可以出法师，往下可以出辅助，还有开团大招，很好的技能组，就是需要点命中率。相较于那些什么风女？娜美？那些软辅才是用处小的可怜。这提毛还恶人先告状，如果我的队友里有个提莫小火龙，前中期会玩的非常难受，想赢只能靠后期对面装B不拆反一波，我都不知道见了多少把了，一个个爱玩个B小火龙，跟区一样在地上蠕动,玩酸辣粉是对的，这个英雄往上可以出法师，往下可以出辅助，还有开团大招，很好的技能组，就是需要点命中率。相较于那些什么风女？娜美？那些软辅才是用处小的可怜。这提毛还恶人先告状，如果我的队友里有个提莫小火龙，前中期会玩的非常难受，想赢只能靠后期对面装B不拆反一波，我都不知道见了多少把了，一个个爱玩个B小火龙，跟区一样在地上蠕动,migrated_from_legacy_clean
BILI_0101,Bili,101,w2,balance_mechanic,recent_reply,,普通大乱斗拍进去了队友问怎么这把选不了海克斯,普通大乱斗拍进去了队友问怎么这把选不了海克斯,migrated_from_legacy_clean
BILI_0102,Bili,102,w2,balance_mechanic,recent_reply,,前一把打的坑一点，上来就安排了个爽局 海克斯阵容都是完全碾压对面 感觉就是系统故意的,前一把打的坑一点，上来就安排了个爽局 海克斯阵容都是完全碾压对面 感觉就是系统故意的,migrated_from_legacy_clean
BILI_0103,Bili,103,w2,fairness_attribution,recent_reply,,问题是什么，海克斯大乱斗本身他就不公平，举个例子你拿了45678顺子，碰瓷对面王炸可能吗，这不是一次性的，人家是一直出王炸，你只能出顺子，不投等着受窝囊吗？,问题是什么，海克斯大乱斗本身他就不公平，举个例子你拿了45678顺子，碰瓷对面王炸可能吗，这不是一次性的，人家是一直出王炸，你只能出顺子，不投等着受窝囊吗？,migrated_from_legacy_clean
BILI_0104,Bili,104,w2,team_interaction,recent_reply,,反正我海克斯的时候，只要队友点投降，哪怕我糊烂了我也点同意，从不点否,反正我海克斯的时候，只要队友点投降，哪怕我糊烂了我也点同意，从不点否,migrated_from_legacy_clean
BILI_0105,Bili,105,w2,balance_mechanic,recent_reply,,我只希望这游戏赶紧把收集者这装备删了，我现在打大乱斗评论每局能遇到两个无脑收集者的队友，跟着坐牢太恶心了,我只希望这游戏赶紧把收集者这装备删了，我现在打大乱斗评论每局能遇到两个无脑收集者的队友，跟着坐牢太恶心了,migrated_from_legacy_clean
BILI_0106,Bili,106,w2,balance_mechanic,recent_reply,,1. 羁绊随你自己！你想凑就凑，不凑随意！ 2. 海克斯通行证玩得多迟早全部解锁！ 3. 本来就是靠运气天胡 4. 坦克英雄飞身踢不爽吗？现在对面有飞身踢，绝不往后拖,1. 羁绊随你自己！你想凑就凑，不凑随意！ 2. 海克斯通行证玩得多迟早全部解锁！ 3. 本来就是靠运气天胡 4. 坦克英雄飞身踢不爽吗？现在对面有飞身踢，绝不往后拖,migrated_from_legacy_clean
BILI_0107,Bili,107,w2,balance_mechanic,recent_reply,,云顶刷到合适不合适的海克斯还能改阵容，你大乱斗6个海克斯没一个适配的，你就是玩不了，要不你就改成坦克池海克斯，射手海克斯池,云顶刷到合适不合适的海克斯还能改阵容，你大乱斗6个海克斯没一个适配的，你就是玩不了，要不你就改成坦克池海克斯，射手海克斯池,migrated_from_legacy_clean
BILI_0108,Bili,108,w2,balance_mechanic,recent_reply,,原因就是丢子适配的海克斯太多了。坦克来来回回就那么2个。遇到丢子哪怕赢了也是玩的恶心,原因就是丢子适配的海克斯太多了。坦克来来回回就那么2个。遇到丢子哪怕赢了也是玩的恶心,migrated_from_legacy_clean
BILI_0109,Bili,109,w2,hero_experience,op_context,,海斗变味了？4 个体验变差的原因，最后一个是大部分玩家的痛,海斗变味了？4 个体验变差的原因，最后一个是大部分玩家的痛,migrated_from_legacy_clean
BILI_0110,Bili,110,w2,balance_mechanic,recent_reply,,海克斯凑羁绊之后又全是丢子了，新加的海克斯90%都是丢子比近战适配更高。羁绊海克斯新幻神 时光老头，拿到魔法师羁绊，近战可以不用玩了。,海克斯凑羁绊之后又全是丢子了，新加的海克斯90%都是丢子比近战适配更高。羁绊海克斯新幻神 时光老头，拿到魔法师羁绊，近战可以不用玩了。,migrated_from_legacy_clean
BILI_0111,Bili,111,w2,balance_mechanic,op_context,,海克斯大乱斗上线后为什么有很多玩家又回归普通大乱斗？,海克斯大乱斗上线后为什么有很多玩家又回归普通大乱斗？,migrated_from_legacy_clean
BILI_0112,Bili,112,w2,balance_mechanic,recent_reply,,评论区一堆神人真给我整笑了，永远是对面领先自己，那有没有可能，你的队友和你也会领先对面呢？那时候你会留300块不用吗？最好笑的是在高手手里这个影响很大，推荐你去看一个主播，以前blg左手的替补阿黑路西，现在叫小胡，去看看他韩服乱杀的视频，再看看他这几天玩海斗的视频。影响平衡吗？影响。至于有多影响，只能说越dinner的人影响越大,评论区一堆神人真给我整笑了，永远是对面领先自己，那有没有可能，你的队友和你也会领先对面呢？那时候你会留300块不用吗？最好笑的是在高手手里这个影响很大，推荐你去看一个主播，以前blg左手的替补阿黑路西，现在叫小胡，去看看他韩服乱杀的视频，再看看他这几天玩海斗的视频。影响平衡吗？影响。至于有多影响，只能说越dinner的人影响越大,migrated_from_legacy_clean
BILI_0113,Bili,113,w2,balance_mechanic,op_context,,新版海克斯大乱斗烂完了？游戏策划锐评海斗抽象更新！设计师，还我海斗！上期视频说海斗好玩，结果更新完就打脸了！拳头直接拉了一波大的！设计师还我海斗！,新版海克斯大乱斗烂完了？游戏策划锐评海斗抽象更新！设计师，还我海斗！上期视频说海斗好玩，结果更新完就打脸了！拳头直接拉了一波大的！设计师还我海斗！,migrated_from_legacy_clean
BILI_0114,Bili,114,w2,hero_experience,recent_reply,,从海克斯大乱斗出来到现在唯一一把玩的普通大乱斗是点错了,从海克斯大乱斗出来到现在唯一一把玩的普通大乱斗是点错了,migrated_from_legacy_clean
BILI_0115,Bili,115,w2,balance_mechanic,recent_reply,,海克斯大乱斗真的凉了，我今早四点多排，居然排了十几秒才排到,海克斯大乱斗真的凉了，我今早四点多排，居然排了十几秒才排到,migrated_from_legacy_clean
BILI_0116,Bili,116,w2,balance_mechanic,recent_reply,,本质赌博游戏，开始玩的爽，玩多了系统开始宰猪，随垃圾英雄，随垃圾海克斯，固定流程,本质赌博游戏，开始玩的爽，玩多了系统开始宰猪，随垃圾英雄，随垃圾海克斯，固定流程,migrated_from_legacy_clean
BILI_0117,Bili,117,w2,team_interaction,recent_reply,,因为只是玩游戏的。没人陪你自我感动上演坐牢二十分钟逆风翻盘的对局，影响心情。,因为只是玩游戏的。没人陪你自我感动上演坐牢二十分钟逆风翻盘的对局，影响心情。,migrated_from_legacy_clean
BILI_0118,Bili,118,w2,team_interaction,recent_reply,,对面一直虐泉不推，队友还不点，这种我真是理解不了一点,对面一直虐泉不推，队友还不点，这种我真是理解不了一点,migrated_from_legacy_clean
BILI_0119,Bili,119,w2,team_interaction,recent_reply,,这种被虐泉还不点的队友，比对面还恶心，其实你只要不参团不清线，在他们旁边看戏，反正他们也打不过对面，要不了多久水晶就被小兵推了，大乱斗兵线刷新很快的,这种被虐泉还不点的队友，比对面还恶心，其实你只要不参团不清线，在他们旁边看戏，反正他们也打不过对面，要不了多久水晶就被小兵推了，大乱斗兵线刷新很快的,migrated_from_legacy_clean
BILI_0120,Bili,120,w2,team_interaction,recent_reply,,大乱斗玩多了就知道了，开局就能预测到结果。而且有些人并不是全能的，玩某些英雄很捞，你不要以为队友能扶起来，他每一波团战都在混，你c不起来就赶紧点了。,大乱斗玩多了就知道了，开局就能预测到结果。而且有些人并不是全能的，玩某些英雄很捞，你不要以为队友能扶起来，他每一波团战都在混，你c不起来就赶紧点了。,migrated_from_legacy_clean
NGA_0001,NGA,1,w1,balance_mechanic,recent_reply,2026-03-30 23:45,海克斯大乱斗最弱智的就是为了叠什么然后选个钢化你心，然后你妈的为了钢化你心又出个心之钢。说真的，你选就选了，让个金，还要让3000的经济去出个八成打完一整把都不一定能做完任务的心之钢。编辑：2个提醒12赞，看来红叉区这么干的人不少啊。我猜你一定是那种为了凑叠角龙羁绊，战士法师选个踢踏舞的小天才。,海克斯大乱斗最弱智的就是为了叠什么然后选个钢化你心，然后你妈的为了钢化你心又出个心之钢。说真的，你选就选了，让个金，还要让3000的经济去出个八成打完一整把都不一定能做完任务的心之钢。编辑：2个提醒12赞，看来红叉区这么干的人不少啊。我猜你一定是那种为了凑叠角龙羁绊，战士法师选个踢踏舞的小天才。,migrated_from_legacy_clean
NGA_0002,NGA,2,w1,hero_experience,op_context,2026-03-30 22:17,楼主比较喜欢莉莉娅这个英雄，所以会拿来打rank，大乱斗也打到29场76%胜率，自认为玩的也还行，但是海斗我拿到这个英雄基本上都是蛆虫，虽然看数据莉莉娅都60%胜率去了，没有辣油扛不住还没伤害，就算赢了也是混子，海克斯适配也很少有能c的局，反而拿到人马有几个适配海克斯凑合用就能c起来了，想问问莉莉娅海斗到底怎么玩，出什么，我自己是火炬面具峡谷法穿棒补金身帽子女妖，不出鞋子冰杖这些,楼主比较喜欢莉莉娅这个英雄，所以会拿来打rank，大乱斗也打到29场76%胜率，自认为玩的也还行，但是海斗我拿到这个英雄基本上都是蛆虫，虽然看数据莉莉娅都60%胜率去了，没有辣油扛不住还没伤害，就算赢了也是混子，海克斯适配也很少有能c的局，反而拿到人马有几个适配海克斯凑合用就能c起来了，想问问莉莉娅海斗到底怎么玩，出什么，我自己是火炬面具峡谷法穿棒补金身帽子女妖，不出鞋子冰杖这些,migrated_from_legacy_clean
NGA_0003,NGA,3,w1,balance_mechanic,recent_reply,2026-04-01 10:54,真给我典飞了，没毛病你就是那种一眼玩丢子玩的。阵容摇出来，队伍拿完两个前排+两个丢子，你拿个唯一能出物理伤害的然后进去出ap还没问题。你真觉得五丢比没前排好赢？米利欧出ap还没问题，就一个技能火爆飞踢，你还不如去玩ap卢锡安。出辅助装在那混着，还有人会点你？输了也是不粘锅。非得当畜打起来少个人，q中伤害就那么点，q不中就ob。说到底喜欢丢子就是决定不了胜负的，要混还不如混到底。还有转型的，真闹麻了。一般对局也就四五件就结束了，还三件套转型。你从头出ad三件套差不多就该接管比赛了，三件套出完火炬面具穿透，再去补无尽攻速？出了法穿还能不能出大穿我也不知道，这问题太小众了。,真给我典飞了，没毛病你就是那种一眼玩丢子玩的。阵容摇出来，队伍拿完两个前排+两个丢子，你拿个唯一能出物理伤害的然后进去出ap还没问题。你真觉得五丢比没前排好赢？米利欧出ap还没问题，就一个技能火爆飞踢，你还不如去玩ap卢锡安。出辅助装在那混着，还有人会点你？输了也是不粘锅。非得当畜打起来少个人，q中伤害就那么点，q不中就ob。说到底喜欢丢子就是决定不了胜负的，要混还不如混到底。还有转型的，真闹麻了。一般对局也就四五件就结束了，还三件套转型。你从头出ad三件套差不多就该接管比赛了，三件套出完火炬面具穿透，再去补无尽攻速？出了法穿还能不能出大穿我也不知道，这问题太小众了。,migrated_from_legacy_clean
NGA_0004,NGA,4,w1,balance_mechanic,recent_reply,2026-03-31 12:43,丢子就是学走位，练预判，找破绽，抓失误，需要考虑技能是清兵还是打人。玩前排只管向前冲粘着后排抗伤害搅混水，稍微有点含金量的就是雪球命中，相比之下谁更无脑？我不否认前排的作用，但你说丢子无聊我只能说你不会玩丢子，你玩的丢子就只管CD好了就扔，打没打到人都无所谓，那确实很无聊。,丢子就是学走位，练预判，找破绽，抓失误，需要考虑技能是清兵还是打人。玩前排只管向前冲粘着后排抗伤害搅混水，稍微有点含金量的就是雪球命中，相比之下谁更无脑？我不否认前排的作用，但你说丢子无聊我只能说你不会玩丢子，你玩的丢子就只管CD好了就扔，打没打到人都无所谓，那确实很无聊。,migrated_from_legacy_clean
NGA_0005,NGA,5,w1,team_interaction,recent_reply,2026-04-01 11:26,我没见过ap米利欧？真给你幽默完了你出ap我不看伤害看什么，要看功能性不会出辅助装？你出ap装一把六神下来多少cd？全部技能服务一个踢皮球，你什么绝活哥q技能这么好中？ ad前期缩塔捡人头有什么问题？你倒是告诉我你怎么转型，卖装备不要钱？转型穿透你出法穿还是物穿？你把把红包雨？卡莎我算你还有黄昏和纳什魔切，卢登完转三进化，老鼠混伤怎么做？ 收收你的神通吧，真法师绝活哥估摸着在中路上分呢，大乱斗丢子还不混呢 坦克能开团，刺客能秒c，全都为战士ad提供环境收割，你丢子能干嘛？摸奖，混输出，站的比谁都后面，看到团不过就开始往家里跑。 搞搞清楚，不是不喜欢丢子所以说丢子混，是丢子混所以不喜欢丢子。你要是玩球女狐狸打团能控到对面ad一套带走，黄鸡维克托能收割战场，毛笔人火男团战技能爆炸伤害，这种我都不会说是丢子，开团盯着你开叫尊重。打个团只会站后面，闪现不是逃跑就是k头，技能只能打到上来冲你的前排还以为自己老有操作了，这叫丢子。这种人就是我牛头一个二连起来直接接ctrl3给你敲丧钟,我没见过ap米利欧？真给你幽默完了你出ap我不看伤害看什么，要看功能性不会出辅助装？你出ap装一把六神下来多少cd？全部技能服务一个踢皮球，你什么绝活哥q技能这么好中？ ad前期缩塔捡人头有什么问题？你倒是告诉我你怎么转型，卖装备不要钱？转型穿透你出法穿还是物穿？你把把红包雨？卡莎我算你还有黄昏和纳什魔切，卢登完转三进化，老鼠混伤怎么做？ 收收你的神通吧，真法师绝活哥估摸着在中路上分呢，大乱斗丢子还不混呢 坦克能开团，刺客能秒c，全都为战士ad提供环境收割，你丢子能干嘛？摸奖，混输出，站的比谁都后面，看到团不过就开始往家里跑。 搞搞清楚，不是不喜欢丢子所以说丢子混，是丢子混所以不喜欢丢子。你要是玩球女狐狸打团能控到对面ad一套带走，黄鸡维克托能收割战场，毛笔人火男团战技能爆炸伤害，这种我都不会说是丢子，开团盯着你开叫尊重。打个团只会站后面，闪现不是逃跑就是k头，技能只能打到上来冲你的前排还以为自己老有操作了，这叫丢子。这种人就是我牛头一个二连起来直接接ctrl3给你敲丧钟,migrated_from_legacy_clean
NGA_0006,NGA,6,w1,team_interaction,recent_reply,2026-03-31 16:54,丢子为什么现在自带贬义色彩，是因为玩这种东西的，就是体感畜的人多。你可以喷我隐藏分低ICU大乱斗，但我个人看下来就是会有包括但不限于 老鼠卡莎女枪等不看阵容(全队唯一ad/对面大肉没人处理)依旧出ap 四五个大件死活不掏大法穿 残疫爱好者 选个软辅出卢登 以为能c不做冰杖重伤 喜欢玩拉克丝豹女 海克斯还喜欢选由心及物，没事出两件蓝量装搞不好再带个大天使 沟槽的wegame评分伤害低承伤低蹭局势死的少然后盗mvpsvp 你要真是法师糕手天天拿大核下能兜底打输出上能找机会秒ad开团，那也没必要把自己划进春绿丢子一类 玩个丢子还给自己优越起来了？坦克要抓机会开团或者看阵容保后排反手，牺牲自己游戏体验来弥补团队短板提高团队胜率；战士刺客要看进场时机，什么时候该打一套拉开什么时候allin，操作要细不然伤害不一定够；adc更是被针对也是输出核心，就算被开指不定还能靠吸血拉扯继续输出。大家都在是在刀尖上操作的人，你丢子是个什么东西？预判中技能和走位躲技能也叫操作的话什么英雄不要操作？互丢局我还算你热血沸腾的对局，有前排的局不就是躲在前排后面丢对面？除了几个真能当英雄的法师，丢子就是前期上点压力，后期老实做功能性蹭局势。 看你那发言，丢子清兵还要考虑？兵线进塔就是丢子不干事。玩的那几个英雄也就木木泰坦能开团，也都是假坦克出全肉也脆的要死。你这种人我以前也碰到过两个，不看阵容只玩丢子，被冲脸杀了就说煞笔英雄纯靠数值一点操作都不需要，结果自己去玩轻装战士玩的像屎进去就死。 膈应心之钢是对的，无脑心之钢就是蠢。但是亚索胜率第11,丢子为什么现在自带贬义色彩，是因为玩这种东西的，就是体感畜的人多。你可以喷我隐藏分低ICU大乱斗，但我个人看下来就是会有包括但不限于 老鼠卡莎女枪等不看阵容(全队唯一ad/对面大肉没人处理)依旧出ap 四五个大件死活不掏大法穿 残疫爱好者 选个软辅出卢登 以为能c不做冰杖重伤 喜欢玩拉克丝豹女 海克斯还喜欢选由心及物，没事出两件蓝量装搞不好再带个大天使 沟槽的wegame评分伤害低承伤低蹭局势死的少然后盗mvpsvp 你要真是法师糕手天天拿大核下能兜底打输出上能找机会秒ad开团，那也没必要把自己划进春绿丢子一类 玩个丢子还给自己优越起来了？坦克要抓机会开团或者看阵容保后排反手，牺牲自己游戏体验来弥补团队短板提高团队胜率；战士刺客要看进场时机，什么时候该打一套拉开什么时候allin，操作要细不然伤害不一定够；adc更是被针对也是输出核心，就算被开指不定还能靠吸血拉扯继续输出。大家都在是在刀尖上操作的人，你丢子是个什么东西？预判中技能和走位躲技能也叫操作的话什么英雄不要操作？互丢局我还算你热血沸腾的对局，有前排的局不就是躲在前排后面丢对面？除了几个真能当英雄的法师，丢子就是前期上点压力，后期老实做功能性蹭局势。 看你那发言，丢子清兵还要考虑？兵线进塔就是丢子不干事。玩的那几个英雄也就木木泰坦能开团，也都是假坦克出全肉也脆的要死。你这种人我以前也碰到过两个，不看阵容只玩丢子，被冲脸杀了就说煞笔英雄纯靠数值一点操作都不需要，结果自己去玩轻装战士玩的像屎进去就死。 膈应心之钢是对的，无脑心之钢就是蠢。但是亚索胜率第11,migrated_from_legacy_clean
NGA_0007,NGA,7,w1,balance_mechanic,op_context,2026-03-31 11:40,大部分对局全是丢子在那隔着屏幕互相丢，不加入吧基本游戏体验还不如挂机，加入吧，又实在是觉得毫无交互体验，丢子能玩的海克斯太多了。我感觉很多丢子玩家对近战玩家的恶意来源于那些无脑钢，乱冲的近战导致游戏体验不好，但是前排尽职尽责挨打抗伤害的时候碰到那些瞎丢瞎玩的后排时又找谁说理去呢是吧。我想体验一下新龙女的肉搏能力，选了10把，只有1把对面有个曙光，其余全是法师ad刺客，真给我打得人麻了。现在只有js能带来愉悦，如果再来个裁决使将会是绝杀。,大部分对局全是丢子在那隔着屏幕互相丢，不加入吧基本游戏体验还不如挂机，加入吧，又实在是觉得毫无交互体验，丢子能玩的海克斯太多了。我感觉很多丢子玩家对近战玩家的恶意来源于那些无脑钢，乱冲的近战导致游戏体验不好，但是前排尽职尽责挨打抗伤害的时候碰到那些瞎丢瞎玩的后排时又找谁说理去呢是吧。我想体验一下新龙女的肉搏能力，选了10把，只有1把对面有个曙光，其余全是法师ad刺客，真给我打得人麻了。现在只有js能带来愉悦，如果再来个裁决使将会是绝杀。,migrated_from_legacy_clean
NGA_0008,NGA,8,w1,balance_mechanic,recent_reply,2026-03-31 11:25,现在怒气增长吃终极技能急速，残疫、钢壁甚至猎魔人都能增加怒气获取，但偏偏不吃技能急速，公理圆弧效果也不能直接涨一截怒气。不清楚会不会吃全凭身法，但应该会吃“终极唤醒”和“和我一起困在这里”加的终极技能急速。但我觉得最胡的应该是三面包彩蛋了，直接250终极技能急速。,现在怒气增长吃终极技能急速，残疫、钢壁甚至猎魔人都能增加怒气获取，但偏偏不吃技能急速，公理圆弧效果也不能直接涨一截怒气。不清楚会不会吃全凭身法，但应该会吃“终极唤醒”和“和我一起困在这里”加的终极技能急速。但我觉得最胡的应该是三面包彩蛋了，直接250终极技能急速。,migrated_from_legacy_clean
NGA_0009,NGA,9,w1,balance_mechanic,op_context,2026-03-30 17:26,打了把挺胡的，但是问题是一波团打完，推不平对面的话，等对面复活是绝对没怒开大的，导致就是回合制，最后输掉游戏。讲道理我这把23分钟26w伤害已经很尽力了,打了把挺胡的，但是问题是一波团打完，推不平对面的话，等对面复活是绝对没怒开大的，导致就是回合制，最后输掉游戏。讲道理我这把23分钟26w伤害已经很尽力了,migrated_from_legacy_clean
NGA_0010,NGA,10,w1,hero_experience,recent_reply,2026-03-31 00:12,打陀螺主Q，打丢子主E，火炬影焰法穿鞋公式三件，辣椒油或者坦克多补双烧，前排多再出峡谷游龙。池子太好了有点莉莉娅基础的很容易游龙，近可抽近战陀螺、远可恶心丢子，稍微来点熟练度就是没有缺点的AP，很难防莉莉娅进场。,打陀螺主Q，打丢子主E，火炬影焰法穿鞋公式三件，辣椒油或者坦克多补双烧，前排多再出峡谷游龙。池子太好了有点莉莉娅基础的很容易游龙，近可抽近战陀螺、远可恶心丢子，稍微来点熟练度就是没有缺点的AP，很难防莉莉娅进场。,migrated_from_legacy_clean
NGA_0011,NGA,11,w1,balance_mechanic,recent_reply,2026-03-31 08:42,把不出鞋的毛病改了就行，前期有鞋没鞋就是遛狗和被遛的区别。对面控少法穿鞋，控多魔抗鞋。比买大件省的钱拿去锻体就行。经济一样的经济出一个大件和魔抗鞋+2次锻体差不多。莉莉娅池子比较干净是一方面，通用海克斯都能消化是另一优势。平A短手不像狐狸一样一堆射手海克斯。肉海克斯也有用。,把不出鞋的毛病改了就行，前期有鞋没鞋就是遛狗和被遛的区别。对面控少法穿鞋，控多魔抗鞋。比买大件省的钱拿去锻体就行。经济一样的经济出一个大件和魔抗鞋+2次锻体差不多。莉莉娅池子比较干净是一方面，通用海克斯都能消化是另一优势。平A短手不像狐狸一样一堆射手海克斯。肉海克斯也有用。,migrated_from_legacy_clean
NGA_0012,NGA,12,w1,balance_mechanic,recent_reply,2026-03-29 07:00,拿到一把蛇女虚空裂隙+吸血习性+冰寒，队友还有个炼金，团一打起来两大摊缚地给地上铺满，然后我q都懒得按eeeeeeee对面被虚空裂隙+冰寒减速走又走不动位移又交不出来，大招看哪里人多往哪按都不管能不能晕住把裂隙触发出来了就行。感觉往键盘上撒把米放只鸡来啄都能打赢,拿到一把蛇女虚空裂隙+吸血习性+冰寒，队友还有个炼金，团一打起来两大摊缚地给地上铺满，然后我q都懒得按eeeeeeee对面被虚空裂隙+冰寒减速走又走不动位移又交不出来，大招看哪里人多往哪按都不管能不能晕住把裂隙触发出来了就行。感觉往键盘上撒把米放只鸡来啄都能打赢,migrated_from_legacy_clean
NGA_0013,NGA,13,w1,balance_mechanic,recent_reply,2026-03-27 01:17,今天刚打一把，对面酸辣粉第一个裂隙把我们五个压着打，抗压到第二个海克斯我们卡特也拿到了，直接翻身做主人把对面平推了,今天刚打一把，对面酸辣粉第一个裂隙把我们五个压着打，抗压到第二个海克斯我们卡特也拿到了，直接翻身做主人把对面平推了,migrated_from_legacy_clean
NGA_0014,NGA,14,w1,team_interaction,recent_reply,2026-03-29 18:08,上次碰到一个奥恩，玩一整把玩到接近20分钟了大招一次二段羊都没撞到过(不是被打断，就是他自己二段撞不到)，我问了句：20分钟了还没学会放大？他就说：你这么厉害你带我赢吧然后就挂机去泉水里跳舞了,上次碰到一个奥恩，玩一整把玩到接近20分钟了大招一次二段羊都没撞到过(不是被打断，就是他自己二段撞不到)，我问了句：20分钟了还没学会放大？他就说：你这么厉害你带我赢吧然后就挂机去泉水里跳舞了,migrated_from_legacy_clean
NGA_0015,NGA,15,w1,team_interaction,op_context,2026-03-29 10:52,有一把我们女警打团一点伤害都没有，点开tab看了一眼万瞄飓风的女警。我公屏问了一句哥们你这装备有伤害吗，他就挂机骂我出装警察，娱乐模式还要指指点点，然后说自己无所谓输了就输了。后面我们4打5推到对面水晶他来了一句为什么不投降，看可能要赢了又自己走出来打打团。不清楚这种队友脑回路是什么样的，我也没教他出什么选什么海克斯也没言语骂他，如果这陈述事实也算骂人那我没得说了。虽然输了这把是真的爽，回归基本功巨杀缩小引擎的人马，对面还基本上是战士刺客，玩一把爽一年。,有一把我们女警打团一点伤害都没有，点开tab看了一眼万瞄飓风的女警。我公屏问了一句哥们你这装备有伤害吗，他就挂机骂我出装警察，娱乐模式还要指指点点，然后说自己无所谓输了就输了。后面我们4打5推到对面水晶他来了一句为什么不投降，看可能要赢了又自己走出来打打团。不清楚这种队友脑回路是什么样的，我也没教他出什么选什么海克斯也没言语骂他，如果这陈述事实也算骂人那我没得说了。虽然输了这把是真的爽，回归基本功巨杀缩小引擎的人马，对面还基本上是战士刺客，玩一把爽一年。,migrated_from_legacy_clean
NGA_0016,NGA,16,w1,balance_mechanic,op_context,2026-03-29 13:27,常年单排路人补前排，都是号角眼泪出门。如果队友抽象就开钢自己玩自己的。如果队友靠谱就公式化败魔兰盾，这时候出完两件套对面c位大概率没做穿透，可以爽游龙五分钟。如果对面是收集者ad，我喜欢直接裸个冰心看他打团发呆。如果对面刺客多自己这边偏丢我都考虑做一件肉之后尽量早点做骑士保下c位。心之钢纯纯是自己摆烂才会出的装备。,常年单排路人补前排，都是号角眼泪出门。如果队友抽象就开钢自己玩自己的。如果队友靠谱就公式化败魔兰盾，这时候出完两件套对面c位大概率没做穿透，可以爽游龙五分钟。如果对面是收集者ad，我喜欢直接裸个冰心看他打团发呆。如果对面刺客多自己这边偏丢我都考虑做一件肉之后尽量早点做骑士保下c位。心之钢纯纯是自己摆烂才会出的装备。,migrated_from_legacy_clean
NGA_0017,NGA,17,w1,hero_experience,recent_reply,2026-03-28 16:24,火男看阵容，遇到丢子和刺客时挺拉的。遇到坦克和笨b一点的战士就非常爽。我玩丢子的时候完全不怕火男，但是玩肉看到个火男就很烦,火男看阵容，遇到丢子和刺客时挺拉的。遇到坦克和笨b一点的战士就非常爽。我玩丢子的时候完全不怕火男，但是玩肉看到个火男就很烦,migrated_from_legacy_clean
NGA_0018,NGA,18,w1,hero_experience,recent_reply,2026-03-29 05:34,遥想当年还是神话版本，讯刃还是攻击力。我玩了一把野排卢仙，你想象一下，我的后面一个丁真一个娜美，我的前面一个布隆一个日女，纯纯人型自走炮。我清楚记得对面有个女枪，对面一开大，你懂那种布隆加盾火光四射，五人稳步前进的救赎感吗？那把我杀了52个 500攻击力饮血红药丁真娜美带个布隆被动的卢仙，现在想想都直流水,遥想当年还是神话版本，讯刃还是攻击力。我玩了一把野排卢仙，你想象一下，我的后面一个丁真一个娜美，我的前面一个布隆一个日女，纯纯人型自走炮。我清楚记得对面有个女枪，对面一开大，你懂那种布隆加盾火光四射，五人稳步前进的救赎感吗？那把我杀了52个 500攻击力饮血红药丁真娜美带个布隆被动的卢仙，现在想想都直流水,migrated_from_legacy_clean
NGA_0019,NGA,19,w1,balance_mechanic,recent_reply,2026-03-30 11:26,说实话没啥用，加一起就比循环往复强一点。考虑到还要分三次发给你，循环往复拿到直接就全技能60技能急速，我甚至觉得三个加一起不如循环往复。,说实话没啥用，加一起就比循环往复强一点。考虑到还要分三次发给你，循环往复拿到直接就全技能60技能急速，我甚至觉得三个加一起不如循环往复。,migrated_from_legacy_clean
NGA_0020,NGA,20,w1,balance_mechanic,recent_reply,2026-03-30 10:18,差不多吧，反正炽天使是换不掉，打的太后期了，带炽天使蓝也不够用，这把主要是掷骰羁绊来的早，锻体早，法穿cd啥的锻的多，对面也就一个特别肉，所以还能打动。3个大肉局躺平吧，普通法师等死就可以了，后面玩了把尤里卡+掷骰锻体的火男，对面狗熊蒙多+羊，毫无还手之力。,差不多吧，反正炽天使是换不掉，打的太后期了，带炽天使蓝也不够用，这把主要是掷骰羁绊来的早，锻体早，法穿cd啥的锻的多，对面也就一个特别肉，所以还能打动。3个大肉局躺平吧，普通法师等死就可以了，后面玩了把尤里卡+掷骰锻体的火男，对面狗熊蒙多+羊，毫无还手之力。,migrated_from_legacy_clean
NGA_0021,NGA,21,w1,balance_mechanic,recent_reply,2026-03-29 11:50,匹配机制就导致了一旦你连胜或者连败，要把你近期胜率“拉”回五十接下来就会反向连胜连败，说实话相当脑残,匹配机制就导致了一旦你连胜或者连败，要把你近期胜率“拉”回五十接下来就会反向连胜连败，说实话相当脑残,migrated_from_legacy_clean
NGA_0022,NGA,22,w1,balance_mechanic,recent_reply,2026-03-30 15:21,是的，尤其是单排的时候连胜多了就很容易遇到畜生，选个提莫也没有物转法第一个就出收集者，除了k头其他时间就像在四打五然后队友也不点，硬坐十几分钟牢体验拉满了。如果匹配机制公平就应该把这种提莫和不爱点的人绑死在一起玩一辈子，互相抽象互相快乐,是的，尤其是单排的时候连胜多了就很容易遇到畜生，选个提莫也没有物转法第一个就出收集者，除了k头其他时间就像在四打五然后队友也不点，硬坐十几分钟牢体验拉满了。如果匹配机制公平就应该把这种提莫和不爱点的人绑死在一起玩一辈子，互相抽象互相快乐,migrated_from_legacy_clean
NGA_0023,NGA,23,w1,balance_mechanic,recent_reply,2026-03-29 19:58,主要是你不知道会匹配到什么人和海克斯。我之前一把开局掉线，连回来的时候队友两个天胡哥顶在二塔，两边一塔都掉了。还有前几天一把，3分钟掉一塔，5分钟掉二塔，被人狂越塔杀，完全还不了手，结果对面发癫连送几波给我们反推赢了。,主要是你不知道会匹配到什么人和海克斯。我之前一把开局掉线，连回来的时候队友两个天胡哥顶在二塔，两边一塔都掉了。还有前几天一把，3分钟掉一塔，5分钟掉二塔，被人狂越塔杀，完全还不了手，结果对面发癫连送几波给我们反推赢了。,migrated_from_legacy_clean
NGA_0024,NGA,24,w1,balance_mechanic,op_context,2026-03-29 20:54,但能一队五个人三个人乱出忍不了了。第一个干的是剑圣。在对面开局俩肉进游戏三腰带，自己选接二连三的情况下，第一件掏了个收集者。第二个干的是冰女。你说残疫很关键我能理解，但你第二件出了个时光杖？第三件金身是要防什么，对面这阵容需要你e进去开团吗？最后大虫子也干了。四下雪天能出全肉的啊，但凡黑屏的时候读读描述呢。唯一的ap装是时光杖，怎么又是你，这是什么很超模的装备吗？,但能一队五个人三个人乱出忍不了了。第一个干的是剑圣。在对面开局俩肉进游戏三腰带，自己选接二连三的情况下，第一件掏了个收集者。第二个干的是冰女。你说残疫很关键我能理解，但你第二件出了个时光杖？第三件金身是要防什么，对面这阵容需要你e进去开团吗？最后大虫子也干了。四下雪天能出全肉的啊，但凡黑屏的时候读读描述呢。唯一的ap装是时光杖，怎么又是你，这是什么很超模的装备吗？,migrated_from_legacy_clean
NGA_0025,NGA,25,w1,balance_mechanic,recent_reply,2026-03-30 11:50,如果队友这种出装你还需要出警的话，那我可不可以说你魔抗做得太晚了，对面4个AP伤害+1个半肉AD，你前三件都不出个魔抗，狂徒优先级有那么高么？你有多少机会能脱战？你还怪大虫子出肉和冰女出时光沙漏，这俩如果不出点肉，你没血后撤谁上去拉仇恨抗伤害？,如果队友这种出装你还需要出警的话，那我可不可以说你魔抗做得太晚了，对面4个AP伤害+1个半肉AD，你前三件都不出个魔抗，狂徒优先级有那么高么？你有多少机会能脱战？你还怪大虫子出肉和冰女出时光沙漏，这俩如果不出点肉，你没血后撤谁上去拉仇恨抗伤害？,migrated_from_legacy_clean
NGA_0026,NGA,26,w1,team_interaction,recent_reply,2026-03-30 00:18,昨天有四把脑溢血，一把是被对面当猪杀了最后人头比是十几比六十多，队友就是不投。一把队友抢我五杀，四杀之后对面满血来我面前送给我，然后有个队友就过来给我抢了，我技能放完在慢慢a妖姬过来就是一套丝滑连招给我抢了，然后还亮个表情。一把队友剑魔，出门打了几波团剑魔一个人头没捞到，然后来了句人头你们都拿你们发育起来你们c然后就在后面玩泥巴，不打架不挂机，就挂在后面吃经验吃血包，恶心死我了。最脑溢血的是第八连败，明明能赢的，对面先死一个，然后我们劣势打赢团了，杰斯四杀，我们这边就我死了，剩四个残血，推到基地还剩一半血对面最先死的复活了，然后杰斯带着剩下三个冲泉水要拿五杀，冷知识，一波团最先死的复活又被杀是不算五杀的然后四个人一起送了泉水，然后对面抱团推过来一波带走。最后赢的那把应该算是福利局，对面跟人机一样，一点反抗都没有八分多钟就点了。,昨天有四把脑溢血，一把是被对面当猪杀了最后人头比是十几比六十多，队友就是不投。一把队友抢我五杀，四杀之后对面满血来我面前送给我，然后有个队友就过来给我抢了，我技能放完在慢慢a妖姬过来就是一套丝滑连招给我抢了，然后还亮个表情。一把队友剑魔，出门打了几波团剑魔一个人头没捞到，然后来了句人头你们都拿你们发育起来你们c然后就在后面玩泥巴，不打架不挂机，就挂在后面吃经验吃血包，恶心死我了。最脑溢血的是第八连败，明明能赢的，对面先死一个，然后我们劣势打赢团了，杰斯四杀，我们这边就我死了，剩四个残血，推到基地还剩一半血对面最先死的复活了，然后杰斯带着剩下三个冲泉水要拿五杀，冷知识，一波团最先死的复活又被杀是不算五杀的然后四个人一起送了泉水，然后对面抱团推过来一波带走。最后赢的那把应该算是福利局，对面跟人机一样，一点反抗都没有八分多钟就点了。,migrated_from_legacy_clean
NGA_0027,NGA,27,w1,balance_mechanic,recent_reply,2026-03-30 04:32,我峡谷单排胜率56.7%，DOTA2胜率54.2%，在我自己的分段我觉得怎么也不算菜比了。这海斗一波7连胜干到52%马上一定迎来一波6场以上的连败，输的局队友还一堆M，出门冲拳人马身法小鱼导管火男打3肉这种局都不投，一定要打个20分钟，有时候又能感觉这把系统就是要让你赢，一看对面4AD加个娜美或者3AD一个丁真一个巴德的神人阵容，8分钟跟打人机一样推到家里对面投了，赢了也不爽。神一般的匹配机制。,我峡谷单排胜率56.7%，DOTA2胜率54.2%，在我自己的分段我觉得怎么也不算菜比了。这海斗一波7连胜干到52%马上一定迎来一波6场以上的连败，输的局队友还一堆M，出门冲拳人马身法小鱼导管火男打3肉这种局都不投，一定要打个20分钟，有时候又能感觉这把系统就是要让你赢，一看对面4AD加个娜美或者3AD一个丁真一个巴德的神人阵容，8分钟跟打人机一样推到家里对面投了，赢了也不爽。神一般的匹配机制。,migrated_from_legacy_clean
NGA_0028,NGA,28,w1,balance_mechanic,recent_reply,2026-03-30 18:00,目前450把，55%的胜率，很少有那种一胜一负的局，大部分情况都是赢就连着赢，输就连着输三把以上，想让你赢的时候，我人马开局来最终唤醒，对面八分就点，让你输的时候，进去看选人就知道这把如果海克斯不胡就是八分的局，大乱斗还能有人单排七八十连胜，海斗能二三十都不可思议了，海克斯变数太大，再唐的玩家海克斯胡了也能乱杀,目前450把，55%的胜率，很少有那种一胜一负的局，大部分情况都是赢就连着赢，输就连着输三把以上，想让你赢的时候，我人马开局来最终唤醒，对面八分就点，让你输的时候，进去看选人就知道这把如果海克斯不胡就是八分的局，大乱斗还能有人单排七八十连胜，海斗能二三十都不可思议了，海克斯变数太大，再唐的玩家海克斯胡了也能乱杀,migrated_from_legacy_clean
NGA_0029,NGA,29,w1,balance_mechanic,recent_reply,2026-03-30 06:50,400场55+ 600场剩52 现在800就剩51了 分高的唯一好处就是上票快 阵容是没啥区别的 当狗换来的是队友的研发 从此看开 一起当出生 不胡就点 这模式唯一的好处就是胜率队少 就算有也不当分奴 印象中撞过几次陪玩车 赢了两次 都是对面8分钟平推局不推给机会的 正常大乱斗打100把赢不了对面一把 当然也有挂车 举报过两个都是只封一天,400场55+ 600场剩52 现在800就剩51了 分高的唯一好处就是上票快 阵容是没啥区别的 当狗换来的是队友的研发 从此看开 一起当出生 不胡就点 这模式唯一的好处就是胜率队少 就算有也不当分奴 印象中撞过几次陪玩车 赢了两次 都是对面8分钟平推局不推给机会的 正常大乱斗打100把赢不了对面一把 当然也有挂车 举报过两个都是只封一天,migrated_from_legacy_clean
NGA_0030,NGA,30,w1,balance_mechanic,recent_reply,2026-03-30 00:12,最近几乎都在连败，即使这样也才把胜率拉回50% 只能说海斗elo真的抽象，自家垃圾阵容，垃圾海克斯 对面就是阵容强，海克斯无敌 这模式已经变得开始索然无味了，垃圾局8分不肯点，对面稳定到点跑，赢的局也是碾压那种,最近几乎都在连败，即使这样也才把胜率拉回50% 只能说海斗elo真的抽象，自家垃圾阵容，垃圾海克斯 对面就是阵容强，海克斯无敌 这模式已经变得开始索然无味了，垃圾局8分不肯点，对面稳定到点跑，赢的局也是碾压那种,migrated_from_legacy_clean
NGA_0031,NGA,31,w1,balance_mechanic,recent_reply,2026-03-30 07:16,海斗连跪起来几页几页红，拿分奴英雄都赢不了那种 所以连跪3把立刻换区换号玩。 我自己也是做过各种服务器开发的，猜测匹配数据也是有缓存的， 缓存一过就正常了,海斗连跪起来几页几页红，拿分奴英雄都赢不了那种 所以连跪3把立刻换区换号玩。 我自己也是做过各种服务器开发的，猜测匹配数据也是有缓存的， 缓存一过就正常了,migrated_from_legacy_clean
NGA_0032,NGA,32,w1,balance_mechanic,recent_reply,2026-03-30 16:16,只能说后期对局势影响没那么大，越拖这把和你越没关系，能赢的局一两件就能把对面打投了，拖到后面和刺客没区别，和刺客胜率低的原因是一样的。至于吸蓝刀三项，前期三项比吸蓝刀伤害高又肉一些，前期多骑脸能更多打优势，吸蓝刀有点拖。,只能说后期对局势影响没那么大，越拖这把和你越没关系，能赢的局一两件就能把对面打投了，拖到后面和刺客没区别，和刺客胜率低的原因是一样的。至于吸蓝刀三项，前期三项比吸蓝刀伤害高又肉一些，前期多骑脸能更多打优势，吸蓝刀有点拖。,migrated_from_legacy_clean
NGA_0033,NGA,33,w1,balance_mechanic,op_context,2026-03-30 00:05,两三百场的时候胜率在56左右，然后越来越低，最近一两个星期输麻了，四百场左右还有53胜率，现在每天都是赢两三把输五六把，昨晚更夸张八连败，一直熬到十二点多才断连败，队也越来越逆天，符文发的也越来越脑溢血，气得我直接不想上游戏了 回归均值这一块真是让藤子玩明白了,两三百场的时候胜率在56左右，然后越来越低，最近一两个星期输麻了，四百场左右还有53胜率，现在每天都是赢两三把输五六把，昨晚更夸张八连败，一直熬到十二点多才断连败，队也越来越逆天，符文发的也越来越脑溢血，气得我直接不想上游戏了 回归均值这一块真是让藤子玩明白了,migrated_from_legacy_clean
NGA_0034,NGA,34,w1,hero_experience,recent_reply,2026-03-30 13:52,飞机到底哪里不好C了，我看了下我飞机战绩把C有必拿。我这里也不是挑战大数据胜率，而是很震惊这英雄只要暴击够伤害真夸张，任何给暴击的符文都能用。第一件必裸收集者，收集者前当的蛆出以后基本都硬气回来了，满爆后有很长的强势时间，非要说的话彩色可能没别人契合。至于三相蓝切什么的，看都不看一眼，导弹也就是刷咒刃的工具不是符文核心,飞机到底哪里不好C了，我看了下我飞机战绩把C有必拿。我这里也不是挑战大数据胜率，而是很震惊这英雄只要暴击够伤害真夸张，任何给暴击的符文都能用。第一件必裸收集者，收集者前当的蛆出以后基本都硬气回来了，满爆后有很长的强势时间，非要说的话彩色可能没别人契合。至于三相蓝切什么的，看都不看一眼，导弹也就是刷咒刃的工具不是符文核心,migrated_from_legacy_clean
NGA_0035,NGA,35,w1,hero_experience,recent_reply,2026-03-30 15:36,看了眼自己战绩，感觉自己拿到飞机不说把c也是把爽杀，我感觉玩飞机就一个理念问题，你W怎么交？我是主E副W的加点法，Q又慢伤害不高，我是拿来当耀光触发器的，W从来都是要么横着交被揍的队友方向拦人，要么雪球中对面的人后确定对面控制手没盯着直接开E二段雪球再W向后排或者人最多的位置。 装备第一件除非对面肉、回血怪大于2，必定是收集者，没几个AD有E和W这种每秒多段判定伤害的办法了，这就是和对面AD对撸的底气，收集者秒判定秒杀太强了。另外就是升级无尽了那首选肯定无尽啊。 第二件先跟着挂一件耀光，彩局做大穿，金局做无尽，对面有回血怪就再挂个800减治疗再出别的。 第三件肯定是大穿/无尽，除非对面太肉无尽换破败之类的。 之后暴击不满补c44，暴击满了按需求补防装/饮血。 要说后面不好赢也是真的，杀太多了啊都会被针对 比如输的那局，对面尤里卡提莫，我被单防了,看了眼自己战绩，感觉自己拿到飞机不说把c也是把爽杀，我感觉玩飞机就一个理念问题，你W怎么交？我是主E副W的加点法，Q又慢伤害不高，我是拿来当耀光触发器的，W从来都是要么横着交被揍的队友方向拦人，要么雪球中对面的人后确定对面控制手没盯着直接开E二段雪球再W向后排或者人最多的位置。 装备第一件除非对面肉、回血怪大于2，必定是收集者，没几个AD有E和W这种每秒多段判定伤害的办法了，这就是和对面AD对撸的底气，收集者秒判定秒杀太强了。另外就是升级无尽了那首选肯定无尽啊。 第二件先跟着挂一件耀光，彩局做大穿，金局做无尽，对面有回血怪就再挂个800减治疗再出别的。 第三件肯定是大穿/无尽，除非对面太肉无尽换破败之类的。 之后暴击不满补c44，暴击满了按需求补防装/饮血。 要说后面不好赢也是真的，杀太多了啊都会被针对 比如输的那局，对面尤里卡提莫，我被单防了,migrated_from_legacy_clean
NGA_0036,NGA,36,w1,hero_experience,recent_reply,2026-04-01 17:47,最爱的队友之一，能缓解兵线压力，还能防对面刺客，往前一跑就是给对面核心压力。最关键的还是这英雄路人拿就没有懦的，再劣势也敢往前跑背人过来。野排遇到四个怂货的概率太高，只敢闪现抢丝血人头，有个辛吉德能改善很多,最爱的队友之一，能缓解兵线压力，还能防对面刺客，往前一跑就是给对面核心压力。最关键的还是这英雄路人拿就没有懦的，再劣势也敢往前跑背人过来。野排遇到四个怂货的概率太高，只敢闪现抢丝血人头，有个辛吉德能改善很多,migrated_from_legacy_clean
NGA_0037,NGA,37,w1,hero_experience,recent_reply,2026-03-30 00:26,这个胜率和选取率就决定了这英雄不会是什么必须要会玩才有用的英雄。除非数据作假，否则就是炼金的价值在你还没理解的地方。很多人知道死歌对兵线的影响力，但不知道炼金的影响力不比死歌差。,这个胜率和选取率就决定了这英雄不会是什么必须要会玩才有用的英雄。除非数据作假，否则就是炼金的价值在你还没理解的地方。很多人知道死歌对兵线的影响力，但不知道炼金的影响力不比死歌差。,migrated_from_legacy_clean
NGA_0038,NGA,38,w1,hero_experience,recent_reply,2026-03-30 02:25,海斗炼金非常强，因为它所有技能都是神技，而且法师坦克海克斯双吃。重点是别出时光，眼泪速通冰杖，冰杖寒冬双核补防装，面具非顺风或者有适配海克斯也不出。永远记住q等于火男吃啥你吃啥，火男吃不动得你都能吃，安妮肩上恶魔到不详契约都能吃满。带缚地克一切战士，而且触发大部分坦克海克斯比如控制加血上限，胶水粘几个等于控几个等于加几次血上限。e强制位移可以背脆皮进人堆可以背战士出去，e到w上满级缚地快两秒等于宣判死刑。r不但加大量坦度还给重伤所以炼金不用做重伤打团开大毒一圈就得了。拿海克斯优先移动速度冷却坦度之类的，炼金多站一秒输出都会增加许多，炼金跑的越快对面血头大，不会控毒就打团开q别关有寒冬不缺蓝，非特殊情况不出刚。,海斗炼金非常强，因为它所有技能都是神技，而且法师坦克海克斯双吃。重点是别出时光，眼泪速通冰杖，冰杖寒冬双核补防装，面具非顺风或者有适配海克斯也不出。永远记住q等于火男吃啥你吃啥，火男吃不动得你都能吃，安妮肩上恶魔到不详契约都能吃满。带缚地克一切战士，而且触发大部分坦克海克斯比如控制加血上限，胶水粘几个等于控几个等于加几次血上限。e强制位移可以背脆皮进人堆可以背战士出去，e到w上满级缚地快两秒等于宣判死刑。r不但加大量坦度还给重伤所以炼金不用做重伤打团开大毒一圈就得了。拿海克斯优先移动速度冷却坦度之类的，炼金多站一秒输出都会增加许多，炼金跑的越快对面血头大，不会控毒就打团开q别关有寒冬不缺蓝，非特殊情况不出刚。,migrated_from_legacy_clean
NGA_0039,NGA,39,w1,hero_experience,recent_reply,2026-03-30 14:56,你该不会是玩拉克丝被w缚地然后吃个雪球被背回去杀破防了吧。倒不如说如果一个炼金总盯着你背，你们队应该挺好赢的，下等马能换掉对面一个很有用的英雄。就哪怕是上面说的那种开团的炼金，都基本能稳定换掉对面一个c，对单核阵容真的是毁灭打击，如果有开团前排让炼金打第二进场那很有可能炼金还能混个火。不挑海克斯，胡了很厉害普通海克斯也能玩，适配蛮多海克斯。以后秀理解问英雄的时候先去掌盟看眼胜率，胜率不会骗人。,你该不会是玩拉克丝被w缚地然后吃个雪球被背回去杀破防了吧。倒不如说如果一个炼金总盯着你背，你们队应该挺好赢的，下等马能换掉对面一个很有用的英雄。就哪怕是上面说的那种开团的炼金，都基本能稳定换掉对面一个c，对单核阵容真的是毁灭打击，如果有开团前排让炼金打第二进场那很有可能炼金还能混个火。不挑海克斯，胡了很厉害普通海克斯也能玩，适配蛮多海克斯。以后秀理解问英雄的时候先去掌盟看眼胜率，胜率不会骗人。,migrated_from_legacy_clean
NGA_0040,NGA,40,w1,balance_mechanic,recent_reply,2026-03-29 13:37,玩坦克的爽点在于自己很硬对面拿你没办法 然而大部分心之钢加狂徒的出装只能让自己血条看起来厚，对面还是随便融化,玩坦克的爽点在于自己很硬对面拿你没办法 然而大部分心之钢加狂徒的出装只能让自己血条看起来厚，对面还是随便融化,migrated_from_legacy_clean
NGA_0041,NGA,41,w1,team_interaction,op_context,2026-03-29 15:19,半夜打了一局，中期有点处理不掉韦鲁斯，结果对面一直不推，宁愿送泉水也要继续玩，输了好几波团终于迎来一次反推的机会，我抬到韦鲁斯队友集火把他给秒了，直接一波了。所以这就是宁愿输也要爽吗？我体会不到爽点,半夜打了一局，中期有点处理不掉韦鲁斯，结果对面一直不推，宁愿送泉水也要继续玩，输了好几波团终于迎来一次反推的机会，我抬到韦鲁斯队友集火把他给秒了，直接一波了。所以这就是宁愿输也要爽吗？我体会不到爽点,migrated_from_legacy_clean
NGA_0042,NGA,42,w1,balance_mechanic,recent_reply,2026-03-28 00:21,炸弹人有一版我记得是80%伤害 120%承伤 -20cd 结果就是狗都不玩 完全打不动人 清不动线 一碰就碎 然后回调了8%伤害变成88%造成伤害就勉强能玩了 你给火男75%造成伤害那我建议不如删了,炸弹人有一版我记得是80%伤害 120%承伤 -20cd 结果就是狗都不玩 完全打不动人 清不动线 一碰就碎 然后回调了8%伤害变成88%造成伤害就勉强能玩了 你给火男75%造成伤害那我建议不如删了,migrated_from_legacy_clean
NGA_0043,NGA,43,w1,hero_experience,recent_reply,2026-03-29 00:50,这我真爽过，不过几年前了，露露+酸辣粉+娜美+丁真，四软辅保我一个金克斯，对面什么阵容忘了 前期没伤害只能清线撑到两件套就基本都是站撸了，盾根本打不掉,这我真爽过，不过几年前了，露露+酸辣粉+娜美+丁真，四软辅保我一个金克斯，对面什么阵容忘了 前期没伤害只能清线撑到两件套就基本都是站撸了，盾根本打不掉,migrated_from_legacy_clean
NGA_0044,NGA,44,w1,hero_experience,recent_reply,2026-03-29 08:31,我感觉这把如果持续下去，我最起码能杀七八十个，这局就15分钟我杀了51个。然后，怕后期对面装备起来了，我的装备没优势了，打不过，我就赶紧推了。如果一直拖到个20多分钟、25分钟。感觉我能杀更多，但这样子估计就不好赢。,我感觉这把如果持续下去，我最起码能杀七八十个，这局就15分钟我杀了51个。然后，怕后期对面装备起来了，我的装备没优势了，打不过，我就赶紧推了。如果一直拖到个20多分钟、25分钟。感觉我能杀更多，但这样子估计就不好赢。,migrated_from_legacy_clean
NGA_0045,NGA,45,w1,balance_mechanic,recent_reply,2026-03-26 12:04,就是垃圾 打10把能1把锻体局么？ 现在很多时候15级都到不了就被推平了 或者点了 而且就算到了锻体局 那点数值也不够看啊，你要累加起来 就要多次锻体，而都多次锻体了 早就互相秒了，比的是先手 那点多的数值 作用不大。 如果装备加成多给几倍，锻体正常 那还有点说法，现在正常帽子装加那点属性 有屁用 到了锻体 都是大后期了 基本上都是互相秒了 那时候输出早就溢出了，比的就是先手 这海克斯垃圾就在于 他是纯数值的 但是前期又没数值，后期能感受点数值的时候 数值已经早就溢出了~,就是垃圾 打10把能1把锻体局么？ 现在很多时候15级都到不了就被推平了 或者点了 而且就算到了锻体局 那点数值也不够看啊，你要累加起来 就要多次锻体，而都多次锻体了 早就互相秒了，比的是先手 那点多的数值 作用不大。 如果装备加成多给几倍，锻体正常 那还有点说法，现在正常帽子装加那点属性 有屁用 到了锻体 都是大后期了 基本上都是互相秒了 那时候输出早就溢出了，比的就是先手 这海克斯垃圾就在于 他是纯数值的 但是前期又没数值，后期能感受点数值的时候 数值已经早就溢出了~,migrated_from_legacy_clean
NGA_0046,NGA,46,w1,balance_mechanic,recent_reply,2026-03-28 14:08,4叠中叠/4金币 打到15分钟 我最多一次是38层 普遍一局下来有个10层都算不错了。15分钟20000左右经济6神，再7000经济锻10次 也没有多少属性法强 太偏后期了,4叠中叠/4金币 打到15分钟 我最多一次是38层 普遍一局下来有个10层都算不错了。15分钟20000左右经济6神，再7000经济锻10次 也没有多少属性法强 太偏后期了,migrated_from_legacy_clean
NGA_0047,NGA,47,w1,balance_mechanic,recent_reply,2026-03-28 03:18,80 120差不多了，火男在海斗太容易胡了，彩色的导管 虚空裂隙 ，金色的魔法飞弹易损，银色的冰寒，别的英雄可能就1-2个顶级适配符文，拿不到就是普通强度，但火男什么局都有不少符文可以选,80 120差不多了，火男在海斗太容易胡了，彩色的导管 虚空裂隙 ，金色的魔法飞弹易损，银色的冰寒，别的英雄可能就1-2个顶级适配符文，拿不到就是普通强度，但火男什么局都有不少符文可以选,migrated_from_legacy_clean
NGA_0048,NGA,48,w1,balance_mechanic,op_context,2026-03-26 23:29,是个法师都能无脑拿，选到虚空裂隙操作难度直接下降 50%，随便放放技能就被裂隙炸死了，娜美拿个虚空裂隙能秒人还有王法吗？ 我玩个赛娜，对面冰女+萨勒芬妮两个裂隙，前期随便吃两个技能直接死 还好我上来选了个巨人杀手，后期通过巨人杀手+岚切加速+E 加速+疾跑才能躲开这个裂隙 对面的人只要走走位把虚空裂隙全躲了就行了，拿到虚空裂隙的人要考虑的就很多了,是个法师都能无脑拿，选到虚空裂隙操作难度直接下降 50%，随便放放技能就被裂隙炸死了，娜美拿个虚空裂隙能秒人还有王法吗？ 我玩个赛娜，对面冰女+萨勒芬妮两个裂隙，前期随便吃两个技能直接死 还好我上来选了个巨人杀手，后期通过巨人杀手+岚切加速+E 加速+疾跑才能躲开这个裂隙 对面的人只要走走位把虚空裂隙全躲了就行了，拿到虚空裂隙的人要考虑的就很多了,migrated_from_legacy_clean
NGA_0049,NGA,49,w1,balance_mechanic,recent_reply,2026-03-30 02:19,之前排到对面一个火男拿了虚空裂隙。我是乌迪尔。我直接AP找火男自爆。他一出来就被我RR，加上海克斯固定1换1，那一把裂隙打完就4000，全是我身上打的。不过裂隙确实强度很高。下版本得削。裂隙阿木木裂隙卡特玩过不笑出来真得查一下抑郁症了。,之前排到对面一个火男拿了虚空裂隙。我是乌迪尔。我直接AP找火男自爆。他一出来就被我RR，加上海克斯固定1换1，那一把裂隙打完就4000，全是我身上打的。不过裂隙确实强度很高。下版本得削。裂隙阿木木裂隙卡特玩过不笑出来真得查一下抑郁症了。,migrated_from_legacy_clean
NGA_0050,NGA,50,w1,balance_mechanic,recent_reply,2026-03-30 10:23,只要有点范围伤害的ap出个法穿鞋裂隙触发就三分之一血没了，而且裂隙好像打一个人两次也能触发？前期的神，和量子计算一桌但比量子计算更恶心，至少量子能被骗出来cd,只要有点范围伤害的ap出个法穿鞋裂隙触发就三分之一血没了，而且裂隙好像打一个人两次也能触发？前期的神，和量子计算一桌但比量子计算更恶心，至少量子能被骗出来cd,migrated_from_legacy_clean
NGA_0051,NGA,51,w1,balance_mechanic,recent_reply,2026-03-30 09:25,所以AP大后期打肉就这样出装吗，我最近的局经常对面2，3个大肉到中后期我们这边就打不动的，有时真不知道怎么出装了,所以AP大后期打肉就这样出装吗，我最近的局经常对面2，3个大肉到中后期我们这边就打不动的，有时真不知道怎么出装了,migrated_from_legacy_clean
NGA_0052,NGA,52,w1,balance_mechanic,recent_reply,2026-03-30 23:11,莉莉娅适配的海克斯还少？之所以胜率高就是容易胡。所有带 cd 带移速带回血的都适合莉莉娅，莉莉娅就是最好胡的 ap 没有之一。,莉莉娅适配的海克斯还少？之所以胜率高就是容易胡。所有带 cd 带移速带回血的都适合莉莉娅，莉莉娅就是最好胡的 ap 没有之一。,migrated_from_legacy_clean
NGA_0053,NGA,53,w1,balance_mechanic,recent_reply,2026-03-30 18:34,现在应该怎么玩 打了几局感觉先憋大招cd装备不如出即时战力装能打 不先做大团又憋不出大,现在应该怎么玩 打了几局感觉先憋大招cd装备不如出即时战力装能打 不先做大团又憋不出大,migrated_from_legacy_clean
NGA_0054,NGA,54,w1,hero_experience,recent_reply,2026-03-31 09:51,反正我玩莉莉亚都很难受 对面不是一堆丢子就是一堆控制 根本进不去 但是总能赢 我朋友玩莉莉亚就能遇到正常肉搏局，基本都能爽到,反正我玩莉莉亚都很难受 对面不是一堆丢子就是一堆控制 根本进不去 但是总能赢 我朋友玩莉莉亚就能遇到正常肉搏局，基本都能爽到,migrated_from_legacy_clean
NGA_0055,NGA,55,w1,balance_mechanic,recent_reply,2026-03-30 23:56,莉莉娅胜率取决对面硬控数量和伤害爆发 技师水平影响有限 硬要说就是要懂对面全脆皮时把自己当丢子玩 没移速海克斯别把自己当法坦,莉莉娅胜率取决对面硬控数量和伤害爆发 技师水平影响有限 硬要说就是要懂对面全脆皮时把自己当丢子玩 没移速海克斯别把自己当法坦,migrated_from_legacy_clean
NGA_0056,NGA,56,w1,hero_experience,recent_reply,2026-03-31 13:16,如果所有法师，算上辅助和射手都算丢子的话，我确实玩不腻，我还就不爱玩战士和坦，顶多玩个宝石、布隆、贝蕾亚，实在没好英雄了捏鼻子选阿木木或者泰坦，其他免谈。说白了，我就膈应心之钢，理由就跟很多玩家膈应亚索和提莫一样，刻板印象。,如果所有法师，算上辅助和射手都算丢子的话，我确实玩不腻，我还就不爱玩战士和坦，顶多玩个宝石、布隆、贝蕾亚，实在没好英雄了捏鼻子选阿木木或者泰坦，其他免谈。说白了，我就膈应心之钢，理由就跟很多玩家膈应亚索和提莫一样，刻板印象。,migrated_from_legacy_clean
NGA_0057,NGA,57,w1,hero_experience,recent_reply,2026-04-01 11:37,啊对对对，你开心就好，我不想也没空引战，你觉得肉坦就是比丢子强你就玩 反正我玩我的法师丢子也就为了舒服，你觉得是混还是carry，我啥也多不了啥也少不了,啊对对对，你开心就好，我不想也没空引战，你觉得肉坦就是比丢子强你就玩 反正我玩我的法师丢子也就为了舒服，你觉得是混还是carry，我啥也多不了啥也少不了,migrated_from_legacy_clean
NGA_0058,NGA,58,w1,hero_experience,recent_reply,2026-03-31 14:38,大法师基兰，打团没人管能恶心死你，给自己挂个大就上来自爆了，一波团打的久一点能开出来第三个大 昨天有一把大法师虚空裂隙，给我炸爽了,大法师基兰，打团没人管能恶心死你，给自己挂个大就上来自爆了，一波团打的久一点能开出来第三个大 昨天有一把大法师虚空裂隙，给我炸爽了,migrated_from_legacy_clean
NGA_0059,NGA,59,w1,balance_mechanic,op_context,2026-03-31 11:26,一直q 速度比死歌的q还快 一直晕到死,一直q 速度比死歌的q还快 一直晕到死,migrated_from_legacy_clean
NGA_0060,NGA,60,w1,balance_mechanic,recent_reply,2026-03-31 13:48,可以 真有这2个。。原来是大法师羁绊啊 有点恶心啊 晕到死 动不了 跟机关枪似的,可以 真有这2个。。原来是大法师羁绊啊 有点恶心啊 晕到死 动不了 跟机关枪似的,migrated_from_legacy_clean
NGA_0061,NGA,61,w1,hero_experience,recent_reply,2026-03-31 14:40,大法师，昨天看到个时光带清晰术心想准备15了结果他11级凑到了直接堵对面泉水炸,大法师，昨天看到个时光带清晰术心想准备15了结果他11级凑到了直接堵对面泉水炸,migrated_from_legacy_clean
NGA_0062,NGA,62,w1,balance_mechanic,recent_reply,2026-03-31 03:12,装备急速发明家，挂个心钢结束不到400层。打到第15分钟的局点自己第四个海克斯是叠角龙以为自己无敌了的有懂的吗。,装备急速发明家，挂个心钢结束不到400层。打到第15分钟的局点自己第四个海克斯是叠角龙以为自己无敌了的有懂的吗。,migrated_from_legacy_clean
NGA_0063,NGA,63,w1,team_interaction,recent_reply,2026-03-31 09:25,叠角龙是脑残最多的，经常有人拿个踢踏舞和物法就为了凑那个银色羁绊，让个彩出个破心之钢被暴打,叠角龙是脑残最多的，经常有人拿个踢踏舞和物法就为了凑那个银色羁绊，让个彩出个破心之钢被暴打,migrated_from_legacy_clean
NGA_0064,NGA,64,w1,balance_mechanic,recent_reply,2026-03-31 14:13,我说句不好听的肉拉斯和AP拉斯就胜率来说谁也别说谁，影焰47%心之钢46%胜率的英雄罢了，而且看数据海斗玩爆杀流塞拉斯的虽然胜率高，但也没有特别高，可出场率被刚裂隙无终这套肉拉斯爆了倍不止,我说句不好听的肉拉斯和AP拉斯就胜率来说谁也别说谁，影焰47%心之钢46%胜率的英雄罢了，而且看数据海斗玩爆杀流塞拉斯的虽然胜率高，但也没有特别高，可出场率被刚裂隙无终这套肉拉斯爆了倍不止,migrated_from_legacy_clean
NGA_0065,NGA,65,w1,balance_mechanic,recent_reply,2026-03-31 11:55,上次玩ez海克斯烂了只能拿瞄准镜跟暴击律动然后我出吸蓝刀无尽穿甲还有人点我，让俩海克斯去出poke不是更路边啊，再说有吸蓝刀又不是不能 q,上次玩ez海克斯烂了只能拿瞄准镜跟暴击律动然后我出吸蓝刀无尽穿甲还有人点我，让俩海克斯去出poke不是更路边啊，再说有吸蓝刀又不是不能 q,migrated_from_legacy_clean
NGA_0066,NGA,66,w1,balance_mechanic,op_context,2026-03-30 23:24,我人看傻了，打着打着伤害不对，一按TAB弱质塞拉斯出的纯肉。我问他为什么出肉？他点了下自己第一个海克斯，xd我开局海克斯烂了我能怎么办？nmb我能怎么办？你就是没有海克斯你塞拉斯出纯肉都是脑残哦对了，这塞拉斯第二个海克斯还是无限循环往复,我人看傻了，打着打着伤害不对，一按TAB弱质塞拉斯出的纯肉。我问他为什么出肉？他点了下自己第一个海克斯，xd我开局海克斯烂了我能怎么办？nmb我能怎么办？你就是没有海克斯你塞拉斯出纯肉都是脑残哦对了，这塞拉斯第二个海克斯还是无限循环往复,migrated_from_legacy_clean
NGA_0067,NGA,67,w1,balance_mechanic,recent_reply,2026-03-31 14:15,爆杀流塞拉斯玩的人就是少啊，大部分人海斗随到塞拉斯都是半肉，如果是什么男刀小火龙出钢就算了，塞拉斯海克斯烂完尖端+钢化出钢裂隙无终那套也不至于到要被挂的程度吧,爆杀流塞拉斯玩的人就是少啊，大部分人海斗随到塞拉斯都是半肉，如果是什么男刀小火龙出钢就算了，塞拉斯海克斯烂完尖端+钢化出钢裂隙无终那套也不至于到要被挂的程度吧,migrated_from_legacy_clean
NGA_0068,NGA,68,w1,hero_experience,recent_reply,2026-03-31 11:49,反正有时光我觉得必玩，大法师真挺容易的，只要出了就无脑叠cd就行，选就虐,反正有时光我觉得必玩，大法师真挺容易的，只要出了就无脑叠cd就行，选就虐,migrated_from_legacy_clean
NGA_0069,NGA,69,w1,hero_experience,recent_reply,2026-03-31 11:35,玩老头都是赌大法师羁绊无限wq，没有只能清清兵了对面笨比多也能爽玩。,玩老头都是赌大法师羁绊无限wq，没有只能清清兵了对面笨比多也能爽玩。,migrated_from_legacy_clean
NGA_0070,NGA,70,w1,balance_mechanic,recent_reply,2026-03-31 02:26,你说的没问题 我一直觉得莉莉娅虚高了 榜单一直都是霸榜胜率接近60% 进去看看出装不到50%的胜率 赢的局要么就是对面短手多抽陀螺 要么就是开局辣椒油续航无敌,你说的没问题 我一直觉得莉莉娅虚高了 榜单一直都是霸榜胜率接近60% 进去看看出装不到50%的胜率 赢的局要么就是对面短手多抽陀螺 要么就是开局辣椒油续航无敌,migrated_from_legacy_clean
NGA_0071,NGA,71,w1,balance_mechanic,recent_reply,2026-03-30 18:23,新龙女就是下限高点因为q基础伤害高了 自带aoe等于半个提亚马特 W带个盾前期大家数值低的时候好用 后期和老龙女比就是一条区 毫无上限可言,新龙女就是下限高点因为q基础伤害高了 自带aoe等于半个提亚马特 W带个盾前期大家数值低的时候好用 后期和老龙女比就是一条区 毫无上限可言,migrated_from_legacy_clean
NGA_0072,NGA,72,w1,balance_mechanic,recent_reply,2026-03-29 14:24,彩局出啥都是被融化的命，开局金银出钢也顶得住，如果对面一堆远程没法钢，我也感觉出buff装也比烂肉有前途,彩局出啥都是被融化的命，开局金银出钢也顶得住，如果对面一堆远程没法钢，我也感觉出buff装也比烂肉有前途,migrated_from_legacy_clean
NGA_0073,NGA,73,w1,balance_mechanic,recent_reply,2026-03-29 13:38,主要是海斗坦克都有debuff，玩着真挺恶心的，峡谷坦克起码有等级优势,主要是海斗坦克都有debuff，玩着真挺恶心的，峡谷坦克起码有等级优势,migrated_from_legacy_clean
NGA_0074,NGA,74,w1,team_interaction,recent_reply,2026-03-31 10:40,煞笔提莫 给队友整恶心的直接退了，然后我们3/4上票直接投的,煞笔提莫 给队友整恶心的直接退了，然后我们3/4上票直接投的,migrated_from_legacy_clean
NGA_0075,NGA,75,w1,team_interaction,recent_reply,2026-03-31 11:03,早已经见怪不怪了，真要每次都跟这样的蛆置气，早就得脑溢血了。现在看到这种队友我直接也开始摆烂瞎玩，尝试黑科技或者试验其他出装，反正都是输，无所吊谓了。,早已经见怪不怪了，真要每次都跟这样的蛆置气，早就得脑溢血了。现在看到这种队友我直接也开始摆烂瞎玩，尝试黑科技或者试验其他出装，反正都是输，无所吊谓了。,migrated_from_legacy_clean
NGA_0076,NGA,76,w1,balance_mechanic,recent_reply,2026-03-30 18:52,啊，原来钢壁能增加怒气获取吗 改版之后第一把完全不知道,啊，原来钢壁能增加怒气获取吗 改版之后第一把完全不知道,migrated_from_legacy_clean
NGA_0077,NGA,77,w1,balance_mechanic,recent_reply,2026-03-30 18:50,以前也难受，龙形态死亡，复活期间0怒气，守家团少半个人,以前也难受，龙形态死亡，复活期间0怒气，守家团少半个人,migrated_from_legacy_clean
NGA_0078,NGA,78,w1,balance_mechanic,recent_reply,2026-03-30 18:31,重做后助攻能叠被动了，那么代价是什么呢 是被动和怒气不挂钩了哦,重做后助攻能叠被动了，那么代价是什么呢 是被动和怒气不挂钩了哦,migrated_from_legacy_clean
NGA_0079,NGA,79,w1,balance_mechanic,op_context,2026-03-30 23:30,对面三个脆皮后排，皇子盲僧出个刺客或者战士随便打。硬是出一堆烂肉，要啥没啥。给我玩力竭了,对面三个脆皮后排，皇子盲僧出个刺客或者战士随便打。硬是出一堆烂肉，要啥没啥。给我玩力竭了,migrated_from_legacy_clean
NGA_0080,NGA,80,w1,balance_mechanic,recent_reply,2026-03-30 11:26,凑三个不如大法师 单个强度不如无限循环往复的水平,凑三个不如大法师 单个强度不如无限循环往复的水平,migrated_from_legacy_clean
NGA_0081,NGA,81,w1,balance_mechanic,recent_reply,2026-03-30 11:33,100单个，60全部，随便出个装备带2 30cd就差不多了，拿个W就可以了 我觉得两包系列改成刷新好点,100单个，60全部，随便出个装备带2 30cd就差不多了，拿个W就可以了 我觉得两包系列改成刷新好点,migrated_from_legacy_clean
NGA_0082,NGA,82,w1,balance_mechanic,recent_reply,2026-03-30 13:49,以前很爽 现在不如大法师羁绊或者双叠甲龙循环往复 现在得加点羁绊了,以前很爽 现在不如大法师羁绊或者双叠甲龙循环往复 现在得加点羁绊了,migrated_from_legacy_clean
NGA_0083,NGA,83,w1,balance_mechanic,recent_reply,2026-03-30 11:23,三个金用起来可能不如两个银凑出来的大法师羁绊 没啥用,三个金用起来可能不如两个银凑出来的大法师羁绊 没啥用,migrated_from_legacy_clean
NGA_0084,NGA,84,w1,balance_mechanic,recent_reply,2026-03-30 15:40,依旧纸上谈兵，这种海克斯为什么不能出狂徒？四下雪天需要拉扯吗，缩后面朝墙壁扔雪球对面兵线都过不来。,依旧纸上谈兵，这种海克斯为什么不能出狂徒？四下雪天需要拉扯吗，缩后面朝墙壁扔雪球对面兵线都过不来。,migrated_from_legacy_clean
NGA_0085,NGA,85,w1,hero_experience,recent_reply,2026-03-30 16:19,海斗选塞拉斯你就是在赌出不出基本功 不然除非对面石头狐狸牛头凑一块了让你爽偷不然必下水道的 不像以前普斗塞拉斯，没好大偷也能杀起来,海斗选塞拉斯你就是在赌出不出基本功 不然除非对面石头狐狸牛头凑一块了让你爽偷不然必下水道的 不像以前普斗塞拉斯，没好大偷也能杀起来,migrated_from_legacy_clean
NGA_0086,NGA,86,w1,hero_experience,op_context,2026-03-29 17:37,看吧 最近三把塞拉斯 1，格温，瑞兹，巴德，卡莎，螳螂 2，轮子妈，莎弥拉，瑞兹，风女，赛恩 3，卡特，卡莎，潘森，男枪，瑞兹,看吧 最近三把塞拉斯 1，格温，瑞兹，巴德，卡莎，螳螂 2，轮子妈，莎弥拉，瑞兹，风女，赛恩 3，卡特，卡莎，潘森，男枪，瑞兹,migrated_from_legacy_clean
NGA_0087,NGA,87,w1,balance_mechanic,recent_reply,2026-03-30 16:07,既然都不拉扯了，你更不需要出狂徒啊 你这个海克斯出个霸王血铠或者裂隙我都算你有点用 没有抗性往死里堆生命值有毛用，对面又是大面具又是破败的，你就是个用布缝的大沙包，随便打,既然都不拉扯了，你更不需要出狂徒啊 你这个海克斯出个霸王血铠或者裂隙我都算你有点用 没有抗性往死里堆生命值有毛用，对面又是大面具又是破败的，你就是个用布缝的大沙包，随便打,migrated_from_legacy_clean
NGA_0088,NGA,88,w1,balance_mechanic,recent_reply,2026-03-29 11:47,习惯了 进去对面开局就是变彩或者玩着玩着天胡 还有就是选人阶段自家阵容都看的想笑，进去不出所料的被碾压,习惯了 进去对面开局就是变彩或者玩着玩着天胡 还有就是选人阶段自家阵容都看的想笑，进去不出所料的被碾压,migrated_from_legacy_clean
NGA_0089,NGA,89,w1,hero_experience,recent_reply,2026-03-30 14:55,也就风女，格温，塞恩堪堪能用吧 巴德大玩的来的话也算一个,也就风女，格温，塞恩堪堪能用吧 巴德大玩的来的话也算一个,migrated_from_legacy_clean
NGA_0090,NGA,90,w1,hero_experience,recent_reply,2026-03-29 17:42,直接出 AD，R 扣掉或者拿来刷被动 全力寻找回归基本功,直接出 AD，R 扣掉或者拿来刷被动 全力寻找回归基本功,migrated_from_legacy_clean
NGA_0091,NGA,91,w1,balance_mechanic,recent_reply,2026-03-29 20:13,能说这大招好的，这辈子有了。全是没伤害的大招有毛用。,能说这大招好的，这辈子有了。全是没伤害的大招有毛用。,migrated_from_legacy_clean
NGA_0092,NGA,92,w1,balance_mechanic,recent_reply,2026-03-29 17:40,还行在哪呢？这种大招都还行吗？这种大招感觉放峡谷还能用来带节奏什么的，放在大乱斗鸟用啊,还行在哪呢？这种大招都还行吗？这种大招感觉放峡谷还能用来带节奏什么的，放在大乱斗鸟用啊,migrated_from_legacy_clean
NGA_0093,NGA,93,w1,hero_experience,recent_reply,2026-03-30 15:40,vn怎么不需要游戏理解，出半肉和纯ad两种不同选择，出不出暴击也是一个抉择点。实际上vn是海斗里变种最多的adc之一,vn怎么不需要游戏理解，出半肉和纯ad两种不同选择，出不出暴击也是一个抉择点。实际上vn是海斗里变种最多的adc之一,migrated_from_legacy_clean
NGA_0094,NGA,94,w1,balance_mechanic,recent_reply,2026-03-29 23:22,炼金这种前排还有人喷，出个冰杖大面具剩下看阵容出防装，遇到那种不是人手控制阵容，只要不是海克斯烂到一定程度，基本伤害都不低，彩色导管、残忍、大魔王都能拿，金色辣椒油魄罗、银色扇巴掌、速度爆发都很适配。倒是我很好奇那种遇到拉克丝就拿的，那种队友不能4V5僵持住，基本就是路边一条。,炼金这种前排还有人喷，出个冰杖大面具剩下看阵容出防装，遇到那种不是人手控制阵容，只要不是海克斯烂到一定程度，基本伤害都不低，彩色导管、残忍、大魔王都能拿，金色辣椒油魄罗、银色扇巴掌、速度爆发都很适配。倒是我很好奇那种遇到拉克丝就拿的，那种队友不能4V5僵持住，基本就是路边一条。,migrated_from_legacy_clean
NGA_0095,NGA,95,w1,balance_mechanic,op_context,2026-03-30 11:48,这英雄胜率真是被三相、魔切、火炮害完了吧。,这英雄胜率真是被三相、魔切、火炮害完了吧。,migrated_from_legacy_clean
NGA_0096,NGA,96,w1,hero_experience,recent_reply,2026-03-30 14:45,塞拉斯就是对面大招好出ap，不好出ad，没手法别玩，没了,塞拉斯就是对面大招好出ap，不好出ad，没手法别玩，没了,migrated_from_legacy_clean
NGA_0097,NGA,97,w1,balance_mechanic,recent_reply,2026-03-30 12:49,适配的海克斯少 池子还杂 就算拿了亮剑也就中上 没有男枪莎米拉能游龙 现在还能50胜率， 纯粹就是机体本身数值魅力,适配的海克斯少 池子还杂 就算拿了亮剑也就中上 没有男枪莎米拉能游龙 现在还能50胜率， 纯粹就是机体本身数值魅力,migrated_from_legacy_clean
NGA_0098,NGA,98,w1,hero_experience,recent_reply,2026-03-30 00:57,炼金不行除了少部分是海克斯烂了，基本就是人不行，诸如自己上去送，背个大爹给后排什么的。有的人打几个月海斗都不能理解1个人很难抗5个人的伤害，后期血量双抗都是虚的这种事。,炼金不行除了少部分是海克斯烂了，基本就是人不行，诸如自己上去送，背个大爹给后排什么的。有的人打几个月海斗都不能理解1个人很难抗5个人的伤害，后期血量双抗都是虚的这种事。,migrated_from_legacy_clean
NGA_0099,NGA,99,w1,balance_mechanic,recent_reply,2026-03-30 15:58,海斗榜前10里可是有4个ADC啊 你要说胜率榜的话，前10也有俩，男枪还是第11，倒数20名里也就一个泽丽(为一板一眼泽丽默哀),海斗榜前10里可是有4个ADC啊 你要说胜率榜的话，前10也有俩，男枪还是第11，倒数20名里也就一个泽丽(为一板一眼泽丽默哀),migrated_from_legacy_clean
NGA_0100,NGA,100,w1,hero_experience,op_context,2026-03-29 21:54,这炼金真有用吗？把把队友选这个然后团战相当于四打五输了，搁那苍蝇一个到处乱跑到后面都没人看他一眼,这炼金真有用吗？把把队友选这个然后团战相当于四打五输了，搁那苍蝇一个到处乱跑到后面都没人看他一眼,migrated_from_legacy_clean
NGA_0101,NGA,101,w1,balance_mechanic,recent_reply,2026-03-30 22:50,好吧 还有这种操作 破模式bug没停过啊,好吧 还有这种操作 破模式bug没停过啊,migrated_from_legacy_clean
NGA_0102,NGA,102,w1,hero_experience,recent_reply,2026-03-31 00:28,坦克cos战士战士cos坦克都是经典啊,坦克cos战士战士cos坦克都是经典啊,migrated_from_legacy_clean
NGA_0103,NGA,103,w1,balance_mechanic,recent_reply,2026-03-30 22:41,bug 我有次正常出门快到11级才死第一次，也触发了,bug 我有次正常出门快到11级才死第一次，也触发了,migrated_from_legacy_clean
NGA_0104,NGA,104,w1,balance_mechanic,recent_reply,2026-03-29 08:29,就算出 AP，也有奶也有盾不是,就算出 AP，也有奶也有盾不是,migrated_from_legacy_clean
NGA_0105,NGA,105,w1,balance_mechanic,recent_reply,2026-03-28 00:57,你们这帮人是不是真的以为debuff多5%就是掉5%输出啊，越往下掉的越狠，承伤也是一个道理。,你们这帮人是不是真的以为debuff多5%就是掉5%输出啊，越往下掉的越狠，承伤也是一个道理。,migrated_from_legacy_clean
NGA_0106,NGA,106,w1,hero_experience,recent_reply,2026-03-30 12:07,刀妹是最烂的几个，拉夫罪不至此,刀妹是最烂的几个，拉夫罪不至此,migrated_from_legacy_clean
NGA_0107,NGA,107,w1,balance_mechanic,recent_reply,2026-03-30 10:10,装备换了几次，基本没啥可换的了，因为锻的早，法穿和血量锻的多，峡谷还能吸点血，就这么出了,装备换了几次，基本没啥可换的了，因为锻的早，法穿和血量锻的多，峡谷还能吸点血，就这么出了,migrated_from_legacy_clean
NGA_0108,NGA,108,w1,balance_mechanic,recent_reply,2026-03-30 12:14,拉夫只要金彩有一个射程就能人上人了，俩都拿到就日天日地，都拿不到就是一条叫的很大声的蛆。,拉夫只要金彩有一个射程就能人上人了，俩都拿到就日天日地，都拿不到就是一条叫的很大声的蛆。,migrated_from_legacy_clean
NGA_0109,NGA,109,w1,balance_mechanic,recent_reply,2026-03-30 13:04,拉夫出钢壁+猎魔人感觉还行啊，就是得有个不怕死的bro陪着一起冲,拉夫出钢壁+猎魔人感觉还行啊，就是得有个不怕死的bro陪着一起冲,migrated_from_legacy_clean
NGA_0110,NGA,110,w1,hero_experience,op_context,2026-03-30 12:05,大乱斗更fw的英雄被我找到了，狂战士奥拉夫，没位移没控制全靠脚突进，出肉没用出输出一秒躺,大乱斗更fw的英雄被我找到了，狂战士奥拉夫，没位移没控制全靠脚突进，出肉没用出输出一秒躺,migrated_from_legacy_clean
NGA_0111,NGA,111,w1,balance_mechanic,op_context,2026-03-29 22:00,后期真是摸一下就寄，幸好质变了个神圣雪球，那个无敌救了好几次命,后期真是摸一下就寄，幸好质变了个神圣雪球，那个无敌救了好几次命,migrated_from_legacy_clean
NGA_0112,NGA,112,w1,balance_mechanic,recent_reply,2026-03-30 15:07,你看看你这三救护车羁绊呢，羁绊也带回血,你看看你这三救护车羁绊呢，羁绊也带回血,migrated_from_legacy_clean
NGA_0113,NGA,113,w1,balance_mechanic,recent_reply,2026-03-29 20:16,有的时候系统不让你赢，你怎么也赢不了 别人3级出门一个海克斯，他出门来个3级锻造器羁绊,有的时候系统不让你赢，你怎么也赢不了 别人3级出门一个海克斯，他出门来个3级锻造器羁绊,migrated_from_legacy_clean
NGA_0114,NGA,114,w1,balance_mechanic,recent_reply,2026-03-29 21:10,普斗最多13连胜，海斗7胜左右就要开始一场极难的对局了。而且海斗对面胡起来，你更难反抗，因为你可能还是个光板。,普斗最多13连胜，海斗7胜左右就要开始一场极难的对局了。而且海斗对面胡起来，你更难反抗，因为你可能还是个光板。,migrated_from_legacy_clean
NGA_0115,NGA,115,w1,balance_mechanic,recent_reply,2026-03-30 15:09,喂呜三层的效果，12%已损失生命值了解一下,喂呜三层的效果，12%已损失生命值了解一下,migrated_from_legacy_clean
NGA_0116,NGA,116,w1,balance_mechanic,recent_reply,2026-03-30 15:28,你这都没怎么玩过猫吧 被动 w被动 r 歌冠 月石 回响 3海克斯 还有这一身以及海克斯提供的治疗加成,你这都没怎么玩过猫吧 被动 w被动 r 歌冠 月石 回响 3海克斯 还有这一身以及海克斯提供的治疗加成,migrated_from_legacy_clean
NGA_0117,NGA,117,w1,balance_mechanic,op_context,2026-03-30 15:05,看了下数据，6w治疗里5w血和1w盾。但猫只有r和被动能回血吧，难不成全是靠装备奶起来的,看了下数据，6w治疗里5w血和1w盾。但猫只有r和被动能回血吧，难不成全是靠装备奶起来的,migrated_from_legacy_clean
NGA_0118,NGA,118,w1,balance_mechanic,recent_reply,2026-03-30 15:10,女神泪的辅助装备也能奶啊，还有回响也能奶,女神泪的辅助装备也能奶啊，还有回响也能奶,migrated_from_legacy_clean
NGA_0119,NGA,119,w1,balance_mechanic,recent_reply,2026-03-30 12:07,奥拉夫还是比这俩强的，好歹摸到人真的有伤害，胜率也比这俩高不少,奥拉夫还是比这俩强的，好歹摸到人真的有伤害，胜率也比这俩高不少,migrated_from_legacy_clean
NGA_0120,NGA,120,w1,balance_mechanic,recent_reply,2026-03-30 16:05,时光杖确实在大乱斗里是一件比较废物的装备，只有个别英雄可以考虑出，但是到不了出警的程度。那种时光大天使一起出的凤凰龙王我见多了，然后第三件还要补冰杖，除了提供一点控制真的吊用没有不如拿个套盾的辅助。游戏里的唯一作用就是对面也是沙雕喜欢无脑冲他们，他们可以承担一些伤害,时光杖确实在大乱斗里是一件比较废物的装备，只有个别英雄可以考虑出，但是到不了出警的程度。那种时光大天使一起出的凤凰龙王我见多了，然后第三件还要补冰杖，除了提供一点控制真的吊用没有不如拿个套盾的辅助。游戏里的唯一作用就是对面也是沙雕喜欢无脑冲他们，他们可以承担一些伤害,migrated_from_legacy_clean
TIEBA_0001,Tieba,1,w1,hero_experience,op_context,,我要是有技术，有操作我为什么不去打排位呢？在这玩海斗呢？我来玩海斗就是为了爽来的，就是为了让海克斯控制大脑来的，拿到溢流我恨不得出六个眼泪，拿到懦夫引擎我就是要出个音管躲在ad后面。这个模式都叫海克斯大乱斗了一帮出装警察海克斯是不会看的装备是要点的。真就排位唯唯诺诺，娱乐压力队友？,我要是有技术，有操作我为什么不去打排位呢？在这玩海斗呢？我来玩海斗就是为了爽来的，就是为了让海克斯控制大脑来的，拿到溢流我恨不得出六个眼泪，拿到懦夫引擎我就是要出个音管躲在ad后面。这个模式都叫海克斯大乱斗了一帮出装警察海克斯是不会看的装备是要点的。真就排位唯唯诺诺，娱乐压力队友？,migrated_from_legacy_clean
TIEBA_0002,Tieba,2,w1,hero_experience,recent_reply,,基本没什么游戏体验 elo不谈 正常局都没什么体验 基本都是瞎玩 我好友列表都是0在线，算是知道不打的原因了 这种moba游戏如果不是为了赢 我是不知道每天开一盘又一盘的原因是什么 累了，休息一个月再说,基本没什么游戏体验 elo不谈 正常局都没什么体验 基本都是瞎玩 我好友列表都是0在线，算是知道不打的原因了 这种moba游戏如果不是为了赢 我是不知道每天开一盘又一盘的原因是什么 累了，休息一个月再说,migrated_from_legacy_clean
TIEBA_0003,Tieba,3,w1,balance_mechanic,recent_reply,,宁愿做红穿加重伤也不做绿穿吗？吸蓝刀回归耀光系后我已经无法理解做三相不做吸蓝刀了，更何况你这把还有升级无尽，你哪怕做狂妄／圆弧我也可以理解为你不爱做耀光系。至于收集者就不评价了，有一件装备是它的原画镜像叫c44我觉得对于小火龙来说是第二把无尽,宁愿做红穿加重伤也不做绿穿吗？吸蓝刀回归耀光系后我已经无法理解做三相不做吸蓝刀了，更何况你这把还有升级无尽，你哪怕做狂妄／圆弧我也可以理解为你不爱做耀光系。至于收集者就不评价了，有一件装备是它的原画镜像叫c44我觉得对于小火龙来说是第二把无尽,migrated_from_legacy_clean
TIEBA_0004,Tieba,4,w1,balance_mechanic,recent_reply,,如果玩莫名其妙的丢子英雄，开局直接带重伤，避免零作用。通常是莫甘娜，我新手目前英雄正在熟悉，怕坑，所以会选一些弱一点，但熟悉的英雄，为了避免伤害没打多少，还抗不了伤害，就会多出功能装,如果玩莫名其妙的丢子英雄，开局直接带重伤，避免零作用。通常是莫甘娜，我新手目前英雄正在熟悉，怕坑，所以会选一些弱一点，但熟悉的英雄，为了避免伤害没打多少，还抗不了伤害，就会多出功能装,migrated_from_legacy_clean
TIEBA_0005,Tieba,5,w1,balance_mechanic,recent_reply,,除特殊adc，第一件都是荒野剑，因为感觉数值最高，后面跟大穿无尽，这里的特殊adc是云阿那，第一件飓风，后续补攻速。挺多人说c44是好装备，但我不知道在哪出，前期后期出感觉会没攻速。除非升级，不然不出收集者,除特殊adc，第一件都是荒野剑，因为感觉数值最高，后面跟大穿无尽，这里的特殊adc是云阿那，第一件飓风，后续补攻速。挺多人说c44是好装备，但我不知道在哪出，前期后期出感觉会没攻速。除非升级，不然不出收集者,migrated_from_legacy_clean
TIEBA_0006,Tieba,6,w1,balance_mechanic,recent_reply,,没有进场条件就创造进场条件啊，你有尤里卡的情况下残疫的大招cd被严重稀释收益低的可怕，对面还有人马和塞拉斯两个吸血战士，首先残疫一定要换鬼书，接着风暴肯定是要换的，然后看你队友的玩法，喜欢冲就风暴换推推棒能跟一下，想保杰斯和兔子就风暴换冰杖限制人马进场,没有进场条件就创造进场条件啊，你有尤里卡的情况下残疫的大招cd被严重稀释收益低的可怕，对面还有人马和塞拉斯两个吸血战士，首先残疫一定要换鬼书，接着风暴肯定是要换的，然后看你队友的玩法，喜欢冲就风暴换推推棒能跟一下，想保杰斯和兔子就风暴换冰杖限制人马进场,migrated_from_legacy_clean
TIEBA_0007,Tieba,7,w1,team_interaction,op_context,,你们有没有碰到过对面特别怂的，也不说话，就5个人站一塔后面，然后你拆完一塔他们就到二塔后面，一直到你拆门牙，他们才有点反抗，而且基本上也是一个一个送，问他们也没人回答。我大概碰到过两三次了，查对手战绩基本全是输的，而且几乎都是这种局,你们有没有碰到过对面特别怂的，也不说话，就5个人站一塔后面，然后你拆完一塔他们就到二塔后面，一直到你拆门牙，他们才有点反抗，而且基本上也是一个一个送，问他们也没人回答。我大概碰到过两三次了，查对手战绩基本全是输的，而且几乎都是这种局,migrated_from_legacy_clean
TIEBA_0008,Tieba,8,w1,team_interaction,recent_reply,,不必多说，你的出装和打法肯定是有问题的。但是兔子洛蔚都能开团，你在后面放r放q，让他们开团其实也随便赢。五黑娱乐为主，打完了还在吵完全没必要吧。我一般单排就玩下等娱乐英雄混，和朋友开黑就玩强力英雄尽量赢。他们如果和你的交流是游戏层面的那就正常聊，如果你感觉到了游戏以外内容的恶意，那就没必要一起玩了。,不必多说，你的出装和打法肯定是有问题的。但是兔子洛蔚都能开团，你在后面放r放q，让他们开团其实也随便赢。五黑娱乐为主，打完了还在吵完全没必要吧。我一般单排就玩下等娱乐英雄混，和朋友开黑就玩强力英雄尽量赢。他们如果和你的交流是游戏层面的那就正常聊，如果你感觉到了游戏以外内容的恶意，那就没必要一起玩了。,migrated_from_legacy_clean
TIEBA_0009,Tieba,9,w1,team_interaction,op_context,,首先是因为没带雪球先跟大家道个歉，如果带了雪球我就能过去和对面爆了。事情经过是八分钟的时候，提莫十一级随机到尤里卡，接着过了两分钟后我也选到了尤里卡，加上我第一个海克斯是超凡邪恶，在我的大招时间小于复活时间后，帖主决定在家一直丢r，压提莫状态，等提莫死了再考虑往前推（后面会讲我是为什么这么想的），但是队友没有去守反而是一直在人少和状态不好的时候试图去开对面，结果也是输了。11级随到尤里卡的时候有和朋友说有尤里卡也有超凡邪恶可以在家一直开大这个玩法（是五排的），但是输了后才指责我说这个玩法一把游戏全是错误，而且被说成有了尤里卡后就一直在挂机，但是那个时候大招cd还有九十多秒，并没有从那个时候就开始挂机。,首先是因为没带雪球先跟大家道个歉，如果带了雪球我就能过去和对面爆了。事情经过是八分钟的时候，提莫十一级随机到尤里卡，接着过了两分钟后我也选到了尤里卡，加上我第一个海克斯是超凡邪恶，在我的大招时间小于复活时间后，帖主决定在家一直丢r，压提莫状态，等提莫死了再考虑往前推（后面会讲我是为什么这么想的），但是队友没有去守反而是一直在人少和状态不好的时候试图去开对面，结果也是输了。11级随到尤里卡的时候有和朋友说有尤里卡也有超凡邪恶可以在家一直开大这个玩法（是五排的），但是输了后才指责我说这个玩法一把游戏全是错误，而且被说成有了尤里卡后就一直在挂机，但是那个时候大招cd还有九十多秒，并没有从那个时候就开始挂机。,migrated_from_legacy_clean
TIEBA_0010,Tieba,10,w1,balance_mechanic,recent_reply,,至于为什么大招时间小于复活时间后再开始挂，不出来和对面换血叠超凡邪恶，其实也是因为忘记换雪球了，然后想了一下，觉得出来死了只有五秒的被动清半波线，收益不如再等一波大消耗对面血量，当时的法强已经1100了，cd是400，在挂着之前是正常的上去换血和清兵的,至于为什么大招时间小于复活时间后再开始挂，不出来和对面换血叠超凡邪恶，其实也是因为忘记换雪球了，然后想了一下，觉得出来死了只有五秒的被动清半波线，收益不如再等一波大消耗对面血量，当时的法强已经1100了，cd是400，在挂着之前是正常的上去换血和清兵的,migrated_from_legacy_clean
TIEBA_0011,Tieba,11,w1,balance_mechanic,op_context,,我说的不是登场率，是这个英雄在池子里概率都特别低。我比较喜欢玩吸血鬼，但是连续50把没玩到，人麻了。像别的英雄剑圣，龙龟，vn，龙女真的玩了一晚上4个小时都看到好几次了。真不是幸存者偏差，也不是买的人少，这周还是周免。,我说的不是登场率，是这个英雄在池子里概率都特别低。我比较喜欢玩吸血鬼，但是连续50把没玩到，人麻了。像别的英雄剑圣，龙龟，vn，龙女真的玩了一晚上4个小时都看到好几次了。真不是幸存者偏差，也不是买的人少，这周还是周免。,migrated_from_legacy_clean
TIEBA_0012,Tieba,12,w1,hero_experience,recent_reply,,问题是很多人各种花式送死完全没有什么快乐可言，输赢确实没那么重要，但你得玩的爽，即没伤害秒人也肉不起来挨打，更没有控制折磨对手，不知道那些人玩的什么意思,问题是很多人各种花式送死完全没有什么快乐可言，输赢确实没那么重要，但你得玩的爽，即没伤害秒人也肉不起来挨打，更没有控制折磨对手，不知道那些人玩的什么意思,migrated_from_legacy_clean
TIEBA_0013,Tieba,13,w2,balance_mechanic,recent_reply,,从理论上来讲，天使就不应该能刷出亮剑，毕竟3级是近战英雄。海斗第一个版本，亮剑天使被动的加攻击距离能吃到，完全没有负面效果。现在这样算是专属削弱吧，但其实天使的池子里就不该有亮剑。,从理论上来讲，天使就不应该能刷出亮剑，毕竟3级是近战英雄。海斗第一个版本，亮剑天使被动的加攻击距离能吃到，完全没有负面效果。现在这样算是专属削弱吧，但其实天使的池子里就不该有亮剑。,migrated_from_legacy_clean
TIEBA_0014,Tieba,14,w2,team_interaction,op_context,,海斗在队友已经选出了莎弥拉的情况下，还能硬选两个射手？把队友逼的为了防止3射手放弃莎弥拉，结果一个玩AP卡莎，一个被虐到超鬼直接挂机，马服玩家对射手就真的执着吗？人人都梦想着自己是UZI，结果都是一群猪比，说到底马服玩家素质这么低，无团队概念，纯自我的废,海斗在队友已经选出了莎弥拉的情况下，还能硬选两个射手？把队友逼的为了防止3射手放弃莎弥拉，结果一个玩AP卡莎，一个被虐到超鬼直接挂机，马服玩家对射手就真的执着吗？人人都梦想着自己是UZI，结果都是一群猪比，说到底马服玩家素质这么低，无团队概念，纯自我的废,migrated_from_legacy_clean
TIEBA_0015,Tieba,15,w2,balance_mechanic,op_context,,海斗玩了把天使，第二个彩遇到了亮剑。这个时候我看了眼天使被动技能“16级:将你的攻击距离提升至625。”于是我就想着科研一下，先用亮剑减攻击距离，然后16级提升到625。结果诗山代码根本不支持我这个选择，到了16级估计距离一点没变，最恶心的是我一看破败怎么又变成了远程收益，从9%当前生命值减到了6%。好好好，亮剑变成近战你16级又给我变回去了。那我问你我失去的攻击距离谁给我补啊,海斗玩了把天使，第二个彩遇到了亮剑。这个时候我看了眼天使被动技能“16级:将你的攻击距离提升至625。”于是我就想着科研一下，先用亮剑减攻击距离，然后16级提升到625。结果诗山代码根本不支持我这个选择，到了16级估计距离一点没变，最恶心的是我一看破败怎么又变成了远程收益，从9%当前生命值减到了6%。好好好，亮剑变成近战你16级又给我变回去了。那我问你我失去的攻击距离谁给我补啊,migrated_from_legacy_clean
TIEBA_0016,Tieba,16,w2,balance_mechanic,recent_reply,,我玩凯隐选了个小丑学院把雪球换了一开始还正常，变身红凯两个召唤师技能全变成小丑学院但是只有一个能用，直到游戏结束都少了个闪现，同一局队友潘森雪球不能用按了没反应,我玩凯隐选了个小丑学院把雪球换了一开始还正常，变身红凯两个召唤师技能全变成小丑学院但是只有一个能用，直到游戏结束都少了个闪现，同一局队友潘森雪球不能用按了没反应,migrated_from_legacy_clean
TIEBA_0017,Tieba,17,w2,balance_mechanic,recent_reply,,要我说经济海克斯就应该全删了，纯纯的恶心人的，之前那个王中王都删了，策划是冯飞了现在出这么多经济海克斯？老版本还能靠操作赢游戏，现在就是纯看运气，选到天胡海克斯直接1打5不是问题,要我说经济海克斯就应该全删了，纯纯的恶心人的，之前那个王中王都删了，策划是冯飞了现在出这么多经济海克斯？老版本还能靠操作赢游戏，现在就是纯看运气，选到天胡海克斯直接1打5不是问题,migrated_from_legacy_clean
TIEBA_0018,Tieba,18,w2,balance_mechanic,recent_reply,,真不如心之钢版本，上个版本心之钢变态但是互相刚是真的爽，至少是肉搏不是那种缩后面当丢子 而且心之钢也不是没有英雄治，这版本天胡海克斯除非对面比你更天胡不然就是随便1V3 1V4,真不如心之钢版本，上个版本心之钢变态但是互相刚是真的爽，至少是肉搏不是那种缩后面当丢子 而且心之钢也不是没有英雄治，这版本天胡海克斯除非对面比你更天胡不然就是随便1V3 1V4,migrated_from_legacy_clean
TIEBA_0019,Tieba,19,w2,balance_mechanic,op_context,,第一个海克斯出来前不要用掉锻造器兑换券，不然会把第一个海克斯卡掉给你第二个海克斯，血的教训,第一个海克斯出来前不要用掉锻造器兑换券，不然会把第一个海克斯卡掉给你第二个海克斯，血的教训,migrated_from_legacy_clean
TIEBA_0020,Tieba,20,w2,balance_mechanic,op_context,,老版本海克斯天天玩，一个多星期宝典就打到75满级。现在新版是真索然无味，各种丢子怪要么就是抽到经济海克斯直接起飞，坦克就是纯路边，以前的卖鞋海克斯都被删了，现在新版本居然能出这么多经济海克斯，设计师是不是飞叶子飞多了？,老版本海克斯天天玩，一个多星期宝典就打到75满级。现在新版是真索然无味，各种丢子怪要么就是抽到经济海克斯直接起飞，坦克就是纯路边，以前的卖鞋海克斯都被删了，现在新版本居然能出这么多经济海克斯，设计师是不是飞叶子飞多了？,migrated_from_legacy_clean
TIEBA_0021,Tieba,21,w2,balance_mechanic,recent_reply,,选出来先让对方一个彩，前期打架直接劣势，好不容易混到18次参与击杀，结果好多属性是利用不上的，还有一堆debuff，占格子导致后期卖了也亏不卖也没赚多少,选出来先让对方一个彩，前期打架直接劣势，好不容易混到18次参与击杀，结果好多属性是利用不上的，还有一堆debuff，占格子导致后期卖了也亏不卖也没赚多少,migrated_from_legacy_clean
TIEBA_0022,Tieba,22,w2,balance_mechanic,op_context,,要杀18次才能拿到，只能第1个海克斯拿，做出来起码10分钟起步了，前期相当于让1个棱彩在打。而且做出来之后还自带DEBUFF，给自己挂上易伤、重伤、巨牙，幽默完了。,要杀18次才能拿到，只能第1个海克斯拿，做出来起码10分钟起步了，前期相当于让1个棱彩在打。而且做出来之后还自带DEBUFF，给自己挂上易伤、重伤、巨牙，幽默完了。,migrated_from_legacy_clean
TIEBA_0023,Tieba,23,w1,balance_mechanic,recent_reply,,楼主是对的，直接公式出装就行了，要意识到自己是个裂隙触发器，中后期一个裂隙七八百一次大部分法师的小技能都没这么高频的触发伤害，更何况是在原技能的基础上再加这么多。,楼主是对的，直接公式出装就行了，要意识到自己是个裂隙触发器，中后期一个裂隙七八百一次大部分法师的小技能都没这么高频的触发伤害，更何况是在原技能的基础上再加这么多。,migrated_from_legacy_clean
TIEBA_0024,Tieba,24,w1,team_interaction,op_context,,前面我盯着狼母剑姬撞，才没有让他们杀起来，然后我一直给队友说出重伤，结果ez被狼母满血丹砂，回家补了个收集者，我就直接摆了，看队友被剑姬狼母爆杀,前面我盯着狼母剑姬撞，才没有让他们杀起来，然后我一直给队友说出重伤，结果ez被狼母满血丹砂，回家补了个收集者，我就直接摆了，看队友被剑姬狼母爆杀,migrated_from_legacy_clean
TIEBA_0025,Tieba,25,w1,balance_mechanic,recent_reply,,龙王小法一类叠层英雄爱出半肉，小法是赌超凡邪恶和叠角龙，龙王则是感觉法强收益太低，本质还是用星辰打伤害，通常都是眼泪冰杖时光冰甲大天使法穿甲修。vn则喜欢特效半肉，只打三环,龙王小法一类叠层英雄爱出半肉，小法是赌超凡邪恶和叠角龙，龙王则是感觉法强收益太低，本质还是用星辰打伤害，通常都是眼泪冰杖时光冰甲大天使法穿甲修。vn则喜欢特效半肉，只打三环,migrated_from_legacy_clean
TIEBA_0026,Tieba,26,w1,balance_mechanic,recent_reply,,玩瑞兹眼泪出门时光杖，然后冰甲+大天使，我感觉冰甲根据蓝加血和瑞兹特别配，大天使7.5冰甲4.5，如果做大天使，我就感觉之前叠的亏了，所以先做冰甲，后面补帽子制造者,玩瑞兹眼泪出门时光杖，然后冰甲+大天使，我感觉冰甲根据蓝加血和瑞兹特别配，大天使7.5冰甲4.5，如果做大天使，我就感觉之前叠的亏了，所以先做冰甲，后面补帽子制造者,migrated_from_legacy_clean
TIEBA_0027,Tieba,27,w1,balance_mechanic,recent_reply,,虚空裂隙和辣椒油本质都是前中期海克斯，到后期你的伤害或回血有瓶颈，没法和法爆、亮剑、飞升踢、骰子锻体等比较的，所以越早推完越好,虚空裂隙和辣椒油本质都是前中期海克斯，到后期你的伤害或回血有瓶颈，没法和法爆、亮剑、飞升踢、骰子锻体等比较的，所以越早推完越好,migrated_from_legacy_clean
TIEBA_0028,Tieba,28,w1,balance_mechanic,op_context,,既然输出这么不重要以后就别统计了，只显示kda不就行了，大家就比谁死的少吧,既然输出这么不重要以后就别统计了，只显示kda不就行了，大家就比谁死的少吧,migrated_from_legacy_clean
TIEBA_0029,Tieba,29,w1,team_interaction,recent_reply,,不纠结这些，怎么彰显自己的不同？对我来说。你爱出什么，爱玩什么，管我吊事。你摆我也摆，你C我就混，你努力我也不介意C一把。自己能玩开心，比啥都重要,不纠结这些，怎么彰显自己的不同？对我来说。你爱出什么，爱玩什么，管我吊事。你摆我也摆，你C我就混，你努力我也不介意C一把。自己能玩开心，比啥都重要,migrated_from_legacy_clean
TIEBA_0030,Tieba,30,w1,hero_experience,recent_reply,,我普斗大部分时候玩AD，玩海斗AD能不拿就不拿,我普斗大部分时候玩AD，玩海斗AD能不拿就不拿,migrated_from_legacy_clean
TIEBA_0031,Tieba,31,w1,fairness_attribution,recent_reply,,承伤比亚索都高 说明这瑞兹一直在前边顶着给你创造输出空间 没有由心及物跟你一样也是个脆皮 一直在前排顶着还只死两次 这瑞兹可以了,承伤比亚索都高 说明这瑞兹一直在前边顶着给你创造输出空间 没有由心及物跟你一样也是个脆皮 一直在前排顶着还只死两次 这瑞兹可以了,migrated_from_legacy_clean
TIEBA_0032,Tieba,32,w1,fairness_attribution,recent_reply,,奥巴马这都能9.5分，幽默完了,奥巴马这都能9.5分，幽默完了,migrated_from_legacy_clean
TIEBA_0033,Tieba,33,w1,fairness_attribution,recent_reply,,人家抗伤和回血也高，评分比你高很正常,人家抗伤和回血也高，评分比你高很正常,migrated_from_legacy_clean
TIEBA_0034,Tieba,34,w1,balance_mechanic,recent_reply,,光头特别好刷评分，不知道为什么,光头特别好刷评分，不知道为什么,migrated_from_legacy_clean
TIEBA_0035,Tieba,35,w1,fairness_attribution,recent_reply,,这评分就不公平，前排玩的再好也很难拿，因为死的太多了,这评分就不公平，前排玩的再好也很难拿，因为死的太多了,migrated_from_legacy_clean
TIEBA_0036,Tieba,36,w1,balance_mechanic,recent_reply,,额额，论kda怎么把卢锡安忽略掉了啊,额额，论kda怎么把卢锡安忽略掉了啊,migrated_from_legacy_clean
TIEBA_0037,Tieba,37,w1,balance_mechanic,recent_reply,,很久以前结算界面就是没显示的🥲,很久以前结算界面就是没显示的🥲,migrated_from_legacy_clean
TIEBA_0038,Tieba,38,w1,fairness_attribution,recent_reply,,你kd是7，瑞天帝是8.5，肯定是他mvp，除非你有金币雨羁绊，经理领先可能是你mvp,你kd是7，瑞天帝是8.5，肯定是他mvp，除非你有金币雨羁绊，经理领先可能是你mvp,migrated_from_legacy_clean
TIEBA_0039,Tieba,39,w1,balance_mechanic,recent_reply,,拿不到虚空裂隙或者无限循环往复这类的海克斯，吸血鬼就是弟中弟。在金银局里和提莫小火龙坐一桌，前期一点用没有，后期勉强算个人,拿不到虚空裂隙或者无限循环往复这类的海克斯，吸血鬼就是弟中弟。在金银局里和提莫小火龙坐一桌，前期一点用没有，后期勉强算个人,migrated_from_legacy_clean
TIEBA_0040,Tieba,40,w1,balance_mechanic,recent_reply,,然后还是没带雪球的问题，中后期开始摸不到对面人了，有船长的e提莫的大还有莫甘娜，过去死了直接罚站了，所以才开始考虑在家挂着丢大的事,然后还是没带雪球的问题，中后期开始摸不到对面人了，有船长的e提莫的大还有莫甘娜，过去死了直接罚站了，所以才开始考虑在家挂着丢大的事,migrated_from_legacy_clean
TIEBA_0041,Tieba,41,w1,team_interaction,recent_reply,,昨天碰到一把，一塔二塔直接放，推到水晶才稍微反抗一下，出去一查全是隐藏战绩,昨天碰到一把，一塔二塔直接放，推到水晶才稍微反抗一下，出去一查全是隐藏战绩,migrated_from_legacy_clean
TIEBA_0042,Tieba,42,w1,hero_experience,recent_reply,,吸血鬼的强度在于w的冷却，不好度过前期，到后期该打不过的还是打不过,吸血鬼的强度在于w的冷却，不好度过前期，到后期该打不过的还是打不过,migrated_from_legacy_clean
TIEBA_0043,Tieba,43,w1,balance_mechanic,recent_reply,,需求高法强cd移速 法穿 啥玩意都要,需求高法强cd移速 法穿 啥玩意都要,migrated_from_legacy_clean
TIEBA_0044,Tieba,44,w1,team_interaction,recent_reply,,因为这是5v5游戏，真只顾着自己玩单机不好吗，按你的说法，你让我不爽了我喷你你也得受着,因为这是5v5游戏，真只顾着自己玩单机不好吗，按你的说法，你让我不爽了我喷你你也得受着,migrated_from_legacy_clean
TIEBA_0045,Tieba,45,w1,balance_mechanic,recent_reply,,一个绿穿和红穿就能看出一堆问题,一个绿穿和红穿就能看出一堆问题,migrated_from_legacy_clean
TIEBA_0046,Tieba,46,w1,balance_mechanic,recent_reply,,两件蓝量装的石头人也好意思说别人，对面至少3个战士，出点魔抗不知道你出ap有啥用，大招打得掉血吗,两件蓝量装的石头人也好意思说别人，对面至少3个战士，出点魔抗不知道你出ap有啥用，大招打得掉血吗,migrated_from_legacy_clean
TIEBA_0047,Tieba,47,w1,balance_mechanic,recent_reply,,基数大智障不就多 加上胡了还有elo只要你不是ap出ad这种蠢到家都可以乱杀 能指望有几个正常人,基数大智障不就多 加上胡了还有elo只要你不是ap出ad这种蠢到家都可以乱杀 能指望有几个正常人,migrated_from_legacy_clean
TIEBA_0048,Tieba,48,w1,team_interaction,recent_reply,,我遇到过，我AD一个人在塔下点兵，四个人全站塔后面，糯了一整局，纯糯手只会忍气吞声,我遇到过，我AD一个人在塔下点兵，四个人全站塔后面，糯了一整局，纯糯手只会忍气吞声,migrated_from_legacy_clean
TIEBA_0049,Tieba,49,w1,balance_mechanic,recent_reply,,工作室挂脚本刷号呢，刷好了卖给别人炸鱼,工作室挂脚本刷号呢，刷好了卖给别人炸鱼,migrated_from_legacy_clean
TIEBA_0050,Tieba,50,w1,balance_mechanic,recent_reply,,随便查了一个人的战绩，31级，97把人机，破案了，刷负的脚本车队,随便查了一个人的战绩，31级，97把人机，破案了，刷负的脚本车队,migrated_from_legacy_clean
TIEBA_0051,Tieba,51,w1,team_interaction,recent_reply,,刚好5个抖M+怂货碰一起了吧，我昨天也遇到这种队伍，对面有个拉克丝可以清线，打了20分钟才推完，太不激情了，打完直接睡觉了,刚好5个抖M+怂货碰一起了吧，我昨天也遇到这种队伍，对面有个拉克丝可以清线，打了20分钟才推完，太不激情了，打完直接睡觉了,migrated_from_legacy_clean
TIEBA_0052,Tieba,52,w1,balance_mechanic,recent_reply,,玩法师总爱开局挂个眼泪，然后第二件直接出影焰，眼泪后面不着急和，看能不能出物转法，当提前叠了,玩法师总爱开局挂个眼泪，然后第二件直接出影焰，眼泪后面不着急和，看能不能出物转法，当提前叠了,migrated_from_legacy_clean
TIEBA_0053,Tieba,53,w1,balance_mechanic,recent_reply,,玩爆发类法师，任何物转法，直接魔切魔宗一起出，因为我自己的理解人魔切本来物转法数值就不低，两个一起出还可以再增强一下，后面的装备大概是法穿影焰帽子风暴狂涌,玩爆发类法师，任何物转法，直接魔切魔宗一起出，因为我自己的理解人魔切本来物转法数值就不低，两个一起出还可以再增强一下，后面的装备大概是法穿影焰帽子风暴狂涌,migrated_from_legacy_clean
TIEBA_0054,Tieba,54,w1,team_interaction,recent_reply,,如何评价绝不做重伤的队友,如何评价绝不做重伤的队友,migrated_from_legacy_clean
TIEBA_0055,Tieba,55,w1,balance_mechanic,recent_reply,,建议把重伤效果移到收集者上，少20点攻击力照样抢着出,建议把重伤效果移到收集者上，少20点攻击力照样抢着出,migrated_from_legacy_clean
TIEBA_0056,Tieba,56,w1,team_interaction,recent_reply,,你做的很对啊，重伤就是要队友做的才香,你做的很对啊，重伤就是要队友做的才香,migrated_from_legacy_clean
TIEBA_0057,Tieba,57,w1,team_interaction,recent_reply,,有可能不做重伤已经是他们最轻的问题了。,有可能不做重伤已经是他们最轻的问题了。,migrated_from_legacy_clean
TIEBA_0058,Tieba,58,w1,team_interaction,recent_reply,,逆天队友看着他们死就好了，不过你们这阵容你玩石头其实出肉会好一点，你们家不缺伤害，缺前排，虽然玩肉会被抽陀螺，但是阵容里面的坦克还是很重要的，尤其是对面偏冲阵,逆天队友看着他们死就好了，不过你们这阵容你玩石头其实出肉会好一点，你们家不缺伤害，缺前排，虽然玩肉会被抽陀螺，但是阵容里面的坦克还是很重要的，尤其是对面偏冲阵,migrated_from_legacy_clean
TIEBA_0059,Tieba,59,w1,balance_mechanic,recent_reply,,基本上不出鞋，无论什么英雄，之前我都出鞋假装自己六神直接锻体，到现在感觉装备栏不够，所以不出鞋子,基本上不出鞋，无论什么英雄，之前我都出鞋假装自己六神直接锻体，到现在感觉装备栏不够，所以不出鞋子,migrated_from_legacy_clean
TIEBA_0060,Tieba,60,w1,balance_mechanic,recent_reply,,目前不是很想出守护者，除了法师会出那个法球，因为刺客战士出守护者无法合成狂妄，坦克直接心之刚，做守护者感觉没什么用,目前不是很想出守护者，除了法师会出那个法球，因为刺客战士出守护者无法合成狂妄，坦克直接心之刚，做守护者感觉没什么用,migrated_from_legacy_clean
TIEBA_0061,Tieba,61,w1,balance_mechanic,recent_reply,,能不能来个神人解释一下为什么小火龙要出面具，我真挺好奇小火龙出面具是谁教的,能不能来个神人解释一下为什么小火龙要出面具，我真挺好奇小火龙出面具是谁教的,migrated_from_legacy_clean
TIEBA_0062,Tieba,62,w1,balance_mechanic,recent_reply,,最经典的就是没格子出穿透,最经典的就是没格子出穿透,migrated_from_legacy_clean
TIEBA_0063,Tieba,63,w1,balance_mechanic,recent_reply,,为什么不出绿穿，锯子直接换青龙刀,为什么不出绿穿，锯子直接换青龙刀,migrated_from_legacy_clean
TIEBA_0064,Tieba,64,w1,team_interaction,op_context,,先不说玩家蠢不蠢的问题，感觉跟他们玩的不是一个游戏。本人砖二，出装问题我都懒得吐槽了，就是思路和游戏理解严重有问题。屏蔽战绩的算怂的，都是一堆白银青铜的。说真的，不如高级人机。我当年白银的时候也没这么捞吧，吓人。,先不说玩家蠢不蠢的问题，感觉跟他们玩的不是一个游戏。本人砖二，出装问题我都懒得吐槽了，就是思路和游戏理解严重有问题。屏蔽战绩的算怂的，都是一堆白银青铜的。说真的，不如高级人机。我当年白银的时候也没这么捞吧，吓人。,migrated_from_legacy_clean
TIEBA_0065,Tieba,65,w1,team_interaction,recent_reply,,残意换火炬，风暴换小鬼书，多的钱开锻，你家甚至没人出重伤，全是自私鬼，输得不怨。,残意换火炬，风暴换小鬼书，多的钱开锻，你家甚至没人出重伤，全是自私鬼，输得不怨。,migrated_from_legacy_clean
TIEBA_0066,Tieba,66,w1,balance_mechanic,recent_reply,,就是想问一下大家，如果真的没有带雪球进来打这把对局，是否还有更优解，批评和建议都会接受,就是想问一下大家，如果真的没有带雪球进来打这把对局，是否还有更优解，批评和建议都会接受,migrated_from_legacy_clean
TIEBA_0067,Tieba,67,w1,team_interaction,recent_reply,,你被孤立了吗？你是有点小问题但这把你们除了洛谁有资格说你,你被孤立了吗？你是有点小问题但这把你们除了洛谁有资格说你,migrated_from_legacy_clean
TIEBA_0068,Tieba,68,w1,team_interaction,recent_reply,,查一下是不是新号，是就应该是脚本号,查一下是不是新号，是就应该是脚本号,migrated_from_legacy_clean
TIEBA_0069,Tieba,69,w1,hero_experience,op_context,,我总结了一下我海克斯大乱斗的习惯，各位锐评一下那些是好习惯，那些是坏习惯，因为我不会看阵容，所以一下基本上都是一贯思维。,我总结了一下我海克斯大乱斗的习惯，各位锐评一下那些是好习惯，那些是坏习惯，因为我不会看阵容，所以一下基本上都是一贯思维。,migrated_from_legacy_clean
TIEBA_0070,Tieba,70,w1,hero_experience,recent_reply,,下等英雄罢了，出现概率低不是好事？我也玩吸血鬼，但是海斗里面他就算是唯一的ap我都不会去拿,下等英雄罢了，出现概率低不是好事？我也玩吸血鬼，但是海斗里面他就算是唯一的ap我都不会去拿,migrated_from_legacy_clean
TIEBA_0071,Tieba,71,w1,hero_experience,recent_reply,,吸血鬼只有虚空裂隙能玩吧,吸血鬼只有虚空裂隙能玩吧,migrated_from_legacy_clean
TIEBA_0072,Tieba,72,w1,hero_experience,recent_reply,,我玩过两把吸血鬼，再也不想选了，不知道要多胡才能当个正常英雄,我玩过两把吸血鬼，再也不想选了，不知道要多胡才能当个正常英雄,migrated_from_legacy_clean
TIEBA_0073,Tieba,73,w1,balance_mechanic,recent_reply,,下等英雄出现少点别污染池子多好，我还特别喜欢玩卡牌呢，结果一直不出,下等英雄出现少点别污染池子多好，我还特别喜欢玩卡牌呢，结果一直不出,migrated_from_legacy_clean
TIEBA_0074,Tieba,74,w1,team_interaction,recent_reply,,因为不是单机游戏，你爱咋玩咋玩，人家爱挂你爱喷你你就受着，你爽了别人不爽可不得骂你？毕竟手在你身上，嘴在别人身上，大家都有光明的未来,因为不是单机游戏，你爱咋玩咋玩，人家爱挂你爱喷你你就受着，你爽了别人不爽可不得骂你？毕竟手在你身上，嘴在别人身上，大家都有光明的未来,migrated_from_legacy_clean
TIEBA_0075,Tieba,75,w1,team_interaction,recent_reply,,对于不会出装的。我一般不理。对于不点的，我只能说，他家里就他一个了,对于不会出装的。我一般不理。对于不点的，我只能说，他家里就他一个了,migrated_from_legacy_clean
TIEBA_0076,Tieba,76,w1,team_interaction,recent_reply,,因为太多不仅瞎选被爆杀，被血虐也死活不点，纯m来的，折磨队友一等一的在行，我也想见识不对火速下一把，但是野排80%的情况做不到,因为太多不仅瞎选被爆杀，被血虐也死活不点，纯m来的，折磨队友一等一的在行，我也想见识不对火速下一把，但是野排80%的情况做不到,migrated_from_legacy_clean
TIEBA_0077,Tieba,77,w2,balance_mechanic,recent_reply,,相当于直接开修改器了，玩两把就腻了,相当于直接开修改器了，玩两把就腻了,migrated_from_legacy_clean
TIEBA_0078,Tieba,78,w2,hero_experience,recent_reply,,无限火力，和我用塞恩和对面泰坦一直对着平a，没有人打扰，我一直低血量勾引，他没有心之钢，打了10分钟，给我来坏了。,无限火力，和我用塞恩和对面泰坦一直对着平a，没有人打扰，我一直低血量勾引，他没有心之钢，打了10分钟，给我来坏了。,migrated_from_legacy_clean
TIEBA_0079,Tieba,79,w2,hero_experience,recent_reply,,到后面我唯一的用处就是去逮捕对面的烬了，一群大肉激情互钢，我俩玩速度与激情，这家伙跑的是真快，要不是我选了根据穿甲加移速的，再开个w，不然完全追不上,到后面我唯一的用处就是去逮捕对面的烬了，一群大肉激情互钢，我俩玩速度与激情，这家伙跑的是真快，要不是我选了根据穿甲加移速的，再开个w，不然完全追不上,migrated_from_legacy_clean
TIEBA_0080,Tieba,80,w2,hero_experience,recent_reply,,玩兰博总给钢化你心，不知道为啥,玩兰博总给钢化你心，不知道为啥,migrated_from_legacy_clean
TIEBA_0081,Tieba,81,w2,team_interaction,recent_reply,,杀了31个头，还没有4人头的伤害高，纯蹭队友局势，队友不愿意养狗所以要点塔，怎么你人头狗不服？,杀了31个头，还没有4人头的伤害高，纯蹭队友局势，队友不愿意养狗所以要点塔，怎么你人头狗不服？,migrated_from_legacy_clean
TIEBA_0082,Tieba,82,w1,balance_mechanic,recent_reply,,珠光无尽给琴女都能qa秒人了,珠光无尽给琴女都能qa秒人了,migrated_from_legacy_clean
TIEBA_0083,Tieba,83,w1,hero_experience,recent_reply,,本来就是垃圾英雄，拿一把天胡局有什么好说的，我就没见这英雄赢过，前中后期全阶段的垃圾，加上一堆神人出装，再选点神人海克斯，更是享受,本来就是垃圾英雄，拿一把天胡局有什么好说的，我就没见这英雄赢过，前中后期全阶段的垃圾，加上一堆神人出装，再选点神人海克斯，更是享受,migrated_from_legacy_clean
TIEBA_0084,Tieba,84,w1,balance_mechanic,recent_reply,,你这胡完了才当上正常人，同海克斯给奥巴马输出占比随便上30,你这胡完了才当上正常人，同海克斯给奥巴马输出占比随便上30,migrated_from_legacy_clean
TIEBA_0085,Tieba,85,w1,team_interaction,recent_reply,,屏蔽战绩的半成通天代打单子，半成挂狗，剩下九成都是菜比和爱互动的菜比,屏蔽战绩的半成通天代打单子，半成挂狗，剩下九成都是菜比和爱互动的菜比,migrated_from_legacy_clean
TIEBA_0086,Tieba,86,w1,team_interaction,recent_reply,,对的，思路和游戏理解问题太严重了，主要还是他们对兵线已经对里少人的情况理解太少,对的，思路和游戏理解问题太严重了，主要还是他们对兵线已经对里少人的情况理解太少,migrated_from_legacy_clean
TIEBA_0087,Tieba,87,w1,team_interaction,recent_reply,,习惯就好 打三把能遇到好几个唐氏儿，有时候真怀疑是不是脚本来刷负胜率的,习惯就好 打三把能遇到好几个唐氏儿，有时候真怀疑是不是脚本来刷负胜率的,migrated_from_legacy_clean
TIEBA_0088,Tieba,88,w1,balance_mechanic,recent_reply,,事实上哪怕到这个有客户端可能性更大的游戏吧里也有七成人根本不了解环境，到现在还在呢ad就得出攻速。接受不了丢丢怪环境ad能不出站撸装还能打肉的更好。,事实上哪怕到这个有客户端可能性更大的游戏吧里也有七成人根本不了解环境，到现在还在呢ad就得出攻速。接受不了丢丢怪环境ad能不出站撸装还能打肉的更好。,migrated_from_legacy_clean
TIEBA_0089,Tieba,89,w1,team_interaction,recent_reply,,这把没问题，反正三k起步了，它们能k能亖老冯，那别怪队友一起k。,这把没问题，反正三k起步了，它们能k能亖老冯，那别怪队友一起k。,migrated_from_legacy_clean
TIEBA_0090,Tieba,90,w1,balance_mechanic,recent_reply,,额，科技枪哪个单位的，不是单体吗，没法跟推推棒无终相提并论啊,额，科技枪哪个单位的，不是单体吗，没法跟推推棒无终相提并论啊,migrated_from_legacy_clean
TIEBA_0091,Tieba,91,w1,hero_experience,recent_reply,,只需要知道自己的定位，就是虚空裂隙触发器，本来打不过的。来了直接质变。后面来了穿针引线隐身过去放个大就赢了。三波后，对面受不了直接点了。我应该装一下的,只需要知道自己的定位，就是虚空裂隙触发器，本来打不过的。来了直接质变。后面来了穿针引线隐身过去放个大就赢了。三波后，对面受不了直接点了。我应该装一下的,migrated_from_legacy_clean
TIEBA_0092,Tieba,92,w1,balance_mechanic,recent_reply,,海克斯优先增伤类海克斯，其次火狐、残忍等能触发特效的海克斯，最后是红包、骰子、金币雨等能锻体的,海克斯优先增伤类海克斯，其次火狐、残忍等能触发特效的海克斯，最后是红包、骰子、金币雨等能锻体的,migrated_from_legacy_clean
TIEBA_0093,Tieba,93,w2,balance_mechanic,recent_reply,,10分钟也太离谱了，18个人头助攻那不就几分钟的事,10分钟也太离谱了，18个人头助攻那不就几分钟的事,migrated_from_legacy_clean
TIEBA_0094,Tieba,94,w2,balance_mechanic,recent_reply,,第一次拿的时候，好做完任务的时候刚好格子满了，直接给我卡没了,第一次拿的时候，好做完任务的时候刚好格子满了，直接给我卡没了,migrated_from_legacy_clean
TIEBA_0095,Tieba,95,w2,balance_mechanic,recent_reply,,k了31个头，伤害倒数第二，死冯了,k了31个头，伤害倒数第二，死冯了,migrated_from_legacy_clean
TIEBA_0096,Tieba,96,w2,balance_mechanic,recent_reply,,除非把自身负面增益都移除才算能选,除非把自身负面增益都移除才算能选,migrated_from_legacy_clean
TIEBA_0097,Tieba,97,w2,balance_mechanic,recent_reply,,10分钟？还得看双方阵容吧，有一把我6级就做出来了。,10分钟？还得看双方阵容吧，有一把我6级就做出来了。,migrated_from_legacy_clean
TIEBA_0098,Tieba,98,w2,balance_mechanic,recent_reply,,adc拿了法转物，再拿了这个，伤害飞起,adc拿了法转物，再拿了这个，伤害飞起,migrated_from_legacy_clean
TIEBA_0099,Tieba,99,w2,balance_mechanic,recent_reply,,这个拉爆了 30%易伤buff还不如玻璃炮,这个拉爆了 30%易伤buff还不如玻璃炮,migrated_from_legacy_clean
TIEBA_0100,Tieba,100,w2,balance_mechanic,recent_reply,,这玩意斗魂里也就是个金而且还是拿来卖钱的，搁海斗不知道为什么给算彩,这玩意斗魂里也就是个金而且还是拿来卖钱的，搁海斗不知道为什么给算彩,migrated_from_legacy_clean
TIEBA_0101,Tieba,101,w2,balance_mechanic,recent_reply,,还有一点，选了亮剑，你开E，也没有远程，攻击范围依然200,还有一点，选了亮剑，你开E，也没有远程，攻击范围依然200,migrated_from_legacy_clean
TIEBA_0102,Tieba,102,w2,team_interaction,recent_reply,,你一个蹭局势的英雄装什么呢？会玩的ad出个布甲鞋后期锻点护甲你这三十多人头都打不过，吸血鬼,你一个蹭局势的英雄装什么呢？会玩的ad出个布甲鞋后期锻点护甲你这三十多人头都打不过，吸血鬼,migrated_from_legacy_clean
TIEBA_0103,Tieba,103,w1,balance_mechanic,recent_reply,,如果真有物转法加法爆其实问题不大，小鱼人q是有ad伤害的，所有属性包括物穿都能吃到，只不过别人看的不舒服再加上玩的唐，而且还有更好的装备可选，比如暴击书补暴击和cd,如果真有物转法加法爆其实问题不大，小鱼人q是有ad伤害的，所有属性包括物穿都能吃到，只不过别人看的不舒服再加上玩的唐，而且还有更好的装备可选，比如暴击书补暴击和cd,migrated_from_legacy_clean
TIEBA_0104,Tieba,104,w1,balance_mechanic,recent_reply,,还有我海克斯是法爆为什么不出法？,还有我海克斯是法爆为什么不出法？,migrated_from_legacy_clean
TIEBA_0105,Tieba,105,w1,balance_mechanic,recent_reply,,只会拉黑的唇沟，q是技能，卡萨丁的w是普攻啊？卡萨丁开w平a也能吃1.0AD加成啊。这你都分不清我懒得跟你解释了。你拿老鼠的AP加成举例，小鱼人有物转法是纯AP然后硬拿10穿甲，你老鼠出AD然后出法穿鞋有用？,只会拉黑的唇沟，q是技能，卡萨丁的w是普攻啊？卡萨丁开w平a也能吃1.0AD加成啊。这你都分不清我懒得跟你解释了。你拿老鼠的AP加成举例，小鱼人有物转法是纯AP然后硬拿10穿甲，你老鼠出AD然后出法穿鞋有用？,migrated_from_legacy_clean
TIEBA_0106,Tieba,106,w1,balance_mechanic,recent_reply,,不过这版本，只要不是小丑、丁真这种触发不了的，或者拉克丝、炸弹人这种debuff的，会玩点虚空裂隙，带个雪球，都能玩的很爽，对面基本都会点,不过这版本，只要不是小丑、丁真这种触发不了的，或者拉克丝、炸弹人这种debuff的，会玩点虚空裂隙，带个雪球，都能玩的很爽，对面基本都会点,migrated_from_legacy_clean
TIEBA_0107,Tieba,107,w1,balance_mechanic,recent_reply,,适配的装备是这样的 强行搭就没必要了,适配的装备是这样的 强行搭就没必要了,migrated_from_legacy_clean
TIEBA_0108,Tieba,108,w1,balance_mechanic,op_context,,这是对虚空裂隙增幅最高的几件装备，根据英雄特性排列组合，出满6件开始锻法穿就行了。,这是对虚空裂隙增幅最高的几件装备，根据英雄特性排列组合，出满6件开始锻法穿就行了。,migrated_from_legacy_clean
TIEBA_0109,Tieba,109,w2,balance_mechanic,recent_reply,,斗魂之前锻体搞得一堆人退游拳头还不长记性,斗魂之前锻体搞得一堆人退游拳头还不长记性,migrated_from_legacy_clean
TIEBA_0110,Tieba,110,w2,balance_mechanic,recent_reply,,亮剑德子很强的，他没出死舞站不住,亮剑德子很强的，他没出死舞站不住,migrated_from_legacy_clean
TIEBA_0111,Tieba,111,w2,balance_mechanic,recent_reply,,喜欢我捐赠海克斯上来就2500给一个大件吗？再加上也够小蛋糕海克斯，别人三件我6神+溢出锻体随便把别人一脚踢死,喜欢我捐赠海克斯上来就2500给一个大件吗？再加上也够小蛋糕海克斯，别人三件我6神+溢出锻体随便把别人一脚踢死,migrated_from_legacy_clean
TIEBA_0112,Tieba,112,w2,hero_experience,recent_reply,,我两天打了三十多把，同学上班直接请假在家打了50把,我两天打了三十多把，同学上班直接请假在家打了50把,migrated_from_legacy_clean
TIEBA_0113,Tieba,113,w2,hero_experience,recent_reply,,一板一眼有点抽象了，火炮破败换穿甲一刀流还行,一板一眼有点抽象了，火炮破败换穿甲一刀流还行,migrated_from_legacy_clean
TIEBA_0114,Tieba,114,w2,balance_mechanic,recent_reply,,这倒不是屎山代码的原因，海斗刚出来的时候可以的，后来因为太强了强行改了,这倒不是屎山代码的原因，海斗刚出来的时候可以的，后来因为太强了强行改了,migrated_from_legacy_clean
TIEBA_0115,Tieba,115,w2,balance_mechanic,recent_reply,,这和屎山代码有啥关系，以前天使拿亮剑还加射程才是bug,这和屎山代码有啥关系，以前天使拿亮剑还加射程才是bug,migrated_from_legacy_clean
TIEBA_0116,Tieba,116,w2,balance_mechanic,recent_reply,,选了一板一眼后再选潘多拉一板一眼的攻击力会消失但攻速不会返还,选了一板一眼后再选潘多拉一板一眼的攻击力会消失但攻速不会返还,migrated_from_legacy_clean
TIEBA_0117,Tieba,117,w2,balance_mechanic,recent_reply,,有一说一，这金克丝更坑，第一件收集者，收集啥呢，输出也没别人高。还有海克斯大乱斗不是娱乐模式吗，这还指教呢,有一说一，这金克丝更坑，第一件收集者，收集啥呢，输出也没别人高。还有海克斯大乱斗不是娱乐模式吗，这还指教呢,migrated_from_legacy_clean
TIEBA_0118,Tieba,118,w2,balance_mechanic,recent_reply,,而且别人在3ad输出的情况下出ap也没毛病的吧,而且别人在3ad输出的情况下出ap也没毛病的吧,migrated_from_legacy_clean
TIEBA_0119,Tieba,119,w2,balance_mechanic,recent_reply,,到15级才发现少个海克斯,到15级才发现少个海克斯,migrated_from_legacy_clean
TIEBA_0120,Tieba,120,w2,hero_experience,op_context,,没有对胜利的向往，只有对叠钢的渴望，从上线打到结束，没有一分钟是和平的，打完了我脑子里都是心之钢的声音,没有对胜利的向往，只有对叠钢的渴望，从上线打到结束，没有一分钟是和平的，打完了我脑子里都是心之钢的声音,migrated_from_legacy_clean
